timestamp,losses_mw,vm_mean,vm_min,vm_max,voltage_deviation_pu,max_line_loading,n_overloaded_lines,n_voltage_violations,total_load_mw,converged,total_gen_mw,ev_soc_mean,ev_p_total
2019-01-01 00:00:00+00:00,19.60335756167848,1.0400766938647172,0.982,1.0710433643911754,0.041958745146768436,0.9470759081317536,0,15,4207.2643268392085,True,2673.302662475884,0.5,0.0
2019-01-01 01:00:00+00:00,19.197387851519025,1.0407282999058647,0.982,1.0722865972299263,0.04261035118791604,0.9540537689303985,0,15,4058.7755091979243,True,2505.4437020329483,0.5,0.0
2019-01-01 02:00:00+00:00,20.544995337377756,1.0411059311224182,0.982,1.0726183645508287,0.0429879824044696,1.0186383408894122,1,15,3939.2702026693996,True,2302.4462812652782,0.5,0.0
2019-01-01 03:00:00+00:00,22.818201936661186,1.0405919328610262,0.982,1.0721414562100096,0.04247398414307736,1.094751972706862,2,15,3936.577810614589,True,2181.5047852413527,0.5,0.0
2019-01-01 04:00:00+00:00,24.68236784265584,1.0403863764591588,0.982,1.0712669154720478,0.04226842774121009,1.1604104991972282,2,15,3909.7613648816036,True,2074.956655400909,0.5,0.0
2019-01-01 05:00:00+00:00,26.376428258360242,1.0402984015554066,0.982,1.0707656387526285,0.04218045283745789,1.2165044360209518,2,15,3860.679846758464,True,1952.2115625114254,0.5,0.0
2019-01-01 06:00:00+00:00,27.896760053092365,1.0396494956161395,0.982,1.0697268897255576,0.04153154689819062,1.256556971861845,2,15,3918.997314029536,True,1953.7844350380692,0.5,0.0
2019-01-01 07:00:00+00:00,29.75349441129279,1.03899367751513,0.982,1.0683472613009328,0.04087572879718108,1.310347213989991,2,13,3962.4923308867706,True,1900.7422191321311,0.5,0.0
2019-01-01 08:00:00+00:00,32.64183833727457,1.0371090453180518,0.982,1.0658714696455514,0.038991096600103144,1.390158375952593,3,10,4243.3075273418435,True,1881.871889347557,0.5,0.0
2019-01-01 09:00:00+00:00,44.22309393542588,1.0335704299064048,0.982,1.061806241293175,0.035536490836178866,1.6193173672839458,3,6,4489.850944385337,True,1552.4486508165153,0.5,0.0
2019-01-01 10:00:00+00:00,61.06897053641683,1.028339209122577,0.982,1.056693574011416,0.030460837612323148,1.9527286776853578,3,5,4791.043461155995,True,1283.7310288563356,0.5,0.0
2019-01-01 11:00:00+00:00,64.06915588188116,1.0266215474841145,0.982,1.0556309990096586,0.02879946890021202,2.0247122931224455,3,4,4977.9638378007885,True,1345.0383929417887,0.5,0.0
2019-01-01 12:00:00+00:00,62.03494331661095,1.0272589400184937,0.982,1.0563459701427695,0.02941914230066721,1.9354759271202426,3,5,4938.223261992779,True,1416.2174340818337,0.5,0.0
2019-01-01 13:00:00+00:00,51.39903347227204,1.029365565913245,0.982,1.0589243703876277,0.03146018680355872,1.7305516988596632,3,5,4913.129811627016,True,1817.7571089533426,0.5,0.0
2019-01-01 14:00:00+00:00,42.12010407371847,1.0307068795831555,0.982,1.060748728717638,0.03275231116186211,1.540595781765976,3,5,4934.108528392197,True,2386.9903228472012,0.5,0.0
2019-01-01 15:00:00+00:00,42.01783069082817,1.02936346540162,0.982,1.0595292335821342,0.03142559807068293,1.4960057194072862,2,5,5111.530284756181,True,2771.467877984771,0.5,0.0
2019-01-01 16:00:00+00:00,44.72111241211353,1.0269338739322666,0.982,1.0570914306981656,0.029070176435294564,1.5176310088340692,2,5,5431.9481214181405,True,3071.837415812992,0.5,0.0
2019-01-01 17:00:00+00:00,45.10782425731873,1.0264051776288312,0.982,1.056797321851699,0.028571691004605413,1.5155254386251908,2,5,5490.714626617992,True,3132.1758936761053,0.5,0.0
2019-01-01 18:00:00+00:00,43.42965334591103,1.0268901800824308,0.982,1.0579000905995148,0.02905001302994922,1.4852593687526463,2,5,5435.7908000543475,True,3095.099508633506,0.5,0.0
2019-01-01 19:00:00+00:00,42.24333119896638,1.0283972271967807,0.982,1.0597426881686831,0.03050951404916618,1.479580257383906,2,5,5220.000495887898,True,2879.4329074332727,0.5,0.0
2019-01-01 20:00:00+00:00,41.5067614166605,1.0298165487571904,0.982,1.061036176531896,0.031891615524540666,1.4725001955434878,2,6,5036.750214307851,True,2722.270379849327,0.5,0.0
2019-01-01 21:00:00+00:00,39.23945179163521,1.0309759888332994,0.982,1.0617991232123207,0.03300554296568733,1.4340650217449393,2,6,4951.751984769671,True,2693.6440601208596,0.5,0.0
2019-01-01 22:00:00+00:00,37.55965841423922,1.0330732543856573,0.982,1.0636333305774388,0.03502164765803407,1.422645520881332,2,8,4676.284484249464,True,2439.14148606393,0.5,0.0
2019-01-01 23:00:00+00:00,33.53871096877662,1.0350546694820126,0.982,1.0655040334075454,0.036945897416822054,1.3410676770088024,2,8,4500.289559006105,True,2375.343555716022,0.5,0.0
2019-01-02 00:00:00+00:00,31.268839751734298,1.036185151173769,0.982,1.066732784753925,0.03806720245582011,1.300874638351363,2,9,4338.148452994334,True,2270.3203836956154,0.5,0.0
2019-01-02 01:00:00+00:00,30.279109872697703,1.03661574319284,0.982,1.0675312181267462,0.0384977944748914,1.2755349706658299,2,10,4290.202786760663,True,2255.1961119771418,0.5,0.0
2019-01-02 02:00:00+00:00,30.469705269203136,1.036899091410761,0.982,1.0675013327150418,0.038783012407242023,1.2725108881680287,2,10,4254.002932933427,True,2251.75033497208,0.5,0.0
2019-01-02 03:00:00+00:00,31.190391347460753,1.0357751113931095,0.982,1.0665434315832774,0.037689806007769965,1.2749810285003524,2,8,4428.664898711964,True,2403.739681208229,0.5,0.0
2019-01-02 04:00:00+00:00,34.24437994653433,1.0334640925398415,0.982,1.0642964945919349,0.03545784869782463,1.3224087962739215,2,8,4716.317473786792,True,2627.0735246884433,0.5,0.0
2019-01-02 05:00:00+00:00,38.21882458434324,1.0290471438073434,0.982,1.0602786028306797,0.031184354870431814,1.354852201324782,2,6,5304.592949211314,True,3149.704967219989,0.5,0.0
2019-01-02 06:00:00+00:00,41.62632007887208,1.0251531739123048,0.982,1.0562540315796909,0.02758082889800247,1.3586879295423466,2,5,5849.02441503919,True,3686.6270525868813,0.5,0.0
2019-01-02 07:00:00+00:00,42.61346162134266,1.0232873411755583,0.982,1.0539388417261375,0.026160045183769798,1.3334132322413565,2,3,6177.309075355394,True,4022.916857923026,0.5,0.0
2019-01-02 08:00:00+00:00,49.73581707282546,1.0219199955192517,0.982,1.0528388404401476,0.02490364003536673,1.5813837173348029,3,2,6378.660302019243,True,3403.9826549829,0.5,0.0
2019-01-02 09:00:00+00:00,100.16420286715822,1.0098249020681167,0.9768247689768433,1.0456788964722288,0.019396753079323932,2.7648728514235152,3,0,6523.337805587276,True,1895.648391883704,0.5,0.0
2019-01-02 10:00:00+00:00,135.5449339799267,1.0004924353574816,0.9609620370515275,1.04,0.023018052856493006,3.4910719766550757,4,0,6641.470777886624,True,799.6920117680708,0.5,0.0
2019-01-02 11:00:00+00:00,137.44049380114168,0.9998494739808993,0.9597752665080204,1.0400000000000003,0.02351070225587084,3.5372451895906094,4,0,6675.893677950953,True,805.0298615955686,0.5,0.0
2019-01-02 12:00:00+00:00,131.82784448858393,1.0017302153564023,0.9633379761696338,1.0410891737174037,0.02234185640685274,3.4596166679823477,3,0,6591.812293989571,True,791.0090738872233,0.5,0.0
2019-01-02 13:00:00+00:00,93.60643204340843,1.0121781309612323,0.981320534830838,1.0471203829265554,0.01975725153604574,2.73588258381646,2,0,6427.415835258569,True,1898.9537690305037,0.5,0.0
2019-01-02 14:00:00+00:00,39.57030278485702,1.0240454938888617,0.982,1.0538488631521252,0.02660322877836988,1.329928901563677,2,3,6430.974373176506,True,3796.135499059459,0.5,0.0
2019-01-02 15:00:00+00:00,36.845561829302916,1.0229081601968482,0.982,1.0521674611145115,0.026035238039308857,0.9777056546045698,0,3,6521.034900054082,True,4909.319278173265,0.5,0.0
2019-01-02 16:00:00+00:00,40.33926748199407,1.0194891673265967,0.982,1.0492426979176854,0.024186844940720403,0.9357755767480247,0,0,6914.397851453557,True,5426.748777824852,0.5,0.0
2019-01-02 17:00:00+00:00,39.55228067213969,1.019716264937987,0.982,1.0491948752473785,0.024286553052347844,0.890388096117334,0,0,6904.112281465346,True,5530.584138244317,0.5,0.0
2019-01-02 18:00:00+00:00,37.000783669620446,1.021578023146313,0.982,1.0505988636219794,0.02518051479521543,0.8629099355501696,0,3,6696.924103780704,True,5430.574662463565,0.5,0.0
2019-01-02 19:00:00+00:00,33.07222312280824,1.0245507467128312,0.982,1.0535074128136437,0.02723058341146712,0.8251171087174186,0,5,6345.085200151771,True,5177.800125174979,0.5,0.0
2019-01-02 20:00:00+00:00,30.145980807968854,1.0270299268907646,0.982,1.0563986580494154,0.029265036227583214,0.7913071482536839,0,5,6051.006769991158,True,4967.506638873433,0.5,0.0
2019-01-02 21:00:00+00:00,27.993049917578833,1.0287668400029604,0.982,1.0582901416646378,0.030939051857489058,0.7611009161683195,0,6,5848.673425541228,True,4837.62941293167,0.5,0.0
2019-01-02 22:00:00+00:00,24.097414328843453,1.0322717131472727,0.982,1.0625383386853227,0.034337275372222024,0.7062437300397323,0,7,5417.942579556256,True,4480.419177431223,0.5,0.0
2019-01-02 23:00:00+00:00,21.097036952426635,1.0349577312101967,0.982,1.0657367013767252,0.036924818618483735,0.6697158536888195,0,8,5077.289280924807,True,4152.485802801653,0.5,0.0
2019-01-03 00:00:00+00:00,19.87852223300424,1.035864217687819,0.982,1.066818043691297,0.037810207129032866,0.6490889198064075,0,10,4943.070856528018,True,4013.8673741207845,0.5,0.0
2019-01-03 01:00:00+00:00,19.360483421404194,1.0361683272334863,0.982,1.0673950184602494,0.03810625835133213,0.6395654247318572,0,10,4885.027246097717,True,3983.377691625835,0.5,0.0
2019-01-03 02:00:00+00:00,19.126071679816828,1.036329148502258,0.982,1.0675555990922385,0.03826207688480408,0.6380489146980963,0,10,4860.218182232249,True,3929.950338530197,0.5,0.0
2019-01-03 03:00:00+00:00,19.82826254408998,1.0359566320026619,0.982,1.0670852730665397,0.03790484758443776,0.651227110027344,0,10,4921.095143313869,True,3947.6124580541896,0.5,0.0
2019-01-03 04:00:00+00:00,21.93372821264148,1.0340686168724076,0.982,1.0645530448230605,0.03608351835589779,0.6801635333067533,0,8,5180.497443735432,True,4167.386566913839,0.5,0.0
2019-01-03 05:00:00+00:00,26.28946956626628,1.0302442133931693,0.982,1.0596343107436788,0.03240394666292939,0.7265121879187526,0,6,5672.888792066808,True,4650.22243752202,0.5,0.0
2019-01-03 06:00:00+00:00,31.064123611236777,1.0261601909553424,0.982,1.054263951688311,0.028439134125548195,0.7798741442336847,0,5,6180.411747302674,True,5159.712850128159,0.5,0.0
2019-01-03 07:00:00+00:00,33.39553556634341,1.023803577758518,0.982,1.0518087939927696,0.026574787580145545,0.790981315299557,0,4,6505.065997837539,True,5376.741620568669,0.5,0.0
2019-01-03 08:00:00+00:00,30.8003523585705,1.0246158381039474,0.982,1.0529885469740052,0.027097636954517307,0.8605401996499836,0,4,6693.2806517359495,True,4698.194631234184,0.5,0.0
2019-01-03 09:00:00+00:00,41.498750088024764,1.0228850391180282,0.982,1.052633084960496,0.025554286599355987,1.7296898580206963,2,2,6738.745723704599,True,3654.875543211916,0.5,0.0
2019-01-03 10:00:00+00:00,58.38363517936673,1.0181578804260096,0.982,1.0504271077986829,0.022810825470838413,2.2815442638393546,2,1,6863.417890134779,True,3119.1199978634736,0.5,0.0
2019-01-03 11:00:00+00:00,57.141808200781945,1.0183182920435223,0.982,1.05072740695347,0.022970799955250486,2.2506343730927028,2,1,6887.363946475142,True,3199.19299186611,0.5,0.0
2019-01-03 12:00:00+00:00,44.42199286953905,1.0220103891590402,0.982,1.052608168047469,0.025090894225431447,1.8852716527410174,2,2,6762.684272893349,True,3558.1098480020246,0.5,0.0
2019-01-03 13:00:00+00:00,30.748691604658568,1.025385102934556,0.982,1.0541007386259258,0.02773657533107748,1.1377271668792694,1,5,6660.97961125216,True,4417.1235577248635,0.5,0.0
2019-01-03 14:00:00+00:00,32.65568006586312,1.0239613800866585,0.982,1.0528096334951187,0.02656590924113412,0.66179096211166,0,4,6592.18758110225,True,5562.243744055351,0.5,0.0
2019-01-03 15:00:00+00:00,40.39934361821476,1.0206116119789594,0.982,1.0514811520086647,0.024402281645261186,0.7754271000901504,0,1,6697.665671430191,True,6143.652098590015,0.5,0.0
2019-01-03 16:00:00+00:00,43.92952386218658,1.0176389455398647,0.982,1.049091259923827,0.023159272932079974,0.8048887334934288,0,0,7015.508979051993,True,6417.401432164492,0.5,0.0
2019-01-03 17:00:00+00:00,43.71214669912794,1.0176687288617654,0.982,1.0491570409497073,0.023224306684605987,0.8107214158713101,0,0,7007.895568095963,True,6388.797388649733,0.5,0.0
2019-01-03 18:00:00+00:00,41.36558001706819,1.019601376826659,0.982,1.0507279330574206,0.024011152550276485,0.8039342440370559,0,1,6803.333870398713,True,6184.571556734555,0.5,0.0
2019-01-03 19:00:00+00:00,36.98298806279098,1.0228254304329194,0.982,1.05314856504959,0.02583077805917453,0.7719062855038257,0,4,6443.639694934531,True,5834.530772723795,0.5,0.0
2019-01-03 20:00:00+00:00,34.25133586620988,1.0251462437684917,0.982,1.0550173355820993,0.02753771966125285,0.7446511552260319,0,5,6163.713232818853,True,5599.595001897446,0.5,0.0
2019-01-03 21:00:00+00:00,31.916719564957635,1.027189250791144,0.982,1.0562480212126273,0.029410093925762465,0.7146582316571239,0,5,5929.776979360462,True,5430.135412997936,0.5,0.0
2019-01-03 22:00:00+00:00,28.783881557606357,1.0297009704406161,0.982,1.0596697816396463,0.03183847064546139,0.6807962128230722,0,6,5602.710806033491,True,5135.618990454588,0.5,0.0
2019-01-03 23:00:00+00:00,24.808568931016296,1.032606887232166,0.982,1.063229463208326,0.03463897372303443,0.6452959503870586,0,7,5258.1055778015725,True,4781.486438483724,0.5,0.0
2019-01-04 00:00:00+00:00,21.306715768997087,1.0349864894544116,0.982,1.066035840787511,0.036947574616921317,0.6238872882489144,0,8,4997.504934720478,True,4420.317319444489,0.5,0.0
2019-01-04 01:00:00+00:00,20.435494615489272,1.0354620474408383,0.982,1.0669725094146598,0.03740672856813313,0.633539565058895,0,9,4941.310575044193,True,4257.70114364616,0.5,0.0
2019-01-04 02:00:00+00:00,20.1547503963345,1.0355295894084817,0.982,1.0670820111012203,0.03748356122347724,0.6431629207145431,0,10,4946.908971918018,True,4152.789540207801,0.5,0.0
2019-01-04 03:00:00+00:00,20.795795063680327,1.0350475365436818,0.982,1.0664535945910023,0.03702355698845607,0.6637956635018013,0,8,5027.173559705716,True,4118.288198258722,0.5,0.0
2019-01-04 04:00:00+00:00,22.387505953788633,1.0336551546807617,0.982,1.0641298436248572,0.03569088533199954,0.6839779063980322,0,8,5228.832162081872,True,4218.296056044533,0.5,0.0
2019-01-04 05:00:00+00:00,26.946006739729356,1.0296250484537541,0.982,1.0587885764543357,0.031799815452219174,0.7414713010199993,0,6,5747.416703798261,True,4642.126718410985,0.5,0.0
2019-01-04 06:00:00+00:00,32.61115626957076,1.024912101667329,0.982,1.0531989284679515,0.027450691297245547,0.8130973840824753,0,5,6322.021596982263,True,5095.88576431858,0.5,0.0
2019-01-04 07:00:00+00:00,35.81444540610397,1.0223326218854265,0.982,1.050939983600188,0.025625226330989254,0.8385995480559814,0,2,6644.073234617963,True,5295.680958612019,0.5,0.0
2019-01-04 08:00:00+00:00,35.98703404475254,1.0219305585015201,0.982,1.0508955366265025,0.025314770742609745,0.9444383938612699,0,2,6835.764289898182,True,5044.088749177035,0.5,0.0
2019-01-04 09:00:00+00:00,38.668928271314954,1.0217008415802518,0.982,1.050995036296083,0.024982374083968268,1.1858439079018008,2,2,6913.704227645953,True,4495.026135034331,0.5,0.0
2019-01-04 10:00:00+00:00,44.615165817376656,1.0202007962601938,0.982,1.0502949051918677,0.02399249293089688,1.4312277607774213,2,1,6992.71474663886,True,4093.513389971562,0.5,0.0
2019-01-04 11:00:00+00:00,47.21402182327181,1.0191220554424423,0.982,1.0498973124256419,0.023408259846714352,1.4706697435943727,2,0,7040.075631696187,True,4065.032195605757,0.5,0.0
2019-01-04 12:00:00+00:00,44.820568151471775,1.0198698529284116,0.982,1.050615720583438,0.023913758356990177,1.383254505145089,2,1,6955.691814249871,True,4189.875341990933,0.5,0.0
2019-01-04 13:00:00+00:00,39.924006258678894,1.0212420471152714,0.982,1.0515230573913992,0.024850159401101475,1.2137051221201247,1,2,6807.0797901673295,True,4508.023664324376,0.5,0.0
2019-01-04 14:00:00+00:00,39.01298660134668,1.020871402583246,0.982,1.0511408066350059,0.02481996142958839,1.0479279044897376,1,2,6772.645056163234,True,4933.562924835864,0.5,0.0
2019-01-04 15:00:00+00:00,41.35219653119206,1.0192969964418974,0.982,1.0496558771562565,0.024173541462197787,1.020375372381899,2,0,6897.8849768588625,True,5231.786657279524,0.5,0.0
2019-01-04 16:00:00+00:00,43.896990266818975,1.017770238409433,0.982,1.0482752607102221,0.023545285206666416,1.047879992973278,2,0,7070.912331068755,True,5391.065798776062,0.5,0.0
2019-01-04 17:00:00+00:00,42.82454573607956,1.0184052170774796,0.982,1.048821054364045,0.023810851908828565,1.0355378709548737,2,0,6998.918158337916,True,5328.354618136722,0.5,0.0
2019-01-04 18:00:00+00:00,40.04645611444349,1.0205261923330908,0.982,1.0506802633888592,0.024690223280125642,1.0175349383301704,1,2,6751.953246304404,True,5102.753507883968,0.5,0.0
2019-01-04 19:00:00+00:00,35.840074087781524,1.0243851116034415,0.982,1.053920314800175,0.02709476949423041,1.0114047359388607,1,5,6301.612528049969,True,4666.421994914222,0.5,0.0
2019-01-04 20:00:00+00:00,33.598715259304754,1.0265693930456847,0.982,1.0563163670216769,0.02882894633295708,1.0119795537746532,2,6,6023.783649416313,True,4386.9131967870235,0.5,0.0
2019-01-04 21:00:00+00:00,32.272635705423376,1.0278573483023004,0.982,1.0573774220219396,0.03005811155691609,1.0125799594951383,2,6,5867.307811163655,True,4216.32293857353,0.5,0.0
2019-01-04 22:00:00+00:00,30.617509246798754,1.0308138105697513,0.982,1.0602497726644973,0.03289903986909117,1.076996368620794,2,6,5452.939998938164,True,3722.0727858877262,0.5,0.0
2019-01-04 23:00:00+00:00,29.799882985786674,1.0326363705800827,0.982,1.0618944885287358,0.03465517660597658,1.1287543564313895,2,7,5153.779697621409,True,3361.8337030260936,0.5,0.0
2019-01-05 00:00:00+00:00,29.300350020513857,1.033867456522747,0.982,1.0634018229619753,0.035836689574029114,1.1522390819590633,2,8,4952.817179519777,True,3124.4395345226503,0.5,0.0
2019-01-05 01:00:00+00:00,29.67524050995626,1.0342975124071818,0.982,1.0642317890107043,0.03624904470553624,1.183345907160002,2,8,4839.336492725456,True,2955.06504042653,0.5,0.0
2019-01-05 02:00:00+00:00,30.66971971534774,1.0342318318710402,0.982,1.064382528510787,0.03618721050006778,1.2202518800359319,2,8,4787.79450454978,True,2844.9425798033394,0.5,0.0
2019-01-05 03:00:00+00:00,31.429389268485338,1.0334941724375795,0.982,1.0641147361871308,0.035462609655600316,1.2343370261466358,2,8,4868.114440627338,True,2881.418949380494,0.5,0.0
2019-01-05 04:00:00+00:00,31.21163521643607,1.0336389035725106,0.982,1.0640072493018462,0.03561432888475263,1.2301938110662203,2,8,4848.805284442678,True,2882.665294536522,0.5,0.0
2019-01-05 05:00:00+00:00,32.60571437574185,1.0329821553784404,0.982,1.0630330445808247,0.03498222503621482,1.2640574329236753,2,8,4908.651724910659,True,2910.8432755498457,0.5,0.0
2019-01-05 06:00:00+00:00,32.07643347027235,1.0322211696684969,0.982,1.0617963258775105,0.03425919967788682,1.221386367271102,2,6,5081.374834030843,True,3159.3304711696987,0.5,0.0
2019-01-05 07:00:00+00:00,32.03995273118853,1.0302408232623548,0.982,1.0597338594685561,0.03236012848288529,1.1666792390205267,2,6,5428.107056737052,True,3552.821495774535,0.5,0.0
2019-01-05 08:00:00+00:00,33.18565936552773,1.0286900921389344,0.982,1.0580849905041636,0.03087671665567318,1.1782219577246538,2,6,5732.5531709928855,True,3729.904969507027,0.5,0.0
2019-01-05 09:00:00+00:00,34.06988825787746,1.0274221130607304,0.982,1.0567573875829321,0.02965835613487828,1.2176457593056507,1,5,5995.163190147998,True,3739.157652269046,0.5,0.0
2019-01-05 10:00:00+00:00,35.404348029663495,1.0265465975608299,0.982,1.055821382491001,0.028809589772480992,1.271177386414467,2,5,6154.921612658575,True,3621.5080942144746,0.5,0.0
2019-01-05 11:00:00+00:00,35.24878800363955,1.02680090700604,0.982,1.0559892957088293,0.02905632064311699,1.2576681433754626,2,5,6173.4911122174335,True,3594.970518978454,0.5,0.0
2019-01-05 12:00:00+00:00,31.90947101602317,1.0281370485480572,0.982,1.0572109232281388,0.03035466266830036,1.1639887161413818,2,6,6034.062357006527,True,3700.3848802446873,0.5,0.0
2019-01-05 13:00:00+00:00,28.23936565231407,1.0292615014040338,0.982,1.0582267998931911,0.031443459695761865,0.9949058893170797,0,6,5897.0977387355015,True,3993.3120937945923,0.5,0.0
2019-01-05 14:00:00+00:00,27.610224674028796,1.0289688914272825,0.982,1.0579833680906476,0.031136905015684137,0.8261621762428213,0,6,5871.208370849695,True,4390.861305052028,0.5,0.0
2019-01-05 15:00:00+00:00,29.02559360802826,1.0280003635815498,0.982,1.0566118337412267,0.030181368362740598,0.7911116852261366,0,6,5962.319918762792,True,4679.286047652565,0.5,0.0
2019-01-05 16:00:00+00:00,31.68546916277431,1.025820695921434,0.982,1.0537811458728505,0.02813089904096483,0.8130629261473488,0,5,6238.833550560107,True,4990.998775396871,0.5,0.0
2019-01-05 17:00:00+00:00,31.539734629850024,1.0259418866539907,0.982,1.0539331316749734,0.02822858872819487,0.8101509831435626,0,5,6223.3966501727555,True,4986.208252137091,0.5,0.0
2019-01-05 18:00:00+00:00,29.66629402642788,1.027189638411558,0.982,1.0556490394766411,0.02940737655440498,0.790114936366491,0,6,6056.746315082104,True,4871.2083597072,0.5,0.0
2019-01-05 19:00:00+00:00,26.283535731988998,1.0302122815466872,0.982,1.0595755953398585,0.03232425245721716,0.755677252627356,0,6,5685.012787570566,True,4509.81614653307,0.5,0.0
2019-01-05 20:00:00+00:00,24.290436483336737,1.0321478662207233,0.982,1.0621280127855648,0.03421015589673721,0.7255893522479433,0,6,5435.1312987438,True,4290.317893439134,0.5,0.0
2019-01-05 21:00:00+00:00,23.11105658554934,1.033157895743877,0.982,1.0631754094702703,0.03518925666032692,0.7036308152377337,0,7,5315.511305012451,True,4235.643597036147,0.5,0.0
2019-01-05 22:00:00+00:00,20.335665846266565,1.035909016544083,0.982,1.0665752294890547,0.03785528117657612,0.660702684310903,0,10,4951.8854893381,True,3904.3011579820395,0.5,0.0
2019-01-05 23:00:00+00:00,17.774047018542095,1.0381354346671343,0.982,1.0695662687523253,0.04001748594918557,0.6265311028190467,0,13,4634.342704513749,True,3628.488079641819,0.5,0.0
2019-01-06 00:00:00+00:00,16.250545804504256,1.0395467874292779,0.982,1.0715139403558873,0.041428838711329324,0.6000164329859317,0,13,4427.868298453725,True,3477.6322202348774,0.5,0.0
2019-01-06 01:00:00+00:00,15.14317790762419,1.0403865912387615,0.982,1.0728634833663044,0.04226864252081264,0.5798908053421347,0,15,4289.987517790749,True,3407.763492020846,0.5,0.0
2019-01-06 02:00:00+00:00,14.886612029470644,1.0404512465227214,0.982,1.073105408012189,0.04233329780477265,0.5739125420118475,0,15,4267.860545342515,True,3425.4292929201156,0.5,0.0
2019-01-06 03:00:00+00:00,14.783446500790575,1.0406169187396104,0.982,1.0730728896390873,0.042498970021661656,0.56853929685146,0,15,4259.944172889126,True,3459.143412168509,0.5,0.0
2019-01-06 04:00:00+00:00,14.158056764960914,1.0410370050526947,0.982,1.0734205671731123,0.042919056334745846,0.5518871124602147,0,15,4193.015563102425,True,3431.638751871628,0.5,0.0
2019-01-06 05:00:00+00:00,13.835185068957358,1.0411576607665718,0.982,1.0736648237292719,0.04303971204862307,0.5341051594389938,0,15,4150.2452389447135,True,3471.638577588884,0.5,0.0
2019-01-06 06:00:00+00:00,14.769213110042958,1.0403860009073007,0.982,1.0725983345186965,0.042268052189351944,0.5429266285832455,0,15,4264.122594185676,True,3659.0627815230487,0.5,0.0
2019-01-06 07:00:00+00:00,16.43757486447061,1.0383727839415942,0.982,1.0698826548728018,0.0402548352236452,0.5573118146365286,0,13,4553.914455877494,True,3932.3443935893843,0.5,0.0
2019-01-06 08:00:00+00:00,16.64010810808261,1.0367772691059502,0.982,1.0673841450787096,0.03866263232862847,0.5080254655045964,0,10,4941.625688465381,True,3963.8147216270004,0.5,0.0
2019-01-06 09:00:00+00:00,17.499597117332335,1.0354872418905525,0.982,1.0650481688157083,0.03743135472742071,0.7352353747534927,0,9,5253.520550351988,True,3657.1228249406036,0.5,0.0
2019-01-06 10:00:00+00:00,20.988076431457724,1.0336287390340189,0.982,1.0622492833597883,0.035636805755662915,1.059282761406337,1,8,5512.68779234271,True,3487.005069095543,0.5,0.0
2019-01-06 11:00:00+00:00,22.536055933174605,1.0331490377890515,0.982,1.0616947163785908,0.035183935745402475,1.1529185428453652,1,7,5576.551456655941,True,3425.4497118963263,0.5,0.0
2019-01-06 12:00:00+00:00,20.18474840775955,1.0342936942615006,0.982,1.0633682405267115,0.036295686701985345,0.9905926455146852,0,8,5440.03255197415,True,3500.3474852065183,0.5,0.0
2019-01-06 13:00:00+00:00,18.419175425130945,1.0342372548394856,0.982,1.0642133518168808,0.036249486921652536,0.5724711947839474,0,8,5392.308044830567,True,3991.937253481972,0.5,0.0
2019-01-06 14:00:00+00:00,20.888485892594346,1.0335787128366594,0.982,1.0636695817504558,0.035585022742657554,0.572612181629483,0,8,5292.552759052532,True,4502.221240917501,0.5,0.0
2019-01-06 15:00:00+00:00,25.128168204365995,1.0314021875211214,0.982,1.0608699804059771,0.03346884977850468,0.6488503389645373,0,6,5440.825113318597,True,4906.845481946108,0.5,0.0
2019-01-06 16:00:00+00:00,28.312003324831394,1.0287994061140278,0.982,1.05717147216476,0.0309563337726075,0.6920803745689909,0,6,5789.274364115376,True,5205.118434951944,0.5,0.0
2019-01-06 17:00:00+00:00,29.09154500099269,1.02818973303899,0.982,1.056386292866659,0.03036462764251091,0.7102610349081662,0,5,5883.612469479162,True,5251.07894906042,0.5,0.0
2019-01-06 18:00:00+00:00,27.4890547815991,1.0294556064972704,0.982,1.0581139513277535,0.03158280476143935,0.7030057401239714,0,6,5740.125405981826,True,5079.227453979873,0.5,0.0
2019-01-06 19:00:00+00:00,25.666247146192635,1.031163775779067,0.982,1.0606494226210395,0.03323734875727881,0.6819613510484496,0,6,5515.988353607674,True,4884.458668133593,0.5,0.0
2019-01-06 20:00:00+00:00,24.1606275330441,1.0327275482106828,0.982,1.0627601636003603,0.03475619969620113,0.6663453172191821,0,7,5331.358047631287,True,4705.247161008299,0.5,0.0
2019-01-06 21:00:00+00:00,24.178686064151456,1.0328980724672732,0.982,1.0630283744794242,0.03490284088411514,0.671870719010078,0,7,5312.668752669933,True,4688.385006879528,0.5,0.0
2019-01-06 22:00:00+00:00,21.880663568479925,1.0349972849830862,0.982,1.0659748663697233,0.0369285747646404,0.6500315873894909,0,8,5040.105933818451,True,4413.149872642413,0.5,0.0
2019-01-06 23:00:00+00:00,18.753815170046117,1.0374262894244601,0.982,1.0691754049923012,0.03930834070651152,0.6148532092000244,0,12,4710.031497649999,True,4057.615778974619,0.5,0.0
2019-01-07 00:00:00+00:00,16.85519538436992,1.0389595843309463,0.982,1.0708499160299398,0.04084163561299756,0.5875563553311725,0,13,4508.321939326263,True,3841.4064069032443,0.5,0.0
2019-01-07 01:00:00+00:00,16.364086105889605,1.039434566729651,0.982,1.0714571878294687,0.04131661801170212,0.5843633405967387,0,13,4447.092132459944,True,3756.7288601742684,0.5,0.0
2019-01-07 02:00:00+00:00,16.888425931825488,1.0389399802035355,0.982,1.0709678881915246,0.04082203148558677,0.5907302124401614,0,13,4509.1978809679795,True,3817.3003376134625,0.5,0.0
2019-01-07 03:00:00+00:00,18.466874537979333,1.0375655061211915,0.982,1.0692073951027479,0.03944755740324276,0.6129283693210111,0,12,4704.9176831407485,True,4004.804591105125,0.5,0.0
2019-01-07 04:00:00+00:00,22.16592498050639,1.034236271308936,0.982,1.0648551061577214,0.036220780872551456,0.6589440544567942,0,8,5153.229357829683,True,4435.168710767264,0.5,0.0
2019-01-07 05:00:00+00:00,31.720072986059986,1.0270255722534187,0.982,1.0553353394196654,0.0292613620717003,0.7461022840655611,0,5,6057.211354500923,True,5377.587789760659,0.5,0.0
2019-01-07 06:00:00+00:00,41.32442328692496,1.02067165557446,0.982,1.0512884401603995,0.024435095419819017,0.809347159755508,0,1,6738.50116530828,True,6145.960579378324,0.5,0.0
2019-01-07 07:00:00+00:00,44.87534507715901,1.01818493320409,0.982,1.049565890879533,0.0233293988264552,0.8109976985059711,0,0,7014.255651560723,True,6432.677052123785,0.5,0.0
2019-01-07 08:00:00+00:00,40.105257595890876,1.0199687766209713,0.982,1.049789484523788,0.024068852770693712,0.7446525786044761,0,0,7047.414063347629,True,6122.171820038868,0.5,0.0
2019-01-07 09:00:00+00:00,36.42102502638524,1.0209777899637917,0.982,1.048880905101012,0.024629876904059995,0.7108918867279915,0,0,7176.530479802936,True,5655.996064846703,0.5,0.0
2019-01-07 10:00:00+00:00,36.93815930184843,1.0209895451969966,0.982,1.049126655869649,0.024607102262581882,0.9187489203476153,0,0,7267.628878112501,True,5236.142163597746,0.5,0.0
2019-01-07 11:00:00+00:00,38.0778835387149,1.0213291893494232,0.982,1.0496028697388544,0.024734640150124828,1.0901461359517388,1,0,7220.175115948582,True,4942.807252793416,0.5,0.0
2019-01-07 12:00:00+00:00,38.67474180813857,1.0211631092375302,0.982,1.049486595629441,0.02465819180000828,1.0012360052786065,1,0,7223.332469110946,True,5023.924536766677,0.5,0.0
2019-01-07 13:00:00+00:00,38.36739363580727,1.0209660602808428,0.982,1.0490759966928642,0.02459479014912552,0.8700578757771603,0,0,7174.658269112903,True,5356.160506688541,0.5,0.0
2019-01-07 14:00:00+00:00,40.71860323316941,1.0199938345093373,0.982,1.0480430217562966,0.02409347414533312,0.8356500990717269,0,0,7111.293538454773,True,5712.14874100789,0.5,0.0
2019-01-07 15:00:00+00:00,44.281148471752346,1.0181667242547618,0.982,1.0468001717459108,0.02340105317255415,0.910279117989459,0,0,7186.230662030387,True,5891.826434184143,0.5,0.0
2019-01-07 16:00:00+00:00,48.298544427295994,1.0155236236850056,0.9787069343290545,1.0452660714337734,0.022628974417351004,0.9597967071363681,0,0,7424.257962984398,True,5963.469957243928,0.5,0.0
2019-01-07 17:00:00+00:00,49.19749232624602,1.0155869128912667,0.9782215481545712,1.0462141736412598,0.022799284818929608,1.075137247194207,2,0,7350.489697629093,True,5667.958752409905,0.5,0.0
2019-01-07 18:00:00+00:00,50.272362553377874,1.0168286577941643,0.9804512501850822,1.047996266129332,0.023125378938153262,1.220108585761878,2,0,7111.115215269044,True,5208.452042309798,0.5,0.0
2019-01-07 19:00:00+00:00,51.0707829992281,1.017987828815596,0.982,1.050247214535147,0.023586068254534617,1.3497212582675868,2,1,6801.311988555751,True,4680.548277559222,0.5,0.0
2019-01-07 20:00:00+00:00,51.90011307569548,1.0193263516791542,0.982,1.051943688167075,0.023963686850580646,1.433161502472538,2,2,6513.694381812941,True,4270.4304936408125,0.5,0.0
2019-01-07 21:00:00+00:00,48.37012703368966,1.021826229060447,0.982,1.0536386634904145,0.025254390451702437,1.4111438179871758,2,2,6229.036151166146,True,4014.431465493579,0.5,0.0
2019-01-07 22:00:00+00:00,46.35758525594697,1.0244161181470868,0.982,1.0564368651016858,0.02705737029136526,1.4377557767850533,2,4,5855.019866864801,True,3588.30977430481,0.5,0.0
2019-01-07 23:00:00+00:00,44.2662170921919,1.02730495439347,0.982,1.0587027261583897,0.02945912279376926,1.4565492429834062,2,5,5479.3243717151545,True,3193.492584495271,0.5,0.0
2019-01-08 00:00:00+00:00,42.98056419981123,1.0286084440010432,0.982,1.060250831555003,0.03073286803872561,1.4494658516381755,2,6,5280.864053521718,True,3002.5424963220853,0.5,0.0
2019-01-08 01:00:00+00:00,42.29735820979927,1.029056059534641,0.982,1.0607357545970668,0.031162379819570773,1.4443902017682912,2,6,5221.018816063806,True,2944.0102816212147,0.5,0.0
2019-01-08 02:00:00+00:00,42.722368227592845,1.0285344465500519,0.982,1.0604159776375837,0.03065872587079547,1.4484684514597996,2,6,5277.903322185986,True,2987.533342980764,0.5,0.0
2019-01-08 03:00:00+00:00,42.90462575899301,1.0274559784728468,0.982,1.0596071433936884,0.02961919146452141,1.4284766118415018,2,6,5450.501651200183,True,3175.036116536121,0.5,0.0
2019-01-08 04:00:00+00:00,45.47791451653167,1.025060279614471,0.982,1.0571793111378691,0.027546297537604795,1.4388180993906439,2,5,5758.6691746758215,True,3481.0358854957167,0.5,0.0
2019-01-08 05:00:00+00:00,54.278321068986735,1.0183287281152549,0.982,1.051823075552698,0.023805484253701274,1.4990851570095072,2,2,6539.3048782180995,True,4169.4752974314215,0.5,0.0
2019-01-08 06:00:00+00:00,62.08153346977953,1.0126896655332875,0.9709082194399304,1.047743008164681,0.023170425955216973,1.535098682466617,3,0,7171.945554398094,True,4761.198728126793,0.5,0.0
2019-01-08 07:00:00+00:00,66.5798617803608,1.0100885502360786,0.9656639323554849,1.046020119766767,0.02324787186095766,1.581867825835082,3,0,7432.634722277835,True,4932.242330223145,0.5,0.0
2019-01-08 08:00:00+00:00,72.05083677358255,1.009157640296189,0.9655871886452544,1.0457503067456886,0.022724398001733554,1.770914847403036,3,0,7464.13382185981,True,4468.819273358173,0.5,0.0
2019-01-08 09:00:00+00:00,86.68429294519481,1.0061308195473162,0.9631856245634671,1.0440031467631514,0.021915461562438638,2.036266242694381,3,0,7500.158334815438,True,3799.9252700233615,0.5,0.0
2019-01-08 10:00:00+00:00,103.62823614595851,1.00199560003249,0.9576867183342401,1.041816334749283,0.022885808404807213,2.251247908690635,3,0,7536.438803747671,True,3333.494630790521,0.5,0.0
2019-01-08 11:00:00+00:00,114.78735441222969,0.999049301330361,0.9529121929205993,1.0405183408291603,0.02468826675568177,2.4726334658014664,3,0,7545.692222890388,True,3054.6277017864973,0.5,0.0
2019-01-08 12:00:00+00:00,107.6908959633858,1.0011165177036996,0.9561618250333591,1.0417271330043418,0.023407400604003807,2.335157731489257,3,0,7506.194315962492,True,3192.121583382378,0.5,0.0
2019-01-08 13:00:00+00:00,86.09342409976651,1.0066984986982748,0.9642782776502793,1.0448890587489499,0.021873690783105918,2.032111445716597,3,0,7402.275937039293,True,3710.9358195102204,0.5,0.0
2019-01-08 14:00:00+00:00,72.44336637480873,1.0092522706969493,0.9659414478168419,1.0461632956672986,0.022776999072689524,1.7723777992073875,3,0,7384.1877628907705,True,4432.145372164681,0.5,0.0
2019-01-08 15:00:00+00:00,70.41163056677306,1.008492496617049,0.9627550837560512,1.0453564168144591,0.023391705148209534,1.6533738270840914,3,0,7468.007098635487,True,4882.2547282730075,0.5,0.0
2019-01-08 16:00:00+00:00,72.32371837869209,1.00682698559565,0.959652655188051,1.0439461547309954,0.02346968890507823,1.647965070123801,3,0,7636.363478270472,True,5090.633195680222,0.5,0.0
2019-01-08 17:00:00+00:00,70.52406649535601,1.0075069407992254,0.9611372131798412,1.0444208736429719,0.02344054465443796,1.6285967377857629,3,0,7581.118327284008,True,5054.860705389775,0.5,0.0
2019-01-08 18:00:00+00:00,68.01975921181662,1.0091397470818837,0.9641707194014233,1.0458068253364854,0.023412380396163137,1.614126981341658,3,0,7415.053728423785,True,4892.030956892066,0.5,0.0
2019-01-08 19:00:00+00:00,62.84602853133479,1.0125764710710068,0.9709655939966259,1.0484581097979102,0.023291615887246875,1.5875714359901267,3,0,7055.3784560466265,True,4546.20850893993,0.5,0.0
2019-01-08 20:00:00+00:00,58.960216032840115,1.0159035548099393,0.9777931265504709,1.0508595787652826,0.023370069978878937,1.5705767089609173,2,1,6687.88578033034,True,4203.6505732975875,0.5,0.0
2019-01-08 21:00:00+00:00,53.285365740861664,1.0196702066578236,0.982,1.0527048576400915,0.02410305031989831,1.5192595559017572,2,2,6338.989860814276,True,3951.5112910908965,0.5,0.0
2019-01-08 22:00:00+00:00,48.51303708185454,1.0228609842898093,0.982,1.0550963227364862,0.025886667218423146,1.4805441890672346,2,3,5993.564539644932,True,3651.468888533579,0.5,0.0
2019-01-08 23:00:00+00:00,45.625494614284705,1.0263885779658788,0.982,1.057887911020917,0.028580995776634532,1.479506897891823,2,5,5554.707607615229,True,3239.5430809360487,0.5,0.0
2019-01-09 00:00:00+00:00,41.36053247705462,1.0280927886312325,0.982,1.0596617847113434,0.030237622294512174,1.407241242856312,2,6,5403.878454097059,True,3171.097769317811,0.5,0.0
2019-01-09 01:00:00+00:00,39.39421913391398,1.0289145911677855,0.982,1.0605510885931522,0.031027479237121798,1.3736393962181377,2,6,5330.851916653914,True,3131.288450191008,0.5,0.0
2019-01-09 02:00:00+00:00,38.90542078767491,1.028629231350187,0.982,1.0603912411966645,0.030750202373566255,1.3520461625723919,2,6,5396.222353984171,True,3216.3195230865053,0.5,0.0
2019-01-09 03:00:00+00:00,39.21470033100136,1.0276785069454952,0.982,1.0595640502970072,0.02983446118163279,1.3325522929342961,2,6,5549.269165951191,True,3389.8250485079243,0.5,0.0
2019-01-09 04:00:00+00:00,40.14361816862173,1.0259446474283214,0.982,1.0573417793290203,0.028285365113364092,1.3038187243839212,2,5,5840.767481939248,True,3733.468026111563,0.5,0.0
2019-01-09 05:00:00+00:00,46.61901858306009,1.020383175705462,0.982,1.0521252161948575,0.02463647252480939,1.3096361386648707,2,2,6556.711420643198,True,4450.584882621941,0.5,0.0
2019-01-09 06:00:00+00:00,53.833962814959136,1.0151021545667014,0.9757613039694102,1.0479705161705537,0.0231472595231456,1.3193590850208885,3,0,7189.357879750605,True,5088.76196795416,0.5,0.0
2019-01-09 07:00:00+00:00,56.46017597690704,1.0129237213209719,0.9714551366102961,1.0462395512760796,0.023018998118373882,1.3234958392424967,3,0,7457.206423766097,True,5328.324068480186,0.5,0.0
2019-01-09 08:00:00+00:00,57.02859429020336,1.0135514550673232,0.9741637353543807,1.0467092029168705,0.022554200159647177,1.4555642103919617,2,0,7486.486672967343,True,4938.100956058296,0.5,0.0
2019-01-09 09:00:00+00:00,64.98676995299863,1.0116914340497083,0.9723312536483794,1.0461152849292255,0.021880827509691107,1.686896538861308,3,0,7615.53641520152,True,4324.243096394525,0.5,0.0
2019-01-09 10:00:00+00:00,78.19976759478143,1.008046578026416,0.9667859686447364,1.0443360194100855,0.021311013943097114,2.011881165586161,3,0,7730.48194280055,True,3871.10868401419,0.5,0.0
2019-01-09 11:00:00+00:00,79.82423438484557,1.0083490700889268,0.9678479440491309,1.0445655669975529,0.021121358530900573,2.04773450803878,3,0,7630.715448079171,True,3745.010501839771,0.5,0.0
2019-01-09 12:00:00+00:00,72.81954762210006,1.0097167006670345,0.9692542448202349,1.045433890180007,0.0215535316316975,1.8203768136538259,3,0,7643.367953673696,True,4019.916664498071,0.5,0.0
2019-01-09 13:00:00+00:00,61.3793107536291,1.012319727744401,0.9726312673690676,1.0467909788505105,0.022274933114576408,1.6087504042538532,3,0,7577.714462888981,True,4512.269623843994,0.5,0.0
2019-01-09 14:00:00+00:00,55.41776883875028,1.0136021111221374,0.9736277214945995,1.0470038706184717,0.022803939591916993,1.3858683855646132,2,0,7483.116790433776,True,5067.721267444635,0.5,0.0
2019-01-09 15:00:00+00:00,55.11771421609498,1.0130690038038546,0.9718863737961096,1.0460425027462377,0.022996427069714956,1.257255483838691,3,0,7485.401251600226,True,5462.7703311789655,0.5,0.0
2019-01-09 16:00:00+00:00,56.76196452967267,1.0112138661313625,0.9684145658620675,1.0442249849515495,0.02296252644779429,1.2088141741438745,3,0,7700.5686744902205,True,5778.506511950567,0.5,0.0
2019-01-09 17:00:00+00:00,54.88790987425389,1.0121545732270352,0.9704150148199534,1.0448946744029786,0.022937025902716398,1.1869305071981784,3,0,7609.1569160920935,True,5714.1036335731005,0.5,0.0
2019-01-09 18:00:00+00:00,51.70754208657193,1.0139503883459782,0.9738821061736087,1.0463732067851235,0.023033840117996734,1.1456696040220629,3,0,7430.6466790420245,True,5586.435969187123,0.5,0.0
2019-01-09 19:00:00+00:00,45.40616624257339,1.018414083198241,0.982,1.0495324843734444,0.02384250903368195,1.087211671752616,2,0,6974.9443008086655,True,5234.224796165073,0.5,0.0
2019-01-09 20:00:00+00:00,40.19364554655442,1.021895753433306,0.982,1.0519203407286326,0.025469600785106128,0.9891873287474761,0,3,6626.411047851588,True,5043.857868979383,0.5,0.0
2019-01-09 21:00:00+00:00,35.47151694223233,1.0246763634282339,0.982,1.0539347322613377,0.027343598988079493,0.8780976475461432,0,5,6350.157215724161,True,4944.102049136318,0.5,0.0
2019-01-09 22:00:00+00:00,29.93195633691022,1.0290654804589114,0.982,1.0582648138453812,0.03125079411040638,0.7905607871957973,0,6,5857.779192318368,True,4591.222959984442,0.5,0.0
2019-01-09 23:00:00+00:00,26.644318038828118,1.0312225442837062,0.982,1.0609130634685624,0.033342630527858026,0.7434377926763928,0,6,5590.395533726529,True,4469.021176111726,0.5,0.0
2019-01-10 00:00:00+00:00,24.283843888978097,1.0328336922382177,0.982,1.0632315280947728,0.03489797191637963,0.7106216027122763,0,7,5368.259929814903,True,4358.122990152911,0.5,0.0
2019-01-10 01:00:00+00:00,23.155669857646753,1.033478580614236,0.982,1.0641150469083953,0.035524255110218284,0.6848531066121971,0,7,5266.321057909413,True,4370.837211510184,0.5,0.0
2019-01-10 02:00:00+00:00,23.313736746861736,1.0333388951746252,0.982,1.064061138186536,0.035394420805113666,0.6742949181802759,0,7,5266.246848457238,True,4463.433794915507,0.5,0.0
2019-01-10 03:00:00+00:00,24.49559062754897,1.0325866187375483,0.982,1.0631241920085732,0.034657290573540084,0.682086803110482,0,7,5359.91180221124,True,4623.532329699773,0.5,0.0
2019-01-10 04:00:00+00:00,27.676927173954283,1.030308204186519,0.982,1.0599599203342684,0.032451869704502756,0.7024998902721895,0,6,5643.517817902368,True,4985.9892278574225,0.5,0.0
2019-01-10 05:00:00+00:00,36.707308253298045,1.0241260754911894,0.982,1.0539284485635871,0.026715810932072433,0.7641136182314627,0,4,6362.785958552075,True,5788.210595266514,0.5,0.0
2019-01-10 06:00:00+00:00,45.42476642542842,1.0186377233691153,0.982,1.0502045940277398,0.023359841116653433,0.8004579333714581,0,1,6945.626358594279,True,6462.300035721753,0.5,0.0
2019-01-10 07:00:00+00:00,47.31976542958475,1.0154279793381584,0.979506786577183,1.0478234642599393,0.02275009679173346,0.7756381333036043,0,0,7231.332354087564,True,6767.358799638605,0.5,0.0
2019-01-10 08:00:00+00:00,43.742842967478225,1.0183746284269957,0.982,1.0490881118048427,0.023194056639562494,0.7354507538897803,0,0,7221.10485055817,True,6413.331158959295,0.5,0.0
2019-01-10 09:00:00+00:00,40.12525030439987,1.0195609048539402,0.982,1.0486387821229166,0.023764199680109243,0.6920691481197007,0,0,7338.203521396002,True,6011.430374957624,0.5,0.0
2019-01-10 10:00:00+00:00,38.845673018686576,1.0199950521674839,0.982,1.047843919628841,0.023982682752452765,0.7407539574479333,0,0,7382.64832486456,True,5700.912567515649,0.5,0.0
2019-01-10 11:00:00+00:00,38.54905818772515,1.0202807011306534,0.982,1.048344618327471,0.024172820294894908,0.8313927233180385,0,0,7359.285565289813,True,5561.992088889924,0.5,0.0
2019-01-10 12:00:00+00:00,38.59600855798888,1.0203132849380143,0.982,1.0486885151884802,0.02417921014190027,0.705182568835296,0,0,7313.846511386624,True,5756.34638433667,0.5,0.0
2019-01-10 13:00:00+00:00,40.556046810604364,1.0198619521071153,0.982,1.0497442395055836,0.023868523448104424,0.7051794380121674,0,0,7196.983039580215,True,6146.1658568259545,0.5,0.0
2019-01-10 14:00:00+00:00,46.55346031664851,1.0171648340834822,0.982,1.0492707303169253,0.02288506643738194,0.7655589468757964,0,0,7154.601405790936,True,6678.697783032387,0.5,0.0
2019-01-10 15:00:00+00:00,48.22356029365342,1.0145843021365,0.97684066016596,1.0476250821204154,0.023139562830240705,0.7981094550771876,0,0,7153.535113354417,True,6964.221897280557,0.5,0.0
2019-01-10 16:00:00+00:00,50.41900906043833,1.0107422393435512,0.9663429773595298,1.0446407525041626,0.024268350869012027,0.8055555555555537,0,0,7353.320419484493,True,7169.432079430359,0.5,0.0
2019-01-10 17:00:00+00:00,48.82229133316285,1.0125675001649728,0.9716254173470218,1.0457688708214603,0.023578788180423454,0.8055555555555561,0,0,7278.8188599473,True,7061.144613629417,0.5,0.0
2019-01-10 18:00:00+00:00,47.89693965548199,1.0148953942456767,0.9777530431148824,1.047788684829765,0.023007970919927248,0.7915919204738072,0,0,7154.66695220855,True,6907.059655241132,0.5,0.0
2019-01-10 19:00:00+00:00,47.495937400054345,1.0187901387531086,0.982,1.051222728108747,0.0233633817099795,0.7622136018056709,0,1,6827.984412763405,True,6563.631990668785,0.5,0.0
2019-01-10 20:00:00+00:00,43.00951605653411,1.0223454180781322,0.982,1.053695048700238,0.025329232925130507,0.7671595407263379,0,1,6483.721240187717,True,6172.58730019058,0.5,0.0
2019-01-10 21:00:00+00:00,39.364975360275494,1.0243168387699488,0.982,1.054659084246089,0.026782595049779683,0.7549478080469753,0,4,6296.344191444442,True,5928.79041326368,0.5,0.0
2019-01-10 22:00:00+00:00,34.27858787041399,1.027746452749451,0.982,1.0569281271193072,0.02994532902422982,0.732572360334127,0,5,5928.457740411612,True,5495.057362232285,0.5,0.0
2019-01-10 23:00:00+00:00,30.85798218379159,1.029622986722768,0.982,1.0592353375758934,0.03176731022012842,0.7115826431041168,0,6,5706.417623714773,True,5218.256131664386,0.5,0.0
2019-01-11 00:00:00+00:00,27.78620713310709,1.0315543373873663,0.982,1.0617973712438378,0.03363106689013592,0.6950145659722323,0,6,5483.429450719777,True,4935.553193095415,0.5,0.0
2019-01-11 01:00:00+00:00,26.562443264202386,1.0321650196663308,0.982,1.0629112363010556,0.034223913070562176,0.7005177565192467,0,7,5414.813116719339,True,4771.5784334013,0.5,0.0
2019-01-11 02:00:00+00:00,26.191739255938042,1.0321347617525152,0.982,1.0629607013023923,0.03419644610466953,0.7169479707468991,0,7,5441.2667905661865,True,4673.084253031751,0.5,0.0
2019-01-11 03:00:00+00:00,27.04466893743941,1.0315289328883934,0.982,1.0620992532389593,0.033621914072480164,0.733415842152348,0,6,5540.312949793601,True,4696.565210240632,0.5,0.0
2019-01-11 04:00:00+00:00,29.486611928457144,1.0296029876259591,0.982,1.059298914839921,0.03176373691683691,0.7661221148278071,0,6,5808.925729232927,True,4882.2187716119215,0.5,0.0
2019-01-11 05:00:00+00:00,38.4705211107571,1.022864618439102,0.982,1.0522374112529282,0.025988372069038864,0.8549048098163723,0,4,6610.816970557664,True,5602.577424897126,0.5,0.0
2019-01-11 06:00:00+00:00,46.08490872926234,1.0172005179218941,0.982,1.0478339226456757,0.023179838633704323,0.9179405348751166,0,0,7246.75232742277,True,6182.12308519769,0.5,0.0
2019-01-11 07:00:00+00:00,48.49203475868667,1.0147347691362723,0.9772639101348537,1.0458138232372933,0.02259948601715697,0.9266033475032901,0,0,7519.302531604209,True,6372.498028887867,0.5,0.0
2019-01-11 08:00:00+00:00,46.95660227546438,1.0152622473681778,0.9784358310270571,1.0454891363849326,0.022618704428718595,0.9055945599379822,0,0,7565.638567913284,True,6189.704037760497,0.5,0.0
2019-01-11 09:00:00+00:00,45.762304365823,1.0155632190353612,0.9792423638712984,1.0454894983954668,0.02261289411757288,0.8817587106999047,0,0,7638.280100190295,True,5933.896298724656,0.5,0.0
2019-01-11 10:00:00+00:00,46.27217007216564,1.0152063573905195,0.9786970556909576,1.045533006416329,0.022512706652206976,0.9762386391603464,0,0,7714.86531682342,True,5784.151144959287,0.5,0.0
2019-01-11 11:00:00+00:00,46.98506139423794,1.0154883407279793,0.9790298460417156,1.0462357757919625,0.022574358654766122,1.0813549523711692,1,0,7670.170162897946,True,5540.501833126898,0.5,0.0
2019-01-11 12:00:00+00:00,47.23370994679755,1.0161186446246049,0.9799109756661939,1.0470725279420348,0.022778356507315852,1.1250018747619501,1,0,7544.2954320637655,True,5393.810498260462,0.5,0.0
2019-01-11 13:00:00+00:00,46.54010922824476,1.0173487771862477,0.9819295795944957,1.0480697431026489,0.023265150933225308,1.112219856125691,1,0,7332.097104620663,True,5321.0811132580275,0.5,0.0
2019-01-11 14:00:00+00:00,47.26285426931246,1.0172297624421596,0.9808662479573924,1.0481597575509205,0.0233600959245529,1.0636081397000172,1,0,7247.196961071067,True,5435.563954636141,0.5,0.0
2019-01-11 15:00:00+00:00,48.472909709636895,1.0166424851337441,0.979578815386691,1.0474733622291372,0.02316074338652957,1.0397979811770843,2,0,7250.108767021469,True,5575.011440536629,0.5,0.0
2019-01-11 16:00:00+00:00,51.42250408189593,1.0144303939037287,0.9752017546783787,1.0456153503787584,0.022800158717636004,1.0588535448123564,3,0,7480.827900744621,True,5792.786580888558,0.5,0.0
2019-01-11 17:00:00+00:00,50.49585558551458,1.0151245641499813,0.9763663813210794,1.0463735467109214,0.02293528184551222,1.0561159632502246,2,0,7398.871378911197,True,5702.79184564956,0.5,0.0
2019-01-11 18:00:00+00:00,47.90934838153842,1.016406668081124,0.9786694108833311,1.0476698256677586,0.02323996607822857,0.9947074225025158,0,0,7258.066569053583,True,5633.448138651733,0.5,0.0
2019-01-11 19:00:00+00:00,42.49983701498029,1.0205670951925447,0.982,1.0508429486090987,0.02472923436399224,0.9789153780566727,0,2,6798.871606336659,True,5206.7720107508385,0.5,0.0
2019-01-11 20:00:00+00:00,38.71678555770313,1.0236259779353232,0.982,1.0535490323803056,0.0266126846580969,0.9518506252651523,0,4,6450.836408855265,True,4887.891536128593,0.5,0.0
2019-01-11 21:00:00+00:00,35.66913964468049,1.0258999355708631,0.982,1.0553860040964247,0.028284929712053354,0.9368671147399732,0,5,6194.771555015471,True,4674.629915395801,0.5,0.0
2019-01-11 22:00:00+00:00,31.74270029299374,1.0287933908653326,0.982,1.0583238451042605,0.030976087371214326,0.9121591493266787,0,6,5834.473438621165,True,4338.0406513584785,0.5,0.0
2019-01-11 23:00:00+00:00,27.892075464621215,1.031764189643753,0.982,1.0620494262004871,0.03381089728098497,0.873082149263032,0,6,5476.277822531711,True,4020.7847929391196,0.5,0.0
2019-01-12 00:00:00+00:00,25.72574986085825,1.0336476458696318,0.982,1.064612043078727,0.035626168106092294,0.8417858681513745,0,8,5233.128618750008,True,3817.3276850807715,0.5,0.0
2019-01-12 01:00:00+00:00,24.04334466231971,1.0348076673878452,0.982,1.0663862218871216,0.036745106721854354,0.7998304261255199,0,8,5076.094094751689,True,3709.265060325084,0.5,0.0
2019-01-12 02:00:00+00:00,22.91008168937988,1.0356807485380153,0.982,1.067497953780732,0.037599907526149993,0.7794200104582235,0,10,4955.0313114801065,True,3623.4378065549345,0.5,0.0
2019-01-12 03:00:00+00:00,22.909817975675146,1.035963096516985,0.982,1.0677243248552513,0.03788813154836647,0.7955276586594867,0,10,4910.161198175486,True,3568.6486679526834,0.5,0.0
2019-01-12 04:00:00+00:00,23.381415913947496,1.0357055170701444,0.982,1.0669459452524435,0.03764490794049213,0.8439524187364447,0,10,4928.249728787181,True,3531.7510666403286,0.5,0.0
2019-01-12 05:00:00+00:00,25.07982228594849,1.0347091410371012,0.982,1.0653071662993083,0.03669388178312422,0.9062344826332609,0,8,5037.765541583966,True,3567.7947970755795,0.5,0.0
2019-01-12 06:00:00+00:00,27.806006693216258,1.0325392563204387,0.982,1.062232014706171,0.034590021223563854,0.9462167536092179,0,7,5335.803729237566,True,3815.7214895038614,0.5,0.0
2019-01-12 07:00:00+00:00,30.80119602091056,1.0295443717266062,0.982,1.0586155348857063,0.031688728656249436,0.9853630479755606,0,6,5724.281286378057,True,4112.091213475485,0.5,0.0
2019-01-12 08:00:00+00:00,34.606968677386774,1.0274305608256107,0.982,1.0564483737893042,0.029663910746496762,1.132323020327198,1,6,6031.448623440688,True,4066.096678820724,0.5,0.0
2019-01-12 09:00:00+00:00,40.94724626683927,1.02486924207475,0.982,1.0542670284358635,0.02725136703350471,1.3509493362190232,3,4,6282.179463068505,True,3784.3368601196453,0.5,0.0
2019-01-12 10:00:00+00:00,47.192294162783114,1.0222758745651488,0.982,1.0528012085875431,0.025223860468119485,1.5033362797390435,3,2,6455.774515685226,True,3633.8277016349225,0.5,0.0
2019-01-12 11:00:00+00:00,52.376589914613795,1.0209772769836816,0.982,1.0525241158482186,0.02433498042740549,1.6131621279472683,3,2,6449.769260719586,True,3435.549923719965,0.5,0.0
2019-01-12 12:00:00+00:00,52.00535057067259,1.0216294484378012,0.982,1.0532347154083472,0.024762739011178203,1.6153815542904588,3,2,6300.205659221949,True,3360.382950602102,0.5,0.0
2019-01-12 13:00:00+00:00,48.83601644961987,1.022478479759821,0.982,1.054015066942553,0.025454012975642495,1.5431371720536242,3,2,6182.6611896807,True,3493.7492760068753,0.5,0.0
2019-01-12 14:00:00+00:00,46.57153985897689,1.02289104170986,0.982,1.0545074655072777,0.025878542724558178,1.4461249922453778,2,3,6130.95772911248,True,3753.0023388599284,0.5,0.0
2019-01-12 15:00:00+00:00,47.39284742854332,1.0217531261277815,0.982,1.0534227858363796,0.02518358105986787,1.4105347020069068,2,2,6252.575963188587,True,4015.0799602643447,0.5,0.0
2019-01-12 16:00:00+00:00,50.06802278455509,1.019588405418143,0.982,1.0516125591113168,0.0240608531796254,1.4171652805113815,2,2,6525.319316841056,True,4298.750836436064,0.5,0.0
2019-01-12 17:00:00+00:00,49.980249034619625,1.0196210450569687,0.982,1.0517160508086956,0.02412744312295274,1.4190062556900231,2,2,6521.515371740771,True,4282.694598662281,0.5,0.0
2019-01-12 18:00:00+00:00,47.41484915847298,1.0214947126733176,0.982,1.0531218395160504,0.02501764011944503,1.402245810563505,2,2,6298.882663094406,True,4079.3926242048774,0.5,0.0
2019-01-12 19:00:00+00:00,44.13625926992528,1.0244991680243511,0.982,1.055790224372005,0.027105282040090384,1.3902113006308177,2,4,5925.2892188487,True,3727.8477422923015,0.5,0.0
2019-01-12 20:00:00+00:00,40.54016660472672,1.0271949032705219,0.982,1.0583529686017417,0.029389986962921135,1.336461087308659,2,6,5642.3298568263945,True,3524.0733984372487,0.5,0.0
2019-01-12 21:00:00+00:00,38.527274555807374,1.0283240861584,0.982,1.059180602570982,0.030484980385362438,1.3005629585525975,2,6,5540.426214071639,True,3478.671318765385,0.5,0.0
2019-01-12 22:00:00+00:00,36.74842309000164,1.0301452358552006,0.982,1.0609459422083607,0.03224387246276575,1.297748970028819,2,6,5286.605974919395,True,3230.246175204341,0.5,0.0
2019-01-12 23:00:00+00:00,34.87386228890431,1.0325730512427207,0.982,1.063217683345608,0.03457238323826838,1.3027973710219107,2,8,4943.964675987115,True,2879.866393526744,0.5,0.0
2019-01-13 00:00:00+00:00,32.08541603567598,1.0344918554183675,0.982,1.0649420097047557,0.03643728362746989,1.260095828730133,2,8,4704.48813964697,True,2706.845595576611,0.5,0.0
2019-01-13 01:00:00+00:00,29.33532658637668,1.035688380765859,0.982,1.0664792784886163,0.03760018277684014,1.2021164196955905,2,8,4580.118458549055,True,2658.8887712574115,0.5,0.0
2019-01-13 02:00:00+00:00,27.65327529487759,1.0361388393712583,0.982,1.0674578432138513,0.03803289516736952,1.1573129122195929,2,10,4550.730196133035,True,2675.2288902791583,0.5,0.0
2019-01-13 03:00:00+00:00,26.745225782496664,1.0363979591094683,0.982,1.0679740465655578,0.03828214212833521,1.1283987683581793,2,10,4541.797734469472,True,2700.5095286115784,0.5,0.0
2019-01-13 04:00:00+00:00,26.68198179504462,1.0369942485031503,0.982,1.068377211872958,0.03887629978520128,1.1335872898053503,2,10,4463.483188704472,True,2633.0486148159316,0.5,0.0
2019-01-13 05:00:00+00:00,28.085557511098404,1.0371869961252673,0.982,1.0679155577101012,0.03906904740731851,1.1936769479331228,2,10,4382.18625022762,True,2487.2173212721286,0.5,0.0
2019-01-13 06:00:00+00:00,30.730963924146835,1.0354156177702165,0.982,1.065633682118574,0.037320993862764475,1.2496569789914225,2,8,4582.274312532268,True,2602.740546628314,0.5,0.0
2019-01-13 07:00:00+00:00,35.347399814631046,1.0323881089902922,0.982,1.0625592035970919,0.03440013662194312,1.3412756806510018,2,7,4929.818420574105,True,2794.782009424884,0.5,0.0
2019-01-13 08:00:00+00:00,41.67929591796533,1.0285132355360682,0.982,1.0591165947398797,0.030664150315286732,1.4716459283128227,3,5,5368.702408576471,True,2929.969625247976,0.5,0.0
2019-01-13 09:00:00+00:00,50.11402515110034,1.0249539986263216,0.982,1.0558070985818553,0.02722353884826191,1.6414657706932303,3,5,5693.504013501798,True,2852.804253609778,0.5,0.0
2019-01-13 10:00:00+00:00,58.07056996492285,1.0213138357034903,0.982,1.053345846414373,0.024309775501346387,1.7688974833288782,3,2,6002.720866372542,True,2854.004310371422,0.5,0.0
2019-01-13 11:00:00+00:00,62.77683495709095,1.0200304100341742,0.982,1.052830649281826,0.023512718431460855,1.8369952510752297,3,2,6042.228960071336,True,2761.865457158253,0.5,0.0
2019-01-13 12:00:00+00:00,61.678608434791165,1.0206497987789978,0.982,1.0533834775711155,0.023879071176698193,1.8235635216401243,3,2,5931.732519789553,True,2734.20219603435,0.5,0.0
2019-01-13 13:00:00+00:00,57.72147618626373,1.0217476491067026,0.982,1.0542060064475873,0.024699196983805398,1.7508536489820703,3,2,5830.721946411347,True,2879.7732811748983,0.5,0.0
2019-01-13 14:00:00+00:00,55.47188370386408,1.022054373981728,0.982,1.0545310865223143,0.025044747376587854,1.6875622730062605,3,2,5799.761124600981,True,3082.6087820884222,0.5,0.0
2019-01-13 15:00:00+00:00,55.18686053431841,1.0213453159564008,0.982,1.0540366292980228,0.024656828341275618,1.648572698421149,3,2,5884.603314300006,True,3316.2910232425934,0.5,0.0
2019-01-13 16:00:00+00:00,58.93947126193994,1.0186703441638933,0.982,1.0522729482889368,0.023556931857665296,1.683347109508384,3,2,6160.59999168178,True,3552.577857483442,0.5,0.0
2019-01-13 17:00:00+00:00,61.705017749779316,1.0170117599764688,0.982,1.0515720984651478,0.023260285682739544,1.7182608128259074,3,2,6285.197854728001,True,3612.693311324787,0.5,0.0
2019-01-13 18:00:00+00:00,62.11286129525625,1.0177738779554784,0.982,1.0521709384422901,0.023349349305168337,1.7433713530335677,3,2,6141.387146277206,True,3435.853614916432,0.5,0.0
2019-01-13 19:00:00+00:00,58.63626712789586,1.0202286666436975,0.982,1.05394416948307,0.024147225466239035,1.7109427424136154,3,2,5887.071779329846,True,3214.9295032092436,0.5,0.0
2019-01-13 20:00:00+00:00,57.749326934347444,1.0213864375035193,0.982,1.0549119344799534,0.02471800299636312,1.7040201018911862,3,2,5749.922545091483,True,3088.8083191249766,0.5,0.0
2019-01-13 21:00:00+00:00,53.86642045267658,1.022672531959691,0.982,1.0556685584552217,0.025631022034865218,1.633419242999351,3,3,5746.343858014432,True,3182.967245315321,0.5,0.0
2019-01-13 22:00:00+00:00,48.32914835930775,1.0255407006285726,0.982,1.0581317963757235,0.027860678791899723,1.5547502514882894,2,5,5509.661236274335,True,3046.173182215484,0.5,0.0
2019-01-13 23:00:00+00:00,47.312554618005294,1.0274100573874927,0.982,1.0598732302598102,0.02953672950412967,1.560970138274802,2,5,5238.330596878675,True,2773.763566922168,0.5,0.0
2019-01-14 00:00:00+00:00,44.04246079736775,1.0293172940348596,0.982,1.0615725498538757,0.031384126974813964,1.5133965101485096,2,6,5048.999525624173,True,2648.34797561268,0.5,0.0
2019-01-14 01:00:00+00:00,41.43368056079402,1.030231534946247,0.982,1.0625734116681125,0.03227273563616114,1.4627391440453297,2,6,4992.619704406365,True,2650.493879532439,0.5,0.0
2019-01-14 02:00:00+00:00,39.618835696888,1.0304735067907915,0.982,1.0626557948851274,0.03251237256318772,1.4161772576953198,2,6,5036.568555544884,True,2758.2539058562875,0.5,0.0
2019-01-14 03:00:00+00:00,39.12145531909786,1.0299817052522418,0.982,1.06204067106972,0.032039931443368995,1.3802895804664668,2,6,5176.9817149557775,True,2950.820218082622,0.5,0.0
2019-01-14 04:00:00+00:00,42.4443744436561,1.0268432061007418,0.982,1.0588481256162787,0.02901697799448077,1.4026335766536109,2,5,5585.7442256208615,True,3338.4518457280687,0.5,0.0
2019-01-14 05:00:00+00:00,48.797915110257954,1.0202653610625647,0.982,1.0526503352099177,0.024618715266523553,1.3863222805696855,2,2,6477.031035204946,True,4248.131950607947,0.5,0.0
2019-01-14 06:00:00+00:00,54.941754941074436,1.0148752993773904,0.9749053917419565,1.0481657557506558,0.023213535844072923,1.3538271937461475,3,0,7177.971879827096,True,5015.228261750826,0.5,0.0
2019-01-14 07:00:00+00:00,56.51398976830554,1.0132602302516727,0.9721741289588327,1.0466303047343748,0.02297474828506243,1.3649259927488644,3,0,7441.1913127946045,True,5191.411311901506,0.5,0.0
2019-01-14 08:00:00+00:00,60.92914561654368,1.0130527389764752,0.9741135790292866,1.0470641151150448,0.02221308821558707,1.618111511989627,3,0,7502.501785769953,True,4413.876867724584,0.5,0.0
2019-01-14 09:00:00+00:00,93.92550668639333,1.0064013254324884,0.9658780495533718,1.0434228579094127,0.020725765483740315,2.415102775964786,3,0,7444.563380281347,True,3139.048041282343,0.5,0.0
2019-01-14 10:00:00+00:00,148.47466988510493,0.9913884201292421,0.9391658305354437,1.04,0.029246584012502186,3.203005745682378,5,4,7547.720702709697,True,2275.1736456176486,0.5,0.0
2019-01-14 11:00:00+00:00,170.892418545051,0.9853080870623432,0.927570612615005,1.0400000000000003,0.033319831353484285,3.4239812169943735,7,7,7516.0114052212975,True,1991.1733901331959,0.5,0.0
2019-01-14 12:00:00+00:00,142.29685734788984,0.9930037274589975,0.9430164494884319,1.04,0.02827582152475066,3.082709618671738,4,4,7516.7064903587225,True,2369.2965801843457,0.5,0.0
2019-01-14 13:00:00+00:00,102.8228256371657,1.003837520031057,0.9620470638942143,1.0425729574806832,0.021794635899585017,2.509897246197359,3,0,7411.5641637100725,True,2961.7956555772416,0.5,0.0
2019-01-14 14:00:00+00:00,64.42893095128757,1.012795786979426,0.974408955224867,1.0473466546468702,0.02204777901862206,1.7066861086949663,3,0,7375.012810122189,True,4171.11928910009,0.5,0.0
2019-01-14 15:00:00+00:00,55.42171454810324,1.0133828731126602,0.9722435113053245,1.0469492608514872,0.023115977643616226,1.3470859818344971,3,0,7402.692570157757,True,5178.614864125044,0.5,0.0
2019-01-14 16:00:00+00:00,57.38649972855569,1.0105894023079451,0.9664945605207931,1.0442994355394362,0.023251295191615243,1.2487889090977229,3,0,7725.64906032498,True,5707.144810186569,0.5,0.0
2019-01-14 17:00:00+00:00,55.47160033145288,1.011720996484001,0.9690351727548424,1.044850482928233,0.023091829721612535,1.222968222319758,3,0,7632.919037246576,True,5659.660791847551,0.5,0.0
2019-01-14 18:00:00+00:00,52.36177864044299,1.0138128364622627,0.9731036344229218,1.04646698389441,0.023136499332043522,1.1931760971128766,3,0,7426.301020847249,True,5485.615542601212,0.5,0.0
2019-01-14 19:00:00+00:00,47.704511669701546,1.017309919695784,0.9800003355320485,1.0493303556677103,0.02364005586813696,1.1752085281678406,2,0,7039.890824464,True,5111.6407878893,0.5,0.0
2019-01-14 20:00:00+00:00,44.126698587661494,1.020642498515995,0.982,1.0518171731342345,0.02481162192006011,1.1767156867210775,2,2,6653.284173346961,True,4738.3618858868185,0.5,0.0
2019-01-14 21:00:00+00:00,40.11206981181776,1.0233620479251955,0.982,1.053717401014535,0.026369025942100555,1.1484924894017567,2,4,6360.095026468103,True,4486.8218428074215,0.5,0.0
2019-01-14 22:00:00+00:00,36.20351785640625,1.027207611996215,0.982,1.0574279912083284,0.029398975215861028,1.1468014101555934,2,6,5880.195503835698,True,4025.970398803696,0.5,0.0
2019-01-14 23:00:00+00:00,33.87599413440631,1.0292311586444483,0.982,1.0592647073272567,0.031346435378890224,1.1419777927135215,2,6,5622.494022128741,True,3777.4820908151155,0.5,0.0
2019-01-15 00:00:00+00:00,33.09052410110159,1.0303312406227996,0.982,1.0605062454392498,0.032412400891959646,1.1673586387642398,2,6,5434.102545959677,True,3552.560173621333,0.5,0.0
2019-01-15 01:00:00+00:00,32.04875978171502,1.0308894873638388,0.982,1.061374678005176,0.032958683629764125,1.1433847887579458,2,6,5361.7302044067355,True,3503.599869893135,0.5,0.0
2019-01-15 02:00:00+00:00,33.26111834498988,1.030468542151189,0.982,1.0611280368364273,0.032551722102969756,1.1833328616513477,2,6,5373.622008161515,True,3457.877666338873,0.5,0.0
2019-01-15 03:00:00+00:00,35.264935996231664,1.0295085882340915,0.982,1.0603498461323997,0.0316145472681569,1.2187742609237162,2,6,5479.4142507520155,True,3510.2783788662637,0.5,0.0
2019-01-15 04:00:00+00:00,38.53455928754463,1.0269022982778917,0.982,1.0575562301367611,0.029091338110687478,1.2501841075828763,2,6,5812.5413466615955,True,3806.8752874346324,0.5,0.0
2019-01-15 05:00:00+00:00,46.01697686914004,1.0212395970452013,0.982,1.052264183180563,0.02492609978576747,1.2910774823156852,2,2,6501.191611870161,True,4454.100365935821,0.5,0.0
2019-01-15 06:00:00+00:00,53.57978023156543,1.0154728788507523,0.9769975157340691,1.0478646968790204,0.02303549103155573,1.316191543331704,3,0,7165.362591972822,True,5095.017368125016,0.5,0.0
2019-01-15 07:00:00+00:00,55.591293312154605,1.0130639804235484,0.9720137969439671,1.046023893519112,0.022939544249277025,1.3034776630501337,3,0,7485.938516419084,True,5373.443456902677,0.5,0.0
2019-01-15 08:00:00+00:00,56.588963139176506,1.0140279227927522,0.9756423238475215,1.0469324760055303,0.022437334655814406,1.4755456598320318,3,0,7462.334519272162,True,4826.458658113661,0.5,0.0
2019-01-15 09:00:00+00:00,65.65074453690663,1.0119770372896504,0.9736064264824522,1.0460012424525158,0.02166809799660321,1.7049867354280395,3,0,7571.749899111324,True,4258.1102135122965,0.5,0.0
2019-01-15 10:00:00+00:00,76.1287523579415,1.0088250573816362,0.968729402718875,1.0443849485495362,0.02121218419786994,1.9625700454704762,3,0,7680.059801009499,True,3898.8920961109293,0.5,0.0
2019-01-15 11:00:00+00:00,86.8517505197211,1.006801806393325,0.9661744293137102,1.043549359206945,0.020967745182501878,2.2417007377638525,3,0,7599.498668589666,True,3482.027610534566,0.5,0.0
2019-01-15 12:00:00+00:00,86.74037631299198,1.007142064177611,0.9663762379818418,1.044016870555304,0.020946377421861753,2.194680492981193,3,0,7565.521997858756,True,3507.9881446409595,0.5,0.0
2019-01-15 13:00:00+00:00,74.15486403603312,1.0105640770701543,0.9718216953764448,1.045847978273434,0.021335077190306948,1.8589342380078568,3,0,7451.398275967318,True,3866.0138188554133,0.5,0.0
2019-01-15 14:00:00+00:00,63.216055847638025,1.0122544573605967,0.9720071103520058,1.0467458478056497,0.022460164601105646,1.6233903113565735,3,0,7413.636335917896,True,4598.257420755481,0.5,0.0
2019-01-15 15:00:00+00:00,61.108869817595526,1.0119596560476793,0.9697847843845662,1.046264135696975,0.02298790444735389,1.4832735284867968,3,0,7389.128885325113,True,5039.7661375456155,0.5,0.0
2019-01-15 16:00:00+00:00,63.46264406450963,1.0099539787956004,0.9658123256513187,1.0446758412524328,0.023133938113617324,1.4828450788608256,3,0,7578.25294030551,True,5263.957618699639,0.5,0.0
2019-01-15 17:00:00+00:00,62.440422544177025,1.0105370087759906,0.9671483327145807,1.0452217283944534,0.023104325377033302,1.480425491640057,3,0,7503.186984036086,True,5188.493262397209,0.5,0.0
2019-01-15 18:00:00+00:00,60.19496290353864,1.012030254496651,0.9698676363016997,1.0466283689210771,0.023121541887963067,1.4629407443810403,3,0,7342.172812003113,True,5034.77809943134,0.5,0.0
2019-01-15 19:00:00+00:00,55.391583843769276,1.0153671739603198,0.9766570636262585,1.0491880658717527,0.02324219931701141,1.4328614441382896,3,0,6984.423966654984,True,4709.093724701837,0.5,0.0
2019-01-15 20:00:00+00:00,51.367964390412915,1.0185573528190919,0.982,1.0513984992592365,0.023851694616921132,1.4030175904141065,2,2,6644.208542986866,True,4419.127150632652,0.5,0.0
2019-01-15 21:00:00+00:00,46.33626175149316,1.0217557034487714,0.982,1.0531890086857956,0.025237428223054127,1.3508465157595166,2,2,6333.219447454307,True,4191.377092349801,0.5,0.0
2019-01-15 22:00:00+00:00,42.20153748680691,1.0252647325243007,0.982,1.0563904944867548,0.027725942643670863,1.3346680397422521,2,5,5908.733468173577,True,3788.2083053226456,0.5,0.0
2019-01-15 23:00:00+00:00,38.47866468754124,1.0281280722416681,0.982,1.058770346782865,0.030272840489277246,1.3043581150979158,2,6,5580.8685094514485,True,3506.2766638702574,0.5,0.0
2019-01-16 00:00:00+00:00,35.51369265768882,1.0301151043652597,0.982,1.0604804416714826,0.032201582913807494,1.2636666259298805,2,6,5351.830101642279,True,3341.646004224727,0.5,0.0
2019-01-16 01:00:00+00:00,33.21209706558964,1.0311482841598605,0.982,1.0617183745927923,0.03320966356340875,1.2074248844172297,2,6,5254.306904950468,True,3313.186389627354,0.5,0.0
2019-01-16 02:00:00+00:00,32.32888186646197,1.0312554120865265,0.982,1.0618182186777965,0.033322828441686915,1.1768241778162132,2,6,5261.830759825566,True,3363.6816795773143,0.5,0.0
2019-01-16 03:00:00+00:00,32.57323793919717,1.0299841685354905,0.982,1.061115710836998,0.03209763447930682,1.1333830874801643,2,6,5456.631531753793,True,3592.2260212301667,0.5,0.0
2019-01-16 04:00:00+00:00,33.499588513403296,1.0280154281391565,0.982,1.0587570073611283,0.030214799452415633,1.0683920184254994,2,6,5778.846922038895,True,4019.1092747569082,0.5,0.0
2019-01-16 05:00:00+00:00,40.759543772650815,1.022289997582303,0.982,1.0525142123267237,0.025696300596431392,1.081097030672489,2,3,6522.163182429918,True,4782.224302220838,0.5,0.0
2019-01-16 06:00:00+00:00,48.33600528638557,1.016454276154243,0.9793166176937694,1.0477547180159856,0.02316433644177147,1.088597043493924,2,0,7212.630310680491,True,5488.128042674217,0.5,0.0
2019-01-16 07:00:00+00:00,49.38833982129359,1.0152159994913335,0.9776075069827003,1.0466154763560904,0.022792007113189367,1.1310187398600142,2,0,7423.8661985057415,True,5521.237439412374,0.5,0.0
2019-01-16 08:00:00+00:00,52.855472750675766,1.0156711025591516,0.9810950949362569,1.047777404912329,0.022274104777884995,1.4623631044993108,3,0,7426.382825193833,True,4537.800921322604,0.5,0.0
2019-01-16 09:00:00+00:00,87.26692530664906,1.007674917744178,0.9705830138570263,1.0438710066262047,0.020215386043700424,2.477139624259173,3,0,7466.534632089674,True,3192.358125046799,0.5,0.0
2019-01-16 10:00:00+00:00,153.6156001742203,0.9900711035699475,0.9380735019034905,1.0400000000000003,0.02995900879548051,3.431272862109497,5,4,7511.730131629429,True,2102.702458373036,0.5,0.0
2019-01-16 11:00:00+00:00,198.90582709114034,0.9773207724488111,0.9128167153181048,1.0400000000000005,0.03909389477374164,3.838304456526785,7,12,7497.693891801309,True,1627.3872007927584,0.5,0.0
2019-01-16 12:00:00+00:00,177.08375239005042,0.9836140763164116,0.9257102609085981,1.04,0.03453322910280193,3.6609176270326422,7,7,7487.8295190133595,True,1814.6802541918971,0.5,0.0
2019-01-16 13:00:00+00:00,104.74836633633656,1.004023557229347,0.9644296902983142,1.0425568209582174,0.021361237890115608,2.8166885470228222,2,0,7355.415481683274,True,2672.7119306993095,0.5,0.0
2019-01-16 14:00:00+00:00,54.045788829693876,1.0161933517978865,0.982,1.048516888071569,0.02221807599181971,1.5282670285566122,3,0,7284.597136701343,True,4205.4919549597835,0.5,0.0
2019-01-16 15:00:00+00:00,47.42199062820631,1.0159143026412694,0.9790764510460465,1.0472935252710092,0.02296285637785088,1.1302218682392338,2,0,7318.920119512826,True,5404.681768832832,0.5,0.0
2019-01-16 16:00:00+00:00,52.70067542867561,1.0123145179229307,0.9712901142044185,1.0444820236013572,0.022863949969506407,1.1203118586514658,3,0,7633.258766354068,True,5875.504733048895,0.5,0.0
2019-01-16 17:00:00+00:00,52.579768449935415,1.012860000618836,0.9724202994700506,1.0451173664381792,0.022867801967761916,1.159348870644668,2,0,7550.334291937889,True,5737.188768236344,0.5,0.0
2019-01-16 18:00:00+00:00,51.521072059016525,1.0141568051396603,0.9747144036775013,1.0466350372022826,0.02298971157168,1.1940346836119107,2,0,7369.803093705854,True,5476.747838128221,0.5,0.0
2019-01-16 19:00:00+00:00,48.2766588967128,1.0179034649124055,0.982,1.049809139269785,0.0236168405640418,1.2324419473006172,2,0,6910.943609341761,True,4944.65117017899,0.5,0.0
2019-01-16 20:00:00+00:00,46.296172906351245,1.0203399208208606,0.982,1.0520744993112598,0.024543117899601834,1.2617128593514406,2,2,6581.951251923139,True,4566.455040486266,0.5,0.0
2019-01-16 21:00:00+00:00,42.92620749179397,1.0229894880896135,0.982,1.053794411212732,0.026078515290083322,1.2536606163656503,2,3,6287.893354316913,True,4293.044304571722,0.5,0.0
2019-01-16 22:00:00+00:00,40.63109686889401,1.0257049955286728,0.982,1.056628144452883,0.02806355057664984,1.28844130068526,2,5,5899.809017733547,True,3851.0748206984454,0.5,0.0
2019-01-16 23:00:00+00:00,38.93468875098208,1.0277015256767252,0.982,1.058714876022205,0.029894790666772784,1.301919738535263,2,6,5602.569525488667,True,3536.6057654013857,0.5,0.0
2019-01-17 00:00:00+00:00,37.69610657918912,1.028890876539656,0.982,1.0599499031684754,0.031039929441426157,1.301812425787443,2,6,5433.745812601321,True,3363.299598628943,0.5,0.0
2019-01-17 01:00:00+00:00,37.401261732606585,1.0295940411724445,0.982,1.060672366028103,0.03171225952798464,1.3201298832907196,2,6,5308.5571952142445,True,3209.7441696471587,0.5,0.0
2019-01-17 02:00:00+00:00,37.9189729222614,1.0294149418936742,0.982,1.0606214640029106,0.03153153876320365,1.3333765572108534,2,6,5318.2562125966915,True,3194.696128146364,0.5,0.0
2019-01-17 03:00:00+00:00,39.05960704985549,1.0281849250617903,0.982,1.059683838356745,0.03033790629693655,1.328761911747828,2,6,5498.806825359838,True,3369.7124851669996,0.5,0.0
2019-01-17 04:00:00+00:00,40.218831588226635,1.0262685500699507,0.982,1.0574959335058105,0.028534256604359653,1.3028885214476966,2,5,5791.694102500005,True,3711.7308589102795,0.5,0.0
2019-01-17 05:00:00+00:00,45.55822960740407,1.0208250482136072,0.982,1.0520775906694306,0.024734990022414582,1.2763920598237763,2,2,6536.2942239817085,True,4502.904978456074,0.5,0.0
2019-01-17 06:00:00+00:00,51.90727856325702,1.0153448740574487,0.9770291299114062,1.0475133499927631,0.023010617332996332,1.240411211348569,2,0,7227.187708614197,True,5264.401124820779,0.5,0.0
2019-01-17 07:00:00+00:00,52.86320540757821,1.0139113332283438,0.9745534374603033,1.0464322290769783,0.022790318530291044,1.2601276613583727,2,0,7481.079277693876,True,5362.604195128606,0.5,0.0
2019-01-17 08:00:00+00:00,54.55641176273164,1.0151765061047844,0.9791328798562987,1.0476194901609508,0.022302156755643565,1.4747743269668616,3,0,7453.873044711008,True,4607.464210455905,0.5,0.0
2019-01-17 09:00:00+00:00,69.80858835670367,1.011958868445334,0.9747294668082138,1.0463050443079014,0.021209158948335752,1.9270049805025424,3,0,7510.46477973329,True,3852.2451566620493,0.5,0.0
2019-01-17 10:00:00+00:00,89.13956397061075,1.0066577099570055,0.9661423021226884,1.0437786880432944,0.02075784389049184,2.4044065058037827,3,0,7605.852242618367,True,3347.794011951789,0.5,0.0
2019-01-17 11:00:00+00:00,91.23774329872745,1.006242530372098,0.9659742497353779,1.0438434790603854,0.02085935238710649,2.466452752650127,3,0,7578.961702009867,True,3266.3557852454232,0.5,0.0
2019-01-17 12:00:00+00:00,83.6113065608439,1.0082738198583816,0.9691626282020607,1.0449191062848973,0.02062904352965814,2.3079992323126155,3,0,7565.643068753805,True,3452.406205958429,0.5,0.0
2019-01-17 13:00:00+00:00,65.4451861266744,1.0129985185050299,0.9770598274641898,1.0471539752556842,0.02139937164233341,1.8533306817143806,3,0,7468.156512531257,True,3931.034084187451,0.5,0.0
2019-01-17 14:00:00+00:00,50.27465263716241,1.0167006588857357,0.982,1.04842459346298,0.022693831430846106,1.368744029605246,3,0,7341.675258372832,True,4728.946546696226,0.5,0.0
2019-01-17 15:00:00+00:00,49.431528873724645,1.0159251238751092,0.9789455658086819,1.047239290434438,0.022894251811272907,1.14360094274158,2,0,7306.317340816658,True,5433.527321824169,0.5,0.0
2019-01-17 16:00:00+00:00,54.76904726623197,1.0125104208054216,0.9718166321009385,1.0446964294946672,0.022727219460535943,1.1946431889983191,3,0,7589.186419107798,True,5739.98991729759,0.5,0.0
2019-01-17 17:00:00+00:00,54.77802816565515,1.0122201514600853,0.97113756305226,1.0447992343329657,0.02281653563200967,1.2062539097223415,3,0,7594.284023575961,True,5725.321361645487,0.5,0.0
2019-01-17 18:00:00+00:00,52.3232528721183,1.0137060890981506,0.9737838540175953,1.0463506419018307,0.022980720509636187,1.1925360655590067,2,0,7420.285476184871,True,5545.998460138373,0.5,0.0
2019-01-17 19:00:00+00:00,48.21319437458923,1.0169130106928121,0.9801496578806684,1.0489640198170598,0.023391345696378234,1.179783219205435,2,0,7063.668765964747,True,5190.449409732273,0.5,0.0
2019-01-17 20:00:00+00:00,44.043755447721146,1.020194640890885,0.982,1.0513841700962485,0.02451815463685512,1.147148191573066,2,2,6708.774501855905,True,4871.55981021921,0.5,0.0
2019-01-17 21:00:00+00:00,39.11496736089685,1.023434349113316,0.982,1.0534928376579513,0.026426097317357924,1.0775867290888792,2,3,6385.323652982028,True,4651.101289863739,0.5,0.0
2019-01-17 22:00:00+00:00,32.93818589007188,1.0275349178577937,0.982,1.0573045638117473,0.029770734743351214,0.9915089446384265,0,6,5925.2509782494,True,4327.020749696613,0.5,0.0
2019-01-17 23:00:00+00:00,29.54828734150307,1.0296711230862934,0.982,1.059236994332902,0.03183011630061819,0.9062747323116639,0,6,5702.502409816257,True,4229.077597526004,0.5,0.0
2019-01-18 00:00:00+00:00,26.569475186045935,1.0317270121125255,0.982,1.0616659201112542,0.033812076225709135,0.8407196220549857,0,6,5466.109349793699,True,4092.449123641841,0.5,0.0
2019-01-18 01:00:00+00:00,24.290743911988102,1.0328006144974857,0.982,1.06352011478843,0.03485465000014907,0.7356562227146591,0,7,5333.321307402519,True,4123.942686008516,0.5,0.0
2019-01-18 02:00:00+00:00,23.73427774977998,1.0328951969226001,0.982,1.0638740889690148,0.03494950625913208,0.7142265214633083,0,7,5322.75022317556,True,4268.271449249131,0.5,0.0
2019-01-18 03:00:00+00:00,24.84316037681774,1.032090129120965,0.982,1.0627294297599492,0.03417077068056442,0.7151786032948493,0,7,5438.300029390215,True,4508.696320370712,0.5,0.0
2019-01-18 04:00:00+00:00,27.24264242433707,1.030251551406415,0.982,1.059664931057022,0.0323864388962914,0.7266803304996319,0,6,5695.85485299621,True,4865.342955930388,0.5,0.0
2019-01-18 05:00:00+00:00,35.827563260732475,1.0239925905437957,0.982,1.0531884562787674,0.026674126152264284,0.7935682114087292,0,4,6429.498644795429,True,5655.793069222432,0.5,0.0
2019-01-18 06:00:00+00:00,44.81498545313703,1.0181071964271429,0.982,1.049026924389566,0.02335306057418447,0.8596056730140753,0,0,7090.038798879109,True,6334.428439154197,0.5,0.0
2019-01-18 07:00:00+00:00,44.835898688796846,1.0171291101543534,0.982,1.0478734633964901,0.022943105633167094,0.8204603841003196,0,0,7311.767466985993,True,6395.472982171121,0.5,0.0
2019-01-18 08:00:00+00:00,37.924894283586575,1.0199775193036136,0.982,1.0489647560663113,0.024225133889651286,0.9198852059543283,0,0,7365.949256628041,True,5298.487001218922,0.5,0.0
2019-01-18 09:00:00+00:00,64.65264625108398,1.014506031549988,0.9805280022482985,1.0481353633019015,0.021763973615099224,2.297754729634228,2,0,7327.313207538165,True,3573.7151076697874,0.5,0.0
2019-01-18 10:00:00+00:00,179.77673175930394,0.9827406171109708,0.918691101541376,1.0400000000000003,0.0362214958070175,3.9116611795067016,9,8,7331.114331446355,True,1727.455118314803,0.5,0.0
2019-01-18 11:00:00+00:00,212.25881664008423,0.9740150211470754,0.9015837077888295,1.0400000000000003,0.042645613441566234,4.26945420349188,9,14,7235.236071994963,True,935.7824238395806,0.5,0.0
2019-01-18 12:00:00+00:00,195.38722273553782,0.9799052790350123,0.9137282180611431,1.0400000000000003,0.03830359103171709,4.16567035136635,9,10,7091.498242230117,True,904.5370469585487,0.5,0.0
2019-01-18 13:00:00+00:00,140.0838969845882,0.996124161055995,0.9453535044206026,1.0403805395604366,0.027293006529567673,3.5732379607507876,6,3,6981.999026221858,True,1792.6194241380845,0.5,0.0
2019-01-18 14:00:00+00:00,38.143853035991874,1.0226251391907017,0.982,1.0525090799178498,0.025644192371173935,1.4581350591637205,1,2,6941.199760234904,True,4298.501504258847,0.5,0.0
2019-01-18 15:00:00+00:00,42.07156812086871,1.019962978646796,0.982,1.0508853967197735,0.02399147876285854,0.738127338081543,0,1,6907.984878747318,True,6273.167155255248,0.5,0.0
2019-01-18 16:00:00+00:00,46.75656660795168,1.0154670509948374,0.979612903562329,1.0474464652846929,0.022750619680558044,0.776707908628669,0,0,7195.424951590903,True,6776.12448805115,0.5,0.0
2019-01-18 17:00:00+00:00,46.70310373118272,1.015687240392186,0.9802119756333945,1.0476929344212313,0.02271433955255947,0.7717780147605118,0,0,7187.118694366678,True,6733.080293480593,0.5,0.0
2019-01-18 18:00:00+00:00,46.38684506236997,1.0175202854886278,0.982,1.0495227591720258,0.02306198703016399,0.794109573002786,0,0,7010.831613805839,True,6554.667871884945,0.5,0.0
2019-01-18 19:00:00+00:00,41.92880702902073,1.0211736141836298,0.982,1.0522874082577658,0.024654777527882664,0.7835444274472063,0,1,6619.905970994712,True,6179.308860709145,0.5,0.0
2019-01-18 20:00:00+00:00,38.35631540504188,1.0236933875813459,0.982,1.0540687962898496,0.0263411082078146,0.7558614995133817,0,4,6339.933649840336,True,5910.486234938427,0.5,0.0
2019-01-18 21:00:00+00:00,35.22278529700606,1.0259859972509442,0.982,1.055443397109212,0.028242627891069808,0.726626308202779,0,5,6086.2981203735435,True,5684.845867376697,0.5,0.0
2019-01-18 22:00:00+00:00,30.878562797956913,1.0289882267875854,0.982,1.0575730098151441,0.031152129862832743,0.6824144982973179,0,5,5750.844840666182,True,5370.001224472671,0.5,0.0
2019-01-18 23:00:00+00:00,27.316341271282532,1.031700800816207,0.982,1.0609662900437538,0.0337801352328546,0.6469170601712586,0,6,5433.6828580915335,True,5060.568189081318,0.5,0.0
2019-01-19 00:00:00+00:00,26.008409078025323,1.0328693261133193,0.982,1.062929688379021,0.034900679873414324,0.6343253437747446,0,7,5258.344193603594,True,4899.829040134149,0.5,0.0
2019-01-19 01:00:00+00:00,25.81974929207937,1.0331784925035998,0.982,1.063920656063772,0.03518906157181181,0.6241291943675106,0,7,5155.407242514979,True,4843.053365520548,0.5,0.0
2019-01-19 02:00:00+00:00,24.334802540330365,1.0343051300561235,0.982,1.0650299407353787,0.03628862615946597,0.602730113577877,0,8,5031.355160540432,True,4735.607160017198,0.5,0.0
2019-01-19 03:00:00+00:00,23.95084544559632,1.0345999490616886,0.982,1.0654406422976515,0.03657340195674993,0.6006273697270094,0,8,4996.324201339622,True,4693.517353850713,0.5,0.0
2019-01-19 04:00:00+00:00,23.066593975613504,1.0349061749013777,0.982,1.0655163076670502,0.036875019043285724,0.5886308638168758,0,8,4965.114918395023,True,4656.807540459968,0.5,0.0
2019-01-19 05:00:00+00:00,23.403028977600293,1.034507960301145,0.982,1.0647988979856409,0.036494652261222935,0.5921099744267183,0,8,5028.458173595422,True,4711.878494193292,0.5,0.0
2019-01-19 06:00:00+00:00,26.25115167100265,1.0322239118361314,0.982,1.0619772597923318,0.03428583587302366,0.6276181691277937,0,6,5316.941456257013,True,4973.827907511233,0.5,0.0
2019-01-19 07:00:00+00:00,25.31663230683566,1.0305377887535312,0.982,1.0596339796621719,0.03266683102995349,0.590654576648049,0,6,5723.2473742536595,True,4959.789749392164,0.5,0.0
2019-01-19 08:00:00+00:00,37.720929876178026,1.02746858464333,0.982,1.057042997056843,0.029697882676361045,1.7810270935361268,2,5,6088.960616874571,True,3114.268549954855,0.5,0.0
2019-01-19 09:00:00+00:00,121.69543027898727,1.0047900989120184,0.9640225580029803,1.0448007599334774,0.02200948670044306,3.5540595690773427,4,0,6233.818154173466,True,745.0772456962216,0.5,0.0
2019-01-19 10:00:00+00:00,127.87453648921289,1.0024375754405654,0.9588968814154472,1.0438833395620728,0.023337607614756197,3.617913961278192,5,0,6290.729320060966,True,756.9474684950168,0.5,0.0
2019-01-19 11:00:00+00:00,121.52842254591175,1.0048562626721924,0.9634834529921119,1.0454337767695658,0.022289669913473326,3.5508787645870683,4,0,6164.680223069452,True,737.996444852734,0.5,0.0
2019-01-19 12:00:00+00:00,107.57011942234715,1.0100068209470585,0.9737961724808446,1.0481241927956364,0.020948151230918012,3.391880171345025,4,0,5917.684951949825,True,699.3386146173146,0.5,0.0
2019-01-19 13:00:00+00:00,95.77151149690108,1.0140833545171257,0.9818890224860941,1.050404688954354,0.02120506275776299,3.253623827194576,3,1,5718.843350251285,True,667.6558465220277,0.5,0.0
2019-01-19 14:00:00+00:00,32.25352274696883,1.030235724543633,0.982,1.0600066536302404,0.03240640577899791,1.6773848628377634,1,6,5738.213983159259,True,2998.7655528170817,0.5,0.0
2019-01-19 15:00:00+00:00,28.42660884795597,1.028379354384212,0.982,1.0573487424331116,0.03058224282859661,0.6059761896200991,0,5,5883.053594357546,True,5268.942696959349,0.5,0.0
2019-01-19 16:00:00+00:00,37.87312766257782,1.0231967347190782,0.982,1.053498499244048,0.02590671130406025,0.7144821913323584,0,3,6306.445744629334,True,5985.871048006902,0.5,0.0
2019-01-19 17:00:00+00:00,37.60168016875578,1.023045095376072,0.982,1.053114863728565,0.02583270642687941,0.734795844205337,0,2,6382.684969956499,True,5965.5831709686245,0.5,0.0
2019-01-19 18:00:00+00:00,34.96442239509473,1.0247815264543714,0.982,1.0543803544233277,0.027185214638615722,0.7282122135337772,0,5,6201.159490815427,True,5730.828511753509,0.5,0.0
2019-01-19 19:00:00+00:00,30.081927937716937,1.0283556805462837,0.982,1.0573120584568965,0.030554078613105683,0.691410416425591,0,5,5802.037880361405,True,5309.1078766522005,0.5,0.0
2019-01-19 20:00:00+00:00,27.20504526656196,1.0307673219063322,0.982,1.0603120820238654,0.03289539351741783,0.6644825844898462,0,6,5534.29855189467,True,5039.053104635024,0.5,0.0
2019-01-19 21:00:00+00:00,26.59797632370774,1.0313726208773284,0.982,1.0609636603050756,0.033477487896909186,0.6546578360725295,0,6,5462.688444624545,True,4990.977819793259,0.5,0.0
2019-01-19 22:00:00+00:00,24.826129951849747,1.0326399428233357,0.982,1.0629274440713627,0.034703335203967775,0.6299486359637554,0,7,5264.7253301261935,True,4821.186290442257,0.5,0.0
2019-01-19 23:00:00+00:00,22.727310665083344,1.0345314396176486,0.982,1.0652378501690223,0.0365197466811572,0.5997859094451473,0,8,5016.375563942471,True,4624.511116829259,0.5,0.0
2019-01-20 00:00:00+00:00,21.57342369411975,1.0358457631015257,0.982,1.06706794343789,0.03778317832034176,0.5743816075896472,0,10,4816.772814390505,True,4494.246307915342,0.5,0.0
2019-01-20 01:00:00+00:00,21.07571121942236,1.0364976573258586,0.982,1.067976853875595,0.03840730482776151,0.5570243464653866,0,10,4703.42143277413,True,4437.352115246413,0.5,0.0
2019-01-20 02:00:00+00:00,21.097669767455724,1.0366554484495827,0.982,1.0684650373133717,0.0385570890295366,0.5451091894650095,0,10,4636.350595067686,True,4419.897044007612,0.5,0.0
2019-01-20 03:00:00+00:00,21.161168587109373,1.0368313996373344,0.982,1.068695519327545,0.038723466523863576,0.5369296055261147,0,10,4595.963003632316,True,4418.811322689305,0.5,0.0
2019-01-20 04:00:00+00:00,20.635768567224282,1.0372703488324295,0.982,1.0689656342907774,0.03915240011448086,0.5219612492437133,0,11,4536.884217794281,True,4392.643968334419,0.5,0.0
2019-01-20 05:00:00+00:00,19.766969332483228,1.0378525542737294,0.982,1.069492285028629,0.039734605555780574,0.5054118700353223,0,11,4458.746358541805,True,4330.605254192021,0.5,0.0
2019-01-20 06:00:00+00:00,21.369993791653258,1.036512172019505,0.982,1.0677411572064426,0.038412146313329086,0.5208623337991802,0,10,4623.318483362766,True,4504.079114826358,0.5,0.0
2019-01-20 07:00:00+00:00,19.72233075052133,1.0354751601417784,0.982,1.0659943438065582,0.03742394254662406,0.5144546898986827,0,9,4958.252097055672,True,4462.1327509221455,0.5,0.0
2019-01-20 08:00:00+00:00,27.087934289575273,1.0333570782669308,0.982,1.0622258770799848,0.03538681049098762,1.5310737610173,1,7,5349.257135466393,True,2844.685836747723,0.5,0.0
2019-01-20 09:00:00+00:00,87.74395054039095,1.016705312480853,0.982,1.0513993478857047,0.022054715841512466,3.1322604281666715,3,1,5534.6078779227955,True,641.6123215743537,0.5,0.0
2019-01-20 10:00:00+00:00,96.77638356937354,1.0134619939564764,0.9802649839150718,1.0496389766917122,0.02123462817942408,3.2579333264724384,4,0,5696.803418958121,True,666.456725465178,0.5,0.0
2019-01-20 11:00:00+00:00,97.0552482992989,1.0134908078619889,0.9802238877161559,1.04999738496002,0.021280085657325764,3.260858255854448,4,0,5698.174034751533,True,666.872651774447,0.5,0.0
2019-01-20 12:00:00+00:00,89.06475250310174,1.016326797274311,0.982,1.0517917151147977,0.02203781715433987,3.150392815189796,4,2,5542.953298209874,True,643.3600823240874,0.5,0.0
2019-01-20 13:00:00+00:00,78.69108448483433,1.0205158482217143,0.982,1.0537038401787557,0.02362864328824294,2.988667213711267,3,2,5347.600564340328,True,729.6944129960084,0.5,0.0
2019-01-20 14:00:00+00:00,22.273910841603577,1.0347709956328721,0.982,1.0641857473116971,0.03679051692885069,1.2549923128143143,1,8,5292.00847963441,True,3183.4489112430883,0.5,0.0
2019-01-20 15:00:00+00:00,26.71946348896953,1.030894832765445,0.982,1.0603141271750407,0.03300536314279265,0.5892946983886208,0,6,5448.891017164375,True,5121.765987144579,0.5,0.0
2019-01-20 16:00:00+00:00,37.053445825435944,1.0250442047882846,0.982,1.055248762109276,0.02732549319226238,0.7068493705875247,0,5,5950.045118080185,True,5882.109408272015,0.5,0.0
2019-01-20 17:00:00+00:00,38.87163992725652,1.0235595432795639,0.982,1.054155658127967,0.02610118719649983,0.7137535964662992,0,4,6138.775920656733,True,6034.979587361148,0.5,0.0
2019-01-20 18:00:00+00:00,37.06010310247606,1.0246877318633176,0.982,1.0550542385615918,0.027000108337259486,0.6851364683948037,0,5,6019.922912188861,True,5889.112654144562,0.5,0.0
2019-01-20 19:00:00+00:00,33.70384880175276,1.0271196333233203,0.982,1.0567869718738814,0.029342192620882893,0.6484381962580035,0,5,5764.736317057158,True,5612.354217400351,0.5,0.0
2019-01-20 20:00:00+00:00,31.168433369667902,1.0290923507916636,0.982,1.0581472586458256,0.03126013815188956,0.6289087543601914,0,5,5580.038881502248,True,5407.092925542907,0.5,0.0
2019-01-20 21:00:00+00:00,32.18375467381169,1.028460148820299,0.982,1.0576504814272534,0.030641421956401266,0.6451959876800532,0,5,5665.518398540552,True,5474.436444351076,0.5,0.0
2019-01-20 22:00:00+00:00,28.918273846624295,1.03091021062707,0.982,1.0602934459866786,0.03301197431308498,0.621992071778008,0,6,5414.862384679602,True,5208.100902122389,0.5,0.0
2019-01-20 23:00:00+00:00,27.407023406091387,1.0319523069276313,0.982,1.0617528351983108,0.03400609057471487,0.6154516769563743,0,6,5288.077142159132,True,5060.840236036606,0.5,0.0
2019-01-21 00:00:00+00:00,24.76252935123291,1.033824445077301,0.982,1.064166936248481,0.03582053770543009,0.5971593853863256,0,7,5077.064114596941,True,4816.365932950747,0.5,0.0
2019-01-21 01:00:00+00:00,23.385190415336453,1.0347276815981428,0.982,1.0652914324789233,0.03669531373970028,0.5938832416879969,0,8,4988.9559284740435,True,4681.091911275362,0.5,0.0
2019-01-21 02:00:00+00:00,23.22511851884512,1.0346119409022907,0.982,1.0652946054538845,0.036590746415085196,0.5986023006538815,0,8,5005.66669316662,True,4660.525225817146,0.5,0.0
2019-01-21 03:00:00+00:00,24.527400494160304,1.033692610684397,0.982,1.0639403209737948,0.03569925080261663,0.6168200330467943,0,7,5145.485268411344,True,4786.362456697185,0.5,0.0
2019-01-21 04:00:00+00:00,28.518245300529056,1.0305700916428913,0.982,1.059685675291362,0.03268661259011226,0.6580402997908389,0,6,5550.708592591655,True,5173.805255829388,0.5,0.0
2019-01-21 05:00:00+00:00,39.49138191581828,1.0229814059758988,0.982,1.053235383548322,0.02575305918886906,0.7487729383045919,0,1,6439.415947406624,True,6055.83159936673,0.5,0.0
2019-01-21 06:00:00+00:00,46.77209633646595,1.0158526157386119,0.9804936685123924,1.047846039858713,0.02279556735111441,0.777363170163068,0,0,7142.312739728761,True,6781.854171789467,0.5,0.0
2019-01-21 07:00:00+00:00,45.35620898668867,1.0161074338333231,0.982,1.0471427576847738,0.02262485432843754,0.7692982963879859,0,0,7302.542275062479,True,6710.10921978206,0.5,0.0
2019-01-21 08:00:00+00:00,39.10043821170753,1.0201483859900242,0.982,1.0486407136053044,0.024114216410739703,1.1149580617471353,1,0,7376.88101088669,True,5173.737753284051,0.5,0.0
2019-01-21 09:00:00+00:00,96.68571569679891,1.005608836253958,0.9633442148950585,1.0436380806844197,0.021750044185276176,2.919067363776689,4,0,7433.689519655406,True,2985.9588874429605,0.5,0.0
2019-01-21 10:00:00+00:00,245.3508687409314,0.9621304516396035,0.8766849232844197,1.0400000000000007,0.05214505966249082,4.386273428175233,9,18,7466.440516228694,True,1237.0360294086397,0.5,0.0
2019-01-21 11:00:00+00:00,235.77906998253619,0.9660962650824383,0.885422937347353,1.0400000000000007,0.048859254877623645,4.394276875826535,9,18,7359.776384854377,True,971.7567084679422,0.5,0.0
2019-01-21 12:00:00+00:00,230.3894947455269,0.9678877742657309,0.8887085688949833,1.0400000000000003,0.04740753212688389,4.3640281372568275,9,18,7340.179785115904,True,964.4074732571123,0.5,0.0
2019-01-21 13:00:00+00:00,137.97865747381908,0.995730089894501,0.9439932531995963,1.0400000000000003,0.027447368689891765,3.5048581426353604,6,3,7210.241039934663,True,2111.8638568720016,0.5,0.0
2019-01-21 14:00:00+00:00,41.23396396959534,1.021666714061857,0.982,1.0508558069057086,0.024918199483246466,1.4981034104793562,1,1,7101.104212477464,True,4450.745839992562,0.5,0.0
2019-01-21 15:00:00+00:00,43.860190676503834,1.018647120781202,0.982,1.0494872633041237,0.023262934153094342,0.7404131022330985,0,0,7108.684326280947,True,6456.722255073824,0.5,0.0
2019-01-21 16:00:00+00:00,49.15493243504861,1.0108733596379627,0.9675317722460776,1.0439726176303388,0.023976737988544737,0.8055555555555548,0,0,7401.242118011671,True,7108.979552655467,0.5,0.0
2019-01-21 17:00:00+00:00,50.07665777751069,1.0093373576442228,0.9633601388352249,1.0431649634513893,0.024522205297995592,0.8055555555555532,0,0,7464.312329159064,True,7160.557441628331,0.5,0.0
2019-01-21 18:00:00+00:00,49.39844079074105,1.0113854531573192,0.9684314873614802,1.045194322249994,0.023953223259908382,0.8055555555555554,0,0,7369.1269598858735,True,7061.886658693676,0.5,0.0
2019-01-21 19:00:00+00:00,47.45402551176686,1.0159968744906036,0.9807781359660721,1.0490640043804553,0.02289720998951169,0.7726060169979858,0,0,7047.429260357462,True,6741.051740352939,0.5,0.0
2019-01-21 20:00:00+00:00,45.656049229932705,1.0193191311394165,0.982,1.0518684371182183,0.023711433586799675,0.7700155144616567,0,1,6726.375971208915,True,6416.079482084582,0.5,0.0
2019-01-21 21:00:00+00:00,42.73650406830201,1.021420327257467,0.982,1.0532621500826869,0.024772122018881054,0.7539473319782041,0,1,6496.6844251423545,True,6203.867353361587,0.5,0.0
2019-01-21 22:00:00+00:00,38.206009515773054,1.024626750206533,0.982,1.0555290495956369,0.027036195968123282,0.7248905647009046,0,5,6140.612975551436,True,5847.133102414411,0.5,0.0
2019-01-21 23:00:00+00:00,33.12670154320111,1.027828587263278,0.982,1.0571389767902264,0.03002943363040001,0.6930736761716986,0,5,5828.974897655673,True,5497.91461726028,0.5,0.0
2019-01-22 00:00:00+00:00,30.70309645410245,1.0292879651165698,0.982,1.0585187473764957,0.03143240208111223,0.6858544832456439,0,5,5687.16963657986,True,5301.1599821757045,0.5,0.0
2019-01-22 01:00:00+00:00,28.448307350790692,1.030694313306172,0.982,1.0602851624415408,0.03279063345425873,0.680078650371803,0,6,5550.209091737893,True,5097.441506744926,0.5,0.0
2019-01-22 02:00:00+00:00,26.831681370884795,1.0315963470391658,0.982,1.0610992661383987,0.033669236853201605,0.674632748609642,0,6,5481.443553148803,True,4965.113869040357,0.5,0.0
2019-01-22 03:00:00+00:00,27.3386650314571,1.0311828905413296,0.982,1.0604312087321752,0.033277389142131755,0.686367512854234,0,6,5559.759244833419,True,4998.959015442097,0.5,0.0
2019-01-22 04:00:00+00:00,30.336854751729593,1.0286526020486155,0.982,1.057061399689403,0.03084581667393012,0.7156966405726768,0,6,5875.003545256683,True,5282.953705818635,0.5,0.0
2019-01-22 05:00:00+00:00,40.0185276373376,1.0218143522554926,0.982,1.0520098032673681,0.025091324884479176,0.795856305266794,0,1,6650.713301717577,True,6044.203243961458,0.5,0.0
2019-01-22 06:00:00+00:00,47.04466128709876,1.0160151144607197,0.9812388341428263,1.0474001126440096,0.02253286374549783,0.8134172011755856,0,0,7277.871301460675,True,6616.412734881755,0.5,0.0
2019-01-22 07:00:00+00:00,45.81377486721551,1.0153914871539051,0.9807089995530969,1.0460102752308331,0.022303464560951697,0.8036389184561911,0,0,7495.584586638168,True,6539.324206389578,0.5,0.0
2019-01-22 08:00:00+00:00,42.010995933387434,1.0182473476910745,0.982,1.0474247004407764,0.023154553072979443,1.1633240486417322,1,0,7593.091555176519,True,5221.960610645643,0.5,0.0
2019-01-22 09:00:00+00:00,74.01143941314648,1.0109316143220024,0.9751327117074923,1.0452114779032156,0.020750195890804013,2.4515181928158816,2,0,7619.47737472115,True,3653.383752312777,0.5,0.0
2019-01-22 10:00:00+00:00,138.2974789520299,0.9934809486010099,0.9426515160702813,1.0400000000000003,0.028329371951407438,3.4664156342130235,6,3,7663.4968747718885,True,2501.765341359289,0.5,0.0
2019-01-22 11:00:00+00:00,182.46533910956308,0.9807493372666821,0.9172616455555763,1.0400000000000003,0.037246139322966006,3.9004804396736534,8,8,7649.543540627146,True,1989.4279732272826,0.5,0.0
2019-01-22 12:00:00+00:00,148.1838998213263,0.990894552911164,0.937272614431906,1.04,0.0301606515573529,3.5818408568053823,6,4,7608.5556777902875,True,2294.9123783719983,0.5,0.0
2019-01-22 13:00:00+00:00,73.33727986521222,1.0111351982496042,0.97546050660711,1.0458408079397952,0.020874021579561003,2.4661447469828373,2,0,7555.7539123029455,True,3540.6951253118805,0.5,0.0
2019-01-22 14:00:00+00:00,39.90369351641941,1.0188988110165909,0.982,1.048138593896184,0.0235536286705434,1.0491035281455943,1,0,7481.5742677371545,True,5223.529530595129,0.5,0.0
2019-01-22 15:00:00+00:00,45.36351789966479,1.0165631420840835,0.982,1.0467496915710122,0.02270171628688225,0.8556861004501425,0,0,7412.658587843579,True,6318.548662805234,0.5,0.0
2019-01-22 16:00:00+00:00,50.40395368793898,1.012030460773039,0.9717761370362251,1.043421910520547,0.022668847202146233,0.8367996314964566,0,0,7691.131364561004,True,6731.505954693657,0.5,0.0
2019-01-22 17:00:00+00:00,50.759607655596376,1.0118681139007712,0.9713461894995271,1.0434691593608776,0.02268272311515559,0.8700279923647223,0,0,7716.534513724202,True,6686.461019473878,0.5,0.0
2019-01-22 18:00:00+00:00,49.736756496212315,1.0133555461878212,0.9745976811569705,1.0451242089625228,0.02258508970738573,0.9105698647734254,0,0,7590.368423816501,True,6559.022549813482,0.5,0.0
2019-01-22 19:00:00+00:00,45.505632335187784,1.0172394503952173,0.982,1.0484234822228968,0.023226864858779887,0.9009523774790079,0,0,7199.161447525852,True,6236.945855793842,0.5,0.0
2019-01-22 20:00:00+00:00,41.66873610407676,1.0204545442538575,0.982,1.051070317511808,0.02451089622483862,0.8659061803405341,0,1,6842.78277237709,True,5956.4546699753055,0.5,0.0
2019-01-22 21:00:00+00:00,38.44502387898699,1.02279394218636,0.982,1.052714354044757,0.02586156980221838,0.8317791134845524,0,4,6572.488168364484,True,5762.972650040578,0.5,0.0
2019-01-22 22:00:00+00:00,35.05628496217743,1.025804500624343,0.982,1.0550187308405217,0.028094050164844644,0.7984782808342178,0,5,6222.153498133037,True,5478.74295412811,0.5,0.0
2019-01-22 23:00:00+00:00,32.398962852066354,1.027856097724397,0.982,1.0570129089323435,0.030041561318968475,0.7675505874066403,0,5,5976.785550766183,True,5286.924000293377,0.5,0.0
2019-01-23 00:00:00+00:00,30.15124992140207,1.0295039630071017,0.982,1.0590669574912255,0.03162813045298359,0.7424592816568745,0,6,5770.415429622304,True,5112.865876391741,0.5,0.0
2019-01-23 01:00:00+00:00,29.230441503663215,1.0301039681166635,0.982,1.0597843631313586,0.032208290056962956,0.7254944216915968,0,6,5681.520078802274,True,5065.095285126074,0.5,0.0
2019-01-23 02:00:00+00:00,28.963206388474717,1.0303479306646481,0.982,1.0600260315705927,0.03245764817374626,0.7111686568760907,0,6,5641.610333641717,True,5069.084865865532,0.5,0.0
2019-01-23 03:00:00+00:00,29.89206820325093,1.0300755245775661,0.982,1.059525344125218,0.03220236190311281,0.7089077140481562,0,6,5677.404867063447,True,5155.4644509056325,0.5,0.0
2019-01-23 04:00:00+00:00,34.349134951393296,1.0269991552449262,0.982,1.0562952097916007,0.029222292451413993,0.7415701792492723,0,5,6011.256775237067,True,5528.52028266485,0.5,0.0
2019-01-23 05:00:00+00:00,45.05702364803529,1.0200178811176628,0.982,1.0518170527498667,0.02407231845722722,0.8119238413726687,0,1,6756.999553548173,True,6315.10152733826,0.5,0.0
2019-01-23 06:00:00+00:00,49.619586464260024,1.0120791127450428,0.9700513282050448,1.0455539248166068,0.02365876865449746,0.8016596903407356,0,0,7406.6810902794205,True,6996.577456403974,0.5,0.0
2019-01-23 07:00:00+00:00,48.86082013061471,1.011518368592159,0.9695656800912739,1.0443604754774798,0.023582146806429744,0.8014352796556649,0,0,7586.392754350372,True,6993.861735253628,0.5,0.0
2019-01-23 08:00:00+00:00,42.543868329765786,1.0167821354175817,0.982,1.0461946981679269,0.022834401124340577,0.7890450851195868,0,0,7666.259762751241,True,6082.089687182996,0.5,0.0
2019-01-23 09:00:00+00:00,48.1616794604524,1.0159412563165229,0.982,1.0471668590922334,0.022629700531897588,1.5394974599984652,1,0,7737.20013591492,True,4949.141692079092,0.5,0.0
2019-01-23 10:00:00+00:00,66.85070347716389,1.0114279928146437,0.9742535478727014,1.0458437378006638,0.021676858500156146,2.244588532742368,4,0,7747.66114679863,True,4109.747250421157,0.5,0.0
2019-01-23 11:00:00+00:00,72.71426627089068,1.010099789547981,0.9716062833019203,1.0456232559097276,0.0216278367766905,2.4095073412856003,4,0,7708.653878123411,True,3875.6556635120487,0.5,0.0
2019-01-23 12:00:00+00:00,58.31918505578798,1.0144375304143427,0.980190104886627,1.0472703130581544,0.021983603119837897,2.015209382079806,3,0,7625.533176301563,True,4286.0971219761705,0.5,0.0
2019-01-23 13:00:00+00:00,42.84685404051839,1.0184256836455592,0.982,1.048373170464354,0.02341775772995554,1.304844971290239,1,0,7535.780620681803,True,5078.525778582292,0.5,0.0
2019-01-23 14:00:00+00:00,41.746507052160915,1.0180989307436479,0.982,1.0480547779715979,0.023249096481499296,0.7283943068611759,0,0,7442.130362162086,True,6155.082114983157,0.5,0.0
2019-01-23 15:00:00+00:00,47.91669637812281,1.0133870857825704,0.9742692948100286,1.0461932572452355,0.02315286851265585,0.7924223440783187,0,0,7398.695030009219,True,6914.3210523172,0.5,0.0
2019-01-23 16:00:00+00:00,53.32399936029937,1.006502998432315,0.9550417612478189,1.0414088685762741,0.025466662425507693,0.8055555555554991,0,0,7665.980705375904,True,7259.485889420612,0.5,0.0
2019-01-23 17:00:00+00:00,51.85604079195214,1.0081257320701906,0.9599243865766607,1.0421752574159708,0.02476631828734483,0.8055555555555463,0,0,7628.775903802674,True,7171.032174914903,0.5,0.0
2019-01-23 18:00:00+00:00,49.89732710214611,1.0107385162521747,0.9668500549542391,1.0444297308572124,0.023999278203078643,0.8055555555555557,0,0,7485.565341577478,True,7043.017989789778,0.5,0.0
2019-01-23 19:00:00+00:00,47.92586286919858,1.015615179875765,0.9796202808025475,1.0486508017427028,0.022872882109557898,0.7720590863256956,0,0,7134.548701462069,True,6736.754114102853,0.5,0.0
2019-01-23 20:00:00+00:00,47.2175419538658,1.0188777665971684,0.982,1.0515490303883945,0.023555480605661754,0.7961435262250175,0,1,6816.774985284873,True,6464.122956453176,0.5,0.0
2019-01-23 21:00:00+00:00,44.918347557123525,1.0208131982197706,0.982,1.0528431523462387,0.02441814147723524,0.7858980694438035,0,1,6604.119137664564,True,6281.856160168787,0.5,0.0
2019-01-23 22:00:00+00:00,40.05866938241271,1.0243335429632516,0.982,1.0552853461271838,0.026794780182924905,0.7467801504529719,0,5,6211.829508690351,True,5920.826116902579,0.5,0.0
2019-01-23 23:00:00+00:00,36.458542612268005,1.0267839599259934,0.982,1.0565753207912947,0.0290000230369788,0.7152224870344568,0,5,5955.073301644367,True,5685.110731673897,0.5,0.0
2019-01-24 00:00:00+00:00,34.29599692953228,1.028352192824366,0.982,1.0577151488836505,0.03051088092887725,0.689137114720148,0,5,5748.945985239581,True,5516.059240882122,0.5,0.0
2019-01-24 01:00:00+00:00,32.93476095732567,1.0293487891710764,0.982,1.0588120288313936,0.03146879839479501,0.6737471858073474,0,5,5607.997250830151,True,5393.586793665503,0.5,0.0
2019-01-24 02:00:00+00:00,33.188170454863155,1.029180273747432,0.982,1.0587016851202586,0.031307608699816705,0.6693077986916486,0,5,5604.463224013984,True,5412.389456856861,0.5,0.0
2019-01-24 03:00:00+00:00,34.4981970716354,1.028562072452754,0.982,1.058234746725327,0.030710478258757917,0.6792922117901752,0,5,5666.593615680873,True,5501.5313202535735,0.5,0.0
2019-01-24 04:00:00+00:00,37.284904729982856,1.0264879902515247,0.982,1.0564604943484739,0.02872053867738564,0.7099341107622927,0,5,5927.956805038182,True,5785.955415477392,0.5,0.0
2019-01-24 05:00:00+00:00,47.54900894220388,1.019623599182235,0.982,1.052026518961079,0.02369654561835824,0.7638778557331426,0,1,6640.260595556658,True,6516.757753787053,0.5,0.0
2019-01-24 06:00:00+00:00,50.175897291071585,1.011185159000999,0.9671436457863872,1.0455388901129656,0.024369153148833388,0.8055555555555551,0,0,7258.242552266171,True,7149.377184151541,0.5,0.0
2019-01-24 07:00:00+00:00,51.466862543838786,1.0085240634461503,0.9601528465459607,1.0432664728242902,0.025162696429054554,0.8471871654904691,0,0,7465.497283767687,True,7258.784091113724,0.5,0.0
2019-01-24 08:00:00+00:00,46.57401827014937,1.0139458056444055,0.9772013161441485,1.0458371856538216,0.022816536476557864,0.7851025638403936,0,0,7530.653545016727,True,6849.146836110858,0.5,0.0
2019-01-24 09:00:00+00:00,43.21481778252978,1.0169817218852522,0.982,1.0466758845149784,0.022723850759089233,0.7554702877072791,0,0,7614.99649443445,True,6227.512479315326,0.5,0.0
2019-01-24 10:00:00+00:00,41.887168130133226,1.017733759730866,0.982,1.0465361615990587,0.023060776618350383,0.9524695230311888,0,0,7632.920983729444,True,5685.846659606677,0.5,0.0
2019-01-24 11:00:00+00:00,42.03057627741465,1.0182209171839895,0.982,1.0474248875704633,0.023273880018983947,1.1129655257778353,1,0,7573.474796533004,True,5427.2803171174355,0.5,0.0
2019-01-24 12:00:00+00:00,41.2270506877827,1.0184431617323964,0.982,1.0470155662363962,0.023323488348324452,0.8725830602048134,0,0,7544.8223021736,True,5714.627654594004,0.5,0.0
2019-01-24 13:00:00+00:00,43.090568701596496,1.0177764992953138,0.982,1.048056240361849,0.02303279802004338,0.7329168978038741,0,0,7463.562042924683,True,6244.566064223864,0.5,0.0
2019-01-24 14:00:00+00:00,47.47056660133555,1.0141132568755133,0.9770268914631257,1.0468798184009336,0.022991866538563967,0.7897388507392901,0,0,7422.702200346786,True,6890.473740846545,0.5,0.0
2019-01-24 15:00:00+00:00,51.844856962219815,1.009081301267833,0.9612608674368369,1.0443135209802519,0.02514789979729722,0.8511916034435568,0,0,7378.740417625524,True,7260.902091612553,0.5,0.0
2019-01-24 16:00:00+00:00,56.71643856749059,1.003156531173221,0.9440610581051929,1.0409871271430933,0.027360460331953496,0.9664178194052575,0,2,7545.555377708624,True,7513.630826963057,0.5,0.0
2019-01-24 17:00:00+00:00,56.62363782659564,1.002946675328513,0.9433159441473018,1.0410428511066117,0.027475493689949195,0.9619950878882559,0,2,7547.8365808458,True,7510.762231841329,0.5,0.0
2019-01-24 18:00:00+00:00,53.4945839370927,1.0068198110329558,0.9544059341861598,1.0431250628945488,0.026083248195712862,0.8897813696778796,0,0,7397.701758648395,True,7361.0541382523925,0.5,0.0
2019-01-24 19:00:00+00:00,48.77939032432585,1.0143004019337984,0.9759429334967207,1.0482462314713548,0.023432173338040246,0.8005627917696084,0,0,7017.615899429731,True,6986.171847006095,0.5,0.0
2019-01-24 20:00:00+00:00,48.71312892138067,1.0178808956478054,0.982,1.0513059649992498,0.02324034412910375,0.7666761404619882,0,1,6708.510851357521,True,6690.599845860901,0.5,0.0
2019-01-24 21:00:00+00:00,47.31481292412112,1.0203387014829104,0.982,1.0529981511600939,0.02402148364311524,0.7827833565996817,0,1,6448.119560126866,True,6446.901061652908,0.5,0.0
2019-01-24 22:00:00+00:00,42.466831151874246,1.02377855677766,0.982,1.0553400318616375,0.026233010684648558,0.7683860165312403,0,4,6082.019539359615,True,6084.062738395887,0.5,0.0
2019-01-24 23:00:00+00:00,38.42915946611719,1.0261356108928403,0.982,1.056714517098456,0.028364851936349862,0.7380228128687722,0,5,5834.858682319107,True,5827.125052023551,0.5,0.0
2019-01-25 00:00:00+00:00,35.8845464492197,1.0276640088710223,0.982,1.0576348270888847,0.029837995664437456,0.7186975903915382,0,5,5663.658592836529,True,5648.9512169927075,0.5,0.0
2019-01-25 01:00:00+00:00,34.57164726908772,1.0285042850738664,0.982,1.0584025671631008,0.030656119869910185,0.6915063840926776,0,5,5556.003584777588,True,5534.805591442102,0.5,0.0
2019-01-25 02:00:00+00:00,33.17275687461432,1.0293686170509488,0.982,1.0588025353435337,0.0315013456434094,0.6747474784555607,0,5,5479.918394254345,True,5458.1948605998805,0.5,0.0
2019-01-25 03:00:00+00:00,34.16152408577943,1.0287349187878227,0.982,1.0584147014670668,0.030900229450451604,0.6748406946193403,0,5,5561.4876508346715,True,5544.495813291899,0.5,0.0
2019-01-25 04:00:00+00:00,37.658930254413825,1.0262199920687567,0.982,1.0564723781210095,0.028475136621627237,0.7126664202609642,0,5,5864.777751953223,True,5850.846645541566,0.5,0.0
2019-01-25 05:00:00+00:00,47.4790456384546,1.0193295715316948,0.982,1.0519081952181355,0.023529762148608097,0.7540899327635933,0,1,6597.693371682572,True,6579.608779429684,0.5,0.0
2019-01-25 06:00:00+00:00,49.612429862411595,1.012080970016939,0.9697793479257049,1.0461906676897221,0.024051009745230535,0.8055555555555549,0,0,7184.971089573701,True,7134.119091309052,0.5,0.0
2019-01-25 07:00:00+00:00,50.997675279107106,1.0095937994515707,0.963202461987472,1.0439620026701049,0.024752000499736557,0.8386451212439376,0,0,7425.17763190171,True,7227.505643068648,0.5,0.0
2019-01-25 08:00:00+00:00,46.74491925316933,1.0140259915282388,0.9772651623745583,1.0459965068846977,0.022782543773602188,0.7846262708639041,0,0,7532.115049242038,True,6845.16426358968,0.5,0.0
2019-01-25 09:00:00+00:00,42.944668473213426,1.0168241812625813,0.982,1.0466191126050515,0.022759133645484004,0.763511016389025,0,0,7630.221854465925,True,6200.328537054116,0.5,0.0
2019-01-25 10:00:00+00:00,41.12314057251552,1.0181703168563758,0.982,1.0471656690779783,0.02322453569907719,1.0827512750683141,1,0,7606.1297729176495,True,5444.355314465692,0.5,0.0
2019-01-25 11:00:00+00:00,42.86592209647228,1.0181392818687305,0.982,1.0480506249011214,0.023254467433454953,1.359886639273478,1,0,7560.625018859136,True,5018.819269213156,0.5,0.0
2019-01-25 12:00:00+00:00,40.894147941512635,1.019531484839926,0.982,1.04899874285985,0.02388099115537053,1.292664572857085,1,0,7417.860476151482,True,4947.823536382262,0.5,0.0
2019-01-25 13:00:00+00:00,37.33730376033264,1.0206775233913463,0.982,1.0493453422821197,0.024511937149333817,0.9187548678295282,0,0,7299.246121719077,True,5287.638844322455,0.5,0.0
2019-01-25 14:00:00+00:00,38.122248451854624,1.0203764889125848,0.982,1.0492328843649386,0.02429643282100747,0.6930675655807502,0,0,7184.692277942828,True,5848.868348897397,0.5,0.0
2019-01-25 15:00:00+00:00,43.311018489288344,1.0185710874918976,0.982,1.048918338213163,0.023387685892423373,0.809179327898937,0,0,7138.860751113263,True,6310.897085906007,0.5,0.0
2019-01-25 16:00:00+00:00,47.82374535959033,1.0146379345736756,0.9778960417450953,1.0459564860669783,0.022497744178263442,0.8243344295174829,0,0,7430.356514338961,True,6659.988132764544,0.5,0.0
2019-01-25 17:00:00+00:00,48.20862560045467,1.0146697081959088,0.9779205332209624,1.0459658672135312,0.022461263105002318,0.8817570071531325,0,0,7463.582897888561,True,6546.926835322156,0.5,0.0
2019-01-25 18:00:00+00:00,46.151900438450795,1.0161894398996547,0.9804566048168447,1.0472514222524762,0.022794936091318448,0.9049724257254282,0,0,7313.8619506264085,True,6299.579711661723,0.5,0.0
2019-01-25 19:00:00+00:00,40.33191838753977,1.020249137516061,0.982,1.0499456327177419,0.024405692768641286,0.8674525611627251,0,0,6876.423107564767,True,5781.89898359559,0.5,0.0
2019-01-25 20:00:00+00:00,36.89801276744758,1.022813531647061,0.982,1.0518152883422471,0.02600757325881683,0.8321246231762834,0,4,6567.454241546486,True,5445.416702703158,0.5,0.0
2019-01-25 21:00:00+00:00,34.80383502623421,1.024167037504015,0.982,1.0528405200320448,0.026901761885170964,0.8134021646776136,0,4,6406.506802269459,True,5297.284419134962,0.5,0.0
2019-01-25 22:00:00+00:00,30.895536997243312,1.0268970773495742,0.982,1.0557880622727196,0.029189427078216673,0.7804010310791766,0,6,6078.21583275346,True,4962.527483508585,0.5,0.0
2019-01-25 23:00:00+00:00,28.026904825530703,1.0293084739677376,0.982,1.0587595774027425,0.03151854879708203,0.7511126535155228,0,6,5781.030997716617,True,4641.326468017321,0.5,0.0
2019-01-26 00:00:00+00:00,25.886583778177656,1.0312572875014479,0.982,1.0610649017771885,0.03337789691932877,0.7467128448664059,0,6,5546.636582822956,True,4367.175296635398,0.5,0.0
2019-01-26 01:00:00+00:00,24.573614875684083,1.0324100618560093,0.982,1.0626880465937678,0.03449214791462197,0.7499119642903317,0,7,5384.779840487137,True,4193.088709439942,0.5,0.0
2019-01-26 02:00:00+00:00,23.87757280321665,1.0328773221590775,0.982,1.0634340780401244,0.034937867694027874,0.7373868296726594,0,7,5316.693210224027,True,4130.107576898728,0.5,0.0
2019-01-26 03:00:00+00:00,23.6381079462416,1.0331156442249012,0.982,1.0638114712717743,0.035166332617305875,0.7138824782618592,0,7,5294.636610330312,True,4147.985615670349,0.5,0.0
2019-01-26 04:00:00+00:00,22.79203203237497,1.033473566231591,0.982,1.0637751376928188,0.035511624438013034,0.6939564623439057,0,7,5259.760229446494,True,4188.369379831058,0.5,0.0
2019-01-26 05:00:00+00:00,23.281615732714382,1.033021628316241,0.982,1.0629890372930744,0.035080899888420856,0.7050146224306647,0,7,5316.996202815463,True,4218.085352301748,0.5,0.0
2019-01-26 06:00:00+00:00,26.011674340343774,1.0305117981339293,0.982,1.0600022756161338,0.03265458347294869,0.734376236162208,0,6,5632.712372836828,True,4496.9853423974055,0.5,0.0
2019-01-26 07:00:00+00:00,28.677745535252672,1.027759718069097,0.982,1.056652504294568,0.030020601836445556,0.7465864217894483,0,6,5989.677339712496,True,4797.475229108939,0.5,0.0
2019-01-26 08:00:00+00:00,30.254469111223415,1.0258576456343547,0.982,1.0545282945542975,0.028190227174423692,0.7690400409892579,0,5,6336.501999428276,True,4854.586104479185,0.5,0.0
2019-01-26 09:00:00+00:00,30.442845287422443,1.0253142161886297,0.982,1.0537625349660258,0.027679864415091772,0.8837805371425449,0,5,6511.486532160898,True,4668.81221079879,0.5,0.0
2019-01-26 10:00:00+00:00,31.752544099682662,1.0251750683185867,0.982,1.053647552921804,0.02753584677117373,1.0485841460107796,2,4,6549.743121509126,True,4270.420361669512,0.5,0.0
2019-01-26 11:00:00+00:00,34.43277484551663,1.0252972963133662,0.982,1.05405175803593,0.0276742997024448,1.3195423039728935,2,4,6481.036605510942,True,3868.883296722973,0.5,0.0
2019-01-26 12:00:00+00:00,35.290454637055106,1.0265665888796012,0.982,1.0553374593934366,0.02890734695861813,1.4494106169263965,2,5,6257.293059731652,True,3506.973636288415,0.5,0.0
2019-01-26 13:00:00+00:00,31.57629762577588,1.0278774573296687,0.982,1.056755758710692,0.03017176213353303,1.2571076189555501,2,5,6141.010271467161,True,3635.9071258778513,0.5,0.0
2019-01-26 14:00:00+00:00,27.714756215791283,1.0284236850774142,0.982,1.0572575127806996,0.030685784039986272,0.9368673407767719,0,6,6075.061995971532,True,4162.549389236908,0.5,0.0
2019-01-26 15:00:00+00:00,29.362569392596896,1.027233433227246,0.982,1.0558951158018464,0.02950415369557013,0.8134274297994555,0,6,6083.126537253896,True,4640.313178717235,0.5,0.0
2019-01-26 16:00:00+00:00,33.879832178420195,1.0241768571831058,0.982,1.0524586197046266,0.02687679098094617,0.8581646760612044,0,4,6399.25555818988,True,5070.43866001308,0.5,0.0
2019-01-26 17:00:00+00:00,35.32721607937592,1.023460650182576,0.982,1.0520528927824648,0.02637677815501758,0.9074979767919096,0,4,6470.152097899268,True,5058.338237099182,0.5,0.0
2019-01-26 18:00:00+00:00,33.705210485801864,1.0251107259882635,0.982,1.0540842005955824,0.027617234743763684,0.9422162644082389,0,5,6249.663422033936,True,4760.058952533535,0.5,0.0
2019-01-26 19:00:00+00:00,31.300264972124822,1.0277651114646293,0.982,1.0571232047432797,0.029993318155146376,0.9836521657003755,0,6,5884.952950442166,True,4319.457364699376,0.5,0.0
2019-01-26 20:00:00+00:00,31.014012109519257,1.0288070956510944,0.982,1.0586495782717966,0.03101788323614354,1.030580429526446,1,6,5705.88585326524,True,4083.8353168692474,0.5,0.0
2019-01-26 21:00:00+00:00,30.036080622196483,1.0296552487590118,0.982,1.0593360996391201,0.03182059772497866,1.0258619415087245,2,6,5597.733857002875,True,3960.607023597736,0.5,0.0
2019-01-26 22:00:00+00:00,28.44833024008469,1.0318755848308818,0.982,1.0615304567313593,0.03396028361528059,1.0460566063471133,2,6,5277.092564941018,True,3601.4477493443173,0.5,0.0
2019-01-26 23:00:00+00:00,27.795485066545634,1.0334918398222313,0.982,1.063137969721461,0.03550999993037101,1.0773526545107228,2,8,5037.638633165816,True,3320.355900944787,0.5,0.0
2019-01-27 00:00:00+00:00,26.49696105551528,1.034839224389854,0.982,1.064898704224457,0.036811678189078635,1.0728984115850733,2,8,4835.790405093861,True,3122.761160062732,0.5,0.0
2019-01-27 01:00:00+00:00,26.060997527412727,1.035821719978489,0.982,1.0661861033220534,0.037754825766129874,1.0881923108134794,2,8,4675.379761716793,True,2937.4607510132396,0.5,0.0
2019-01-27 02:00:00+00:00,26.47125656088008,1.0358554286420019,0.982,1.066468974262572,0.03778140839479647,1.1109168011495105,2,9,4636.976426228604,True,2854.2406170214645,0.5,0.0
2019-01-27 03:00:00+00:00,26.99895597797847,1.0355851760904928,0.982,1.0662814501884819,0.03751252993196229,1.1267837260868392,2,8,4660.772718736344,True,2845.8763632230557,0.5,0.0
2019-01-27 04:00:00+00:00,26.33885604454285,1.0359900215550728,0.982,1.06641265321625,0.037910083908034756,1.117667232692526,2,9,4604.701755856026,True,2816.593445672996,0.5,0.0
2019-01-27 05:00:00+00:00,25.828838632111317,1.036635617451871,0.982,1.0668557690221834,0.038533303659623,1.1134559546421832,2,10,4525.356760773611,True,2757.7612171641003,0.5,0.0
2019-01-27 06:00:00+00:00,25.985813966993618,1.0354302997211222,0.982,1.0653239169568156,0.03736783399659097,1.0862180186265329,2,8,4741.499926754066,True,3009.4984622353027,0.5,0.0
2019-01-27 07:00:00+00:00,26.50389863798254,1.0342621587623764,0.982,1.0633377872683059,0.03624201331772609,1.1063403216618517,2,8,4983.68198818801,True,3129.481400022611,0.5,0.0
2019-01-27 08:00:00+00:00,32.14429503639373,1.031760092709124,0.982,1.060529025348097,0.03384731660892892,1.3012436098728506,2,6,5342.657162058032,True,2832.3562105200594,0.5,0.0
2019-01-27 09:00:00+00:00,44.83519368223725,1.0283410352054245,0.982,1.0568083201428309,0.030558483465506044,1.793775745063625,2,5,5544.86642463737,True,2321.9955796543873,0.5,0.0
2019-01-27 10:00:00+00:00,65.05483503366072,1.022452722639194,0.982,1.0526125514161349,0.024861285116310448,2.354816007201774,2,2,5795.259393811975,True,1868.342333871161,0.5,0.0
2019-01-27 11:00:00+00:00,83.86726697346937,1.0179928260168742,0.982,1.0501907790555551,0.021456017874491282,2.75622740843559,2,1,5801.537850908197,True,1408.0467728812746,0.5,0.0
2019-01-27 12:00:00+00:00,77.4315322628681,1.0212472432642552,0.982,1.0518335221210025,0.0237067961603676,2.7623686471807987,2,2,5573.918758295293,True,1078.9836768326995,0.5,0.0
2019-01-27 13:00:00+00:00,61.71801429510948,1.0252767484249061,0.982,1.0547450913933993,0.027613619070781425,2.402241957185666,2,3,5453.624250200723,True,1565.3085395574046,0.5,0.0
2019-01-27 14:00:00+00:00,29.234257950587672,1.0325903512457841,0.982,1.0612512204915396,0.0347077034995138,1.3826025166062377,2,6,5391.1202246675,True,2791.388749751886,0.5,0.0
2019-01-27 15:00:00+00:00,22.962163517699548,1.032550772948271,0.982,1.0617186366639406,0.034644167065392244,0.8256775361894473,0,6,5448.527209740117,True,3912.6288577093164,0.5,0.0
2019-01-27 16:00:00+00:00,27.436071547194196,1.0290419692260666,0.982,1.0573335067486909,0.031232706315026296,0.7828059093060076,0,6,5818.1707869959,True,4612.265578001548,0.5,0.0
2019-01-27 17:00:00+00:00,29.529439880652408,1.0277137572051183,0.982,1.0556395982888012,0.02994569881652996,0.8208563142644113,0,6,5989.86198742487,True,4722.9656207830085,0.5,0.0
2019-01-27 18:00:00+00:00,29.125640812875268,1.0281993036471335,0.982,1.0566971332167352,0.03042003860572752,0.8323855914139893,0,6,5910.881278815572,True,4613.637681909189,0.5,0.0
2019-01-27 19:00:00+00:00,27.42341308092879,1.0297472604445805,0.982,1.0591420160562073,0.0319168267202833,0.8205412538635797,0,6,5703.062267279053,True,4404.802646272319,0.5,0.0
2019-01-27 20:00:00+00:00,26.521642464150556,1.0310380976782103,0.982,1.0608923613839736,0.03316604236065717,0.8110007260750893,0,6,5551.250948446178,True,4261.259732626674,0.5,0.0
2019-01-27 21:00:00+00:00,26.668948010926044,1.0309194209020045,0.982,1.0606276074006749,0.03304127981786485,0.7927583929321851,0,6,5583.859079042717,True,4309.735470148279,0.5,0.0
2019-01-27 22:00:00+00:00,24.453831029115918,1.0332555819530787,0.982,1.0635245433456204,0.035288223881802104,0.7667151516480115,0,8,5297.860231950144,True,4043.480022284839,0.5,0.0
2019-01-27 23:00:00+00:00,22.434619641618895,1.0351014120607276,0.982,1.0655341249363237,0.03707278877244075,0.7523086929969086,0,8,5060.606587293268,True,3841.6364552363984,0.5,0.0
2019-01-28 00:00:00+00:00,21.038961480396036,1.036171871946981,0.982,1.066861702202412,0.03810504887210811,0.7612611858414071,0,10,4891.777927769066,True,3657.1266255841924,0.5,0.0
2019-01-28 01:00:00+00:00,20.669057851953028,1.0364223372877102,0.982,1.067325545221095,0.038349616402921956,0.7625626666034188,0,10,4844.536372156419,True,3607.768466189955,0.5,0.0
2019-01-28 02:00:00+00:00,20.94467944762412,1.0359449478063685,0.982,1.0669687189830424,0.03789008855972315,0.7463010691298742,0,10,4909.258525355261,True,3694.3504643054525,0.5,0.0
2019-01-28 03:00:00+00:00,22.048586083328168,1.0347234538964334,0.982,1.0656397765049723,0.03671624839622766,0.7094970753396441,0,8,5088.689719674907,True,3939.5758530754542,0.5,0.0
2019-01-28 04:00:00+00:00,24.778027288929678,1.0323333952461407,0.982,1.0621210666730185,0.03440430457205879,0.7225579549186698,0,6,5441.352542365178,True,4333.707431082119,0.5,0.0
2019-01-28 05:00:00+00:00,34.03058609561399,1.0252391606593607,0.982,1.0535931371823009,0.027714893047787532,0.8197105659312263,0,5,6322.84726719303,True,5184.218229046028,0.5,0.0
2019-01-28 06:00:00+00:00,43.04120630167975,1.0187850544331445,0.982,1.0486066075140108,0.023782515204174706,0.8980751666733774,0,0,7070.292555683354,True,5938.6195703533385,0.5,0.0
2019-01-28 07:00:00+00:00,43.5841942001112,1.0178068732110732,0.982,1.0468763973252069,0.023315707550101022,0.8693675468585873,0,0,7315.202315422909,True,5907.646664957165,0.5,0.0
2019-01-28 08:00:00+00:00,42.97694430114153,1.0186035117282035,0.982,1.0484234680361562,0.023408387640533174,1.1179827114207062,2,0,7411.082079186035,True,5035.832855412706,0.5,0.0
2019-01-28 09:00:00+00:00,57.570818595182274,1.0154886109402672,0.982,1.0475996610282348,0.021680532168179053,1.8890496889471864,2,0,7490.047797357064,True,4071.2978157946986,0.5,0.0
2019-01-28 10:00:00+00:00,84.63506229631088,1.0088554853793243,0.9719535540497156,1.0442657802324338,0.020137211229105716,2.581232285138529,2,0,7539.235108342226,True,3292.8167554084825,0.5,0.0
2019-01-28 11:00:00+00:00,98.28411772415443,1.0050733628878492,0.9651523332396836,1.0426564363604145,0.02098826609447147,2.817466530296512,2,0,7574.551373764265,True,3020.9654594312815,0.5,0.0
2019-01-28 12:00:00+00:00,76.72547189188423,1.0104291941085621,0.9737148809273071,1.0455093248221068,0.02060213221176958,2.3572265778958,2,0,7584.409820514235,True,3550.417587874419,0.5,0.0
2019-01-28 13:00:00+00:00,56.137704616627246,1.0156869999415805,0.982,1.047980658973392,0.021933195463394596,1.7232832553533008,2,0,7498.713146443426,True,4233.481767554297,0.5,0.0
2019-01-28 14:00:00+00:00,45.58329239960736,1.0178289682143051,0.982,1.0484096373441871,0.023196443640749125,1.1685773012260858,1,0,7414.439629850627,True,5068.15721998288,0.5,0.0
2019-01-28 15:00:00+00:00,46.05218912112302,1.0170209068107483,0.9816411421955602,1.047155229578391,0.023070856994436437,0.9788903116354094,0,0,7337.7872166166635,True,5654.365140100069,0.5,0.0
2019-01-28 16:00:00+00:00,49.70125484254858,1.0144884713421674,0.9764261639018513,1.0447180603505841,0.02259159141242098,0.9612588252695449,0,0,7527.815623028888,True,6105.759113437168,0.5,0.0
2019-01-28 17:00:00+00:00,49.12655676308087,1.0146275923729693,0.9769338542893694,1.044765285658266,0.022585062015461614,0.9498541766570284,0,0,7505.602922192318,True,6154.250249024192,0.5,0.0
2019-01-28 18:00:00+00:00,46.71166919094385,1.0162575541746754,0.9797496168780715,1.0463858810417888,0.02294554737394389,0.9405363581269726,0,0,7326.391452040586,True,5999.073922190781,0.5,0.0
2019-01-28 19:00:00+00:00,41.55977486449875,1.0198984429913325,0.982,1.0492489269656078,0.024283016620887346,0.8976184070421209,0,0,6924.99825680349,True,5627.275689245134,0.5,0.0
2019-01-28 20:00:00+00:00,37.6987810371281,1.0229867825540837,0.982,1.0517334802914218,0.02612928029111771,0.8588938544857836,0,4,6576.246438288479,True,5327.251027942035,0.5,0.0
2019-01-28 21:00:00+00:00,34.5128092996543,1.025098787317902,0.982,1.0536502675317836,0.027618463773411334,0.8259009526191495,0,5,6334.022221349211,True,5129.500800586796,0.5,0.0
2019-01-28 22:00:00+00:00,30.272266804627773,1.0285904245160926,0.982,1.057716895639172,0.030801816959466616,0.7883106505502937,0,6,5920.652640601613,True,4723.743285526214,0.5,0.0
2019-01-28 23:00:00+00:00,27.438279347349365,1.0309692490072517,0.982,1.0609350271539744,0.03308278004343588,0.7658564399663349,0,6,5617.464293288672,True,4409.673653621861,0.5,0.0
2019-01-29 00:00:00+00:00,25.68175743773554,1.0322497497671161,0.982,1.0627356752413422,0.0343183966531913,0.7478900749471821,0,7,5430.066234439737,True,4197.999117317426,0.5,0.0
2019-01-29 01:00:00+00:00,24.67561322448704,1.032934263057309,0.982,1.063809887837337,0.03497552284316829,0.7385434575112205,0,7,5332.653351382165,True,4119.479995362782,0.5,0.0
2019-01-29 02:00:00+00:00,24.766692168471742,1.0328371819237452,0.982,1.063680570095703,0.034879710665959844,0.7402826097832451,0,7,5348.174063586656,True,4141.267619195588,0.5,0.0
2019-01-29 03:00:00+00:00,25.75453544957906,1.0319274340798075,0.982,1.062705800127795,0.03399536453515822,0.7545204250780706,0,7,5472.028402513012,True,4302.8528867673995,0.5,0.0
2019-01-29 04:00:00+00:00,28.62550886118253,1.029478516716393,0.982,1.0592419374536295,0.03164401532162844,0.7740566592215966,0,6,5799.574610272942,True,4697.398916418631,0.5,0.0
2019-01-29 05:00:00+00:00,37.25632976943122,1.0228870881422214,0.982,1.0521080462723755,0.025995638255885297,0.8395383162353981,0,4,6585.873041364986,True,5583.718015717323,0.5,0.0
2019-01-29 06:00:00+00:00,45.66010658165006,1.0174425517231236,0.982,1.0483623773689954,0.023212324905319243,0.8954955681553323,0,0,7197.170489611385,True,6273.012592492767,0.5,0.0
2019-01-29 07:00:00+00:00,45.30856454072163,1.0169064787261777,0.982,1.0473136710986282,0.02293451181356541,0.859968421183861,0,0,7388.210290593011,True,6281.939816294792,0.5,0.0
2019-01-29 08:00:00+00:00,40.08516386131333,1.0187137433655324,0.982,1.0476645865438494,0.023641762581494714,0.7780028327168149,0,0,7472.876573029691,True,5619.360180471501,0.5,0.0
2019-01-29 09:00:00+00:00,49.43846795089721,1.0177315793969546,0.982,1.0484700863725587,0.022863820352940007,1.7179242777469346,2,0,7457.78100163645,True,4359.78460127867,0.5,0.0
2019-01-29 10:00:00+00:00,95.16711011163977,1.0059222255231783,0.9654638910243588,1.0431893779461536,0.02109520664959922,2.887221217598508,4,0,7492.363981406641,True,2969.809595122888,0.5,0.0
2019-01-29 11:00:00+00:00,140.26474480647218,0.9943175842050059,0.9436218832790404,1.0400000000000003,0.027899566449142637,3.5125340028610776,6,3,7395.642414560515,True,2166.2536159998,0.5,0.0
2019-01-29 12:00:00+00:00,142.243302818702,0.9941893503325104,0.9430213981293311,1.04,0.028035986838720224,3.532633514696347,6,3,7342.8212896729965,True,2097.213084997066,0.5,0.0
2019-01-29 13:00:00+00:00,85.95631531378832,1.0099015017461852,0.9725187229256969,1.0458770587126611,0.020671322684271395,2.754510801382998,3,0,7248.9826189943815,True,2928.3402709623138,0.5,0.0
2019-01-29 14:00:00+00:00,41.558701210248856,1.0209594955508006,0.982,1.0506479636952808,0.024561556011219305,1.499683836118929,2,1,7176.561347669742,True,4423.238440861771,0.5,0.0
2019-01-29 15:00:00+00:00,37.63525083076844,1.0212874311616567,0.982,1.0499684104270102,0.02473088514216892,0.7017835606163848,0,0,7040.78825911521,True,5869.875195957538,0.5,0.0
2019-01-29 16:00:00+00:00,46.871838942024084,1.0160327401880336,0.9813433343601461,1.0471640508607643,0.02252608625569023,0.7949685967457991,0,0,7284.8269237178765,True,6650.12671928535,0.5,0.0
2019-01-29 17:00:00+00:00,47.87880274087158,1.0148771652254958,0.9784587726186041,1.0461686578282503,0.022489838974408743,0.8010862818493824,0,0,7400.772099566505,True,6692.5792645895,0.5,0.0
2019-01-29 18:00:00+00:00,46.83068562932863,1.0165360409543776,0.9817722407263576,1.0475173254587629,0.02276321845167345,0.8795474383297733,0,0,7286.614237324406,True,6444.062634262014,0.5,0.0
2019-01-29 19:00:00+00:00,42.03414224793501,1.0197759027392932,0.982,1.0498054977686693,0.024090106773067096,0.8660385911214584,0,0,6949.031447257639,True,6038.365420262399,0.5,0.0
2019-01-29 20:00:00+00:00,37.21618442449888,1.0235927060424093,0.982,1.0524495183701272,0.0263961366760714,0.8264683265159255,0,4,6538.37748226461,True,5631.377469618346,0.5,0.0
2019-01-29 21:00:00+00:00,33.93150624949619,1.0259410154022175,0.982,1.0538573200760408,0.028235147177894354,0.7934002291283898,0,5,6273.885538971682,True,5389.7389682992425,0.5,0.0
2019-01-29 22:00:00+00:00,29.734329958548173,1.0291559482882213,0.982,1.0580277510248337,0.03133437120909173,0.7592201989671122,0,6,5882.828284167834,True,4987.996793778481,0.5,0.0
2019-01-29 23:00:00+00:00,26.911511276581844,1.0310593509279424,0.982,1.0603999629255452,0.033170419765516344,0.7312275812923794,0,6,5638.438793851141,True,4734.421505650513,0.5,0.0
2019-01-30 00:00:00+00:00,25.074366097644447,1.032341655423473,0.982,1.0617947485784387,0.0344103998584632,0.7103975214639552,0,6,5476.417177942051,True,4552.721450141094,0.5,0.0
2019-01-30 01:00:00+00:00,24.21863992263205,1.0329002032930004,0.982,1.0627358378239398,0.03494530705916631,0.7069070360147898,0,7,5390.475398249795,True,4432.611877067438,0.5,0.0
2019-01-30 02:00:00+00:00,24.143749506125403,1.0327963843995491,0.982,1.0626787629975685,0.03484817607185133,0.7080286737593199,0,7,5392.620929943666,True,4401.557597583407,0.5,0.0
2019-01-30 03:00:00+00:00,25.277148784266355,1.0319848134379566,0.982,1.061786972890913,0.03406879450567405,0.7239528916637256,0,6,5495.977154489933,True,4470.239868268367,0.5,0.0
2019-01-30 04:00:00+00:00,28.503880227103707,1.0293299529873903,0.982,1.0581319757422487,0.031513537008119284,0.7567637699646045,0,6,5839.473203073154,True,4776.726162623801,0.5,0.0
2019-01-30 05:00:00+00:00,37.03597882746796,1.0231780721351187,0.982,1.0513986796366876,0.026157054090045578,0.8384010145209675,0,4,6587.129967707739,True,5486.377943207135,0.5,0.0
2019-01-30 06:00:00+00:00,44.15892965354847,1.0186503270931613,0.982,1.0477900988231494,0.02358918849724436,0.9053036414677618,0,0,7136.838238445747,True,5997.087674847994,0.5,0.0
2019-01-30 07:00:00+00:00,42.655243511929626,1.0188916861977988,0.982,1.04715940996618,0.023604677089269017,0.8554227887160571,0,0,7306.85071702521,True,5727.943602887898,0.5,0.0
2019-01-30 08:00:00+00:00,45.93225667006304,1.0196657618095246,0.982,1.0488057995460756,0.023654248167007876,1.3810660123561356,2,0,7301.431643724114,True,4560.601693921331,0.5,0.0
2019-01-30 09:00:00+00:00,74.14455091237907,1.012493576056478,0.9786960241501517,1.0457589972161765,0.02045288714509592,2.3734080595058806,2,0,7422.05472411251,True,3477.9408896835016,0.5,0.0
2019-01-30 10:00:00+00:00,141.5034234127698,0.9943335830160844,0.9461697076243613,1.04,0.02737579841153167,3.4314782254453475,4,3,7506.974190869305,True,2299.5764536664365,0.5,0.0
2019-01-30 11:00:00+00:00,211.6179649848456,0.9742898567552521,0.9073885675467449,1.0400000000000005,0.04165530246993854,4.038661844239258,8,15,7502.3331711115825,True,1596.7215204772715,0.5,0.0
2019-01-30 12:00:00+00:00,136.48312285371173,0.9951722714331203,0.9463976339962765,1.0400000000000003,0.027028299385156825,3.354606040108699,3,3,7543.44987191696,True,2348.61058110763,0.5,0.0
2019-01-30 13:00:00+00:00,68.22138648151133,1.0134867827332874,0.9793618270703565,1.047287559804472,0.021068902392126446,2.21923785454478,2,0,7410.37299849605,True,3573.2410031022437,0.5,0.0
2019-01-30 14:00:00+00:00,43.77650475501389,1.0195724135112476,0.982,1.0494335586267072,0.023798501614187943,1.1905677638845227,2,0,7273.129254299392,True,4745.667750848936,0.5,0.0
2019-01-30 15:00:00+00:00,42.67237193924886,1.0190293831041224,0.982,1.047911285333056,0.023736359195875828,0.8724382037924585,0,0,7177.540949760606,True,5657.002790593866,0.5,0.0
2019-01-30 16:00:00+00:00,47.40120845166719,1.016120351698438,0.9800150420833827,1.0453012140847324,0.022705157635601245,0.9418992454533067,0,0,7393.502460920533,True,6067.473165999102,0.5,0.0
2019-01-30 17:00:00+00:00,48.20735655485039,1.0155642659501423,0.9786659135552364,1.0450985772800223,0.02263290297046601,0.9530022150914387,0,0,7447.474778722834,True,6125.208718691549,0.5,0.0
2019-01-30 18:00:00+00:00,46.38618555641078,1.0167303410269302,0.9805915251180354,1.0464678625648824,0.023082717077959437,0.9462358845000912,0,0,7310.1099177085825,True,6017.151378693807,0.5,0.0
2019-01-30 19:00:00+00:00,41.40972698022054,1.0204135163638388,0.982,1.0494716662580361,0.024486146989371856,0.895633187960202,0,0,6903.627794261117,True,5692.715893585705,0.5,0.0
2019-01-30 20:00:00+00:00,37.70374443246274,1.0231270012226172,0.982,1.0520015028385552,0.026174056151674095,0.851755798871897,0,4,6583.787767356418,True,5496.429466719424,0.5,0.0
2019-01-30 21:00:00+00:00,34.38215505365835,1.0252896767732722,0.982,1.0534843942280774,0.027714140227069882,0.8074726472865075,0,5,6331.906293466975,True,5358.13054941515,0.5,0.0
2019-01-30 22:00:00+00:00,30.01704875399933,1.0286178459955941,0.982,1.0575418322866452,0.030827103847278322,0.7595400367622811,0,6,5927.219131272459,True,5024.311151802798,0.5,0.0
2019-01-30 23:00:00+00:00,27.182004771123168,1.0308151672545596,0.982,1.060088871768057,0.0329291727325305,0.7268634792665931,0,6,5659.962004793791,True,4827.51800562496,0.5,0.0
2019-01-31 00:00:00+00:00,25.41672773129477,1.0322060694534905,0.982,1.0618191347091812,0.03427149723131207,0.6972617806101119,0,6,5471.084201168168,True,4717.472660597414,0.5,0.0
