timestamp,losses_mw,vm_mean,vm_min,vm_max,voltage_deviation_pu,max_line_loading,n_overloaded_lines,n_voltage_violations,total_load_mw,converged,total_gen_mw,ev_soc_mean,ev_p_total
2019-01-01 00:00:00+00:00,19.60335756167848,1.0400766938647172,0.982,1.0710433643911754,0.041958745146768436,0.9470759081317536,0,15,4207.2643268392085,True,2673.302662475884,0.5,0.0
2019-01-01 01:00:00+00:00,19.19708979953882,1.040713764499642,0.982,1.0722271567825985,0.04259581578169307,0.954054488624117,0,15,4058.7755091979243,True,2505.443403980965,0.5,0.0
2019-01-01 02:00:00+00:00,20.544718098411593,1.041089459309289,0.982,1.0725512567217794,0.04297151059134011,1.018639255872534,1,15,3939.2702026693996,True,2302.4460040263134,0.5,0.0
2019-01-01 03:00:00+00:00,22.818076413192166,1.0405736022705003,0.982,1.0720672734581058,0.042455653552551494,1.094753135836495,2,15,3936.577810614589,True,2181.5046597178853,0.5,0.0
2019-01-01 04:00:00+00:00,24.682386206633637,1.0403665319820397,0.982,1.0711864176804557,0.04224858326409077,1.160411748675228,2,15,3909.7613648816036,True,2074.956673764894,0.5,0.0
2019-01-01 05:00:00+00:00,26.376604553422297,1.0402770052843822,0.982,1.0706791079030742,0.04215905656643329,1.2165058349892601,2,15,3860.679846758464,True,1952.211738806512,0.5,0.0
2019-01-01 06:00:00+00:00,27.89715019573543,1.0396264964385131,0.982,1.0696341327034227,0.04150854772056447,1.2565585411122275,2,15,3918.997314029536,True,1953.7848251807281,0.5,0.0
2019-01-01 07:00:00+00:00,29.754231120244174,1.0389700282494363,0.982,1.0682537191613497,0.040852079531487666,1.3103490621345255,2,13,3962.4923308867706,True,1900.7429558410995,0.5,0.0
2019-01-01 08:00:00+00:00,32.643082063996374,1.0370848090220066,0.982,1.065823315154658,0.038966860304057896,1.3901596524342066,3,10,4243.3075273418435,True,1881.8731330743049,0.5,0.0
2019-01-01 09:00:00+00:00,44.22579545850134,1.033545726488854,0.982,1.0617578228602278,0.0355121194461582,1.619317715265968,3,6,4489.850944385337,True,1552.4513523396308,0.5,0.0
2019-01-01 10:00:00+00:00,61.073692086472626,1.028314323263075,0.982,1.0566449662033586,0.030436290834155548,1.9527180815675793,3,5,4791.043461155995,True,1283.7357504063832,0.5,0.0
2019-01-01 11:00:00+00:00,64.07394177479662,1.026597426712426,0.982,1.0555826901668617,0.02877567779249783,2.0247023784823055,3,4,4977.9638378007885,True,1345.0431788347134,0.5,0.0
2019-01-01 12:00:00+00:00,62.039456167494905,1.027234945927312,0.982,1.0562977379188625,0.029395475451250437,1.9354658302148513,3,5,4938.223261992779,True,1416.2219469327179,0.5,0.0
2019-01-01 13:00:00+00:00,51.402583178997304,1.0293412884169317,0.982,1.058876180475357,0.03143623719956223,1.7305523543506642,3,5,4913.129811627016,True,1817.7606586600118,0.5,0.0
2019-01-01 14:00:00+00:00,42.1229607103623,1.0306819693978935,0.982,1.0607004527199282,0.032727734138444646,1.5405985102120658,3,5,4934.108528392197,True,2386.9931794838467,0.5,0.0
2019-01-01 15:00:00+00:00,42.02103952784326,1.029337871132427,0.982,1.059480775051671,0.03140034495054884,1.4960099757995566,2,5,5111.530284756181,True,2771.4710868217753,0.5,0.0
2019-01-01 16:00:00+00:00,44.72482543861855,1.026908205088236,0.982,1.0570429790000149,0.029044850086685284,1.517635555150155,2,5,5431.9481214181405,True,3071.8411288394864,0.5,0.0
2019-01-01 17:00:00+00:00,45.11152402797341,1.0263798046695582,0.982,1.0567489875845564,0.028546657066084193,1.5155298947566653,2,5,5490.714626617992,True,3132.1795934467373,0.5,0.0
2019-01-01 18:00:00+00:00,43.433153445782196,1.0268647019460444,0.982,1.05785173980378,0.029024875198539003,1.485263823674692,2,5,5435.7908000543475,True,3095.1030087333666,0.5,0.0
2019-01-01 19:00:00+00:00,42.24666293765735,1.0283713824587473,0.982,1.0596941998330256,0.03048401421466355,1.4795849456737113,2,5,5220.000495887898,True,2879.4362391719637,0.5,0.0
2019-01-01 20:00:00+00:00,41.5100703469499,1.0297900102916453,0.982,1.060987429028904,0.03186543097052858,1.4725055393354607,2,6,5036.750214307851,True,2722.2736887796264,0.5,0.0
2019-01-01 21:00:00+00:00,39.24260902404938,1.030948755209228,0.982,1.061750123622901,0.03297867150245414,1.4340706139240624,2,6,4951.751984769671,True,2693.647217353288,0.5,0.0
2019-01-01 22:00:00+00:00,37.56259717290363,1.0330453415099918,0.982,1.0635840611477034,0.03499410505436318,1.4226513743254954,2,8,4676.284484249464,True,2439.144424822605,0.5,0.0
2019-01-01 23:00:00+00:00,33.54119160862688,1.0350258719890306,0.982,1.0654544593744601,0.03691748074222487,1.341073790895952,2,8,4500.289559006105,True,2375.346036355886,0.5,0.0
2019-01-02 00:00:00+00:00,31.271157334937133,1.0361555805350777,0.982,1.0666413843301805,0.03803763181712882,1.3008812757165686,2,9,4338.148452994334,True,2270.3227012788307,0.5,0.0
2019-01-02 01:00:00+00:00,30.281246451068654,1.03658620927536,0.982,1.0674339528083432,0.038468260557411135,1.2755415874889116,2,10,4290.202786760663,True,2255.1982485555363,0.5,0.0
2019-01-02 02:00:00+00:00,30.47184060938971,1.03686956008091,0.982,1.0674040506019244,0.038753872208808396,1.272517884366868,2,10,4254.002932933427,True,2251.752470312281,0.5,0.0
2019-01-02 03:00:00+00:00,31.19270150686566,1.0357455526183201,0.982,1.0664771619356475,0.03766063862199486,1.2749879986605617,2,8,4428.664898711964,True,2403.7419913676395,0.5,0.0
2019-01-02 04:00:00+00:00,34.24732888460963,1.0334344166032083,0.982,1.0642466669193436,0.03542856658511204,1.3224162806001176,2,8,4716.317473786792,True,2627.0764736265273,0.5,0.0
2019-01-02 05:00:00+00:00,38.22273095711479,1.0290173116199672,0.982,1.060228785968032,0.031154919503438603,1.3548600932915833,2,6,5304.592949211314,True,3149.7088735927628,0.5,0.0
2019-01-02 06:00:00+00:00,41.631008331755076,1.025123228086073,0.982,1.056204217076066,0.027555167966086865,1.358696053480563,2,5,5849.02441503919,True,3686.631740839769,0.5,0.0
2019-01-02 07:00:00+00:00,42.618372289929866,1.023257401519714,0.982,1.0538890416372426,0.02613439857717568,1.3334209952516922,2,3,6177.309075355394,True,4022.9217685916105,0.5,0.0
2019-01-02 08:00:00+00:00,49.74166161795647,1.021889864890012,0.982,1.0528046627904513,0.02488039218303122,1.581386940842692,3,2,6378.660302019243,True,3403.9884995279585,0.5,0.0
2019-01-02 09:00:00+00:00,100.17793199117702,1.0097929608554579,0.9767836456609693,1.0456438634633043,0.019391977548017688,2.764864605432484,3,0,6523.337805587276,True,1895.6621210077153,0.5,0.0
2019-01-02 10:00:00+00:00,135.5633702933955,1.0004611609604037,0.9609041410291991,1.0400000000000003,0.023033553923897623,3.4910696988907604,4,0,6641.470777886624,True,799.7104480815435,0.5,0.0
2019-01-02 11:00:00+00:00,137.45721505878052,0.9998207354917122,0.9597239458052598,1.0400000000000003,0.023524236737323387,3.5372427327212828,4,0,6675.893677950953,True,805.0465828532119,0.5,0.0
2019-01-02 12:00:00+00:00,131.84307438671715,1.0017023555283429,0.9633043417998455,1.041054898607038,0.022354731569052582,3.459613377162835,3,0,6591.812293989571,True,791.0243037853468,0.5,0.0
2019-01-02 13:00:00+00:00,93.61609044628871,1.0121514633264488,0.9812889647182099,1.047086715785891,0.01974754286304041,2.7358753056544964,2,0,6427.415835258569,True,1898.9634274333848,0.5,0.0
2019-01-02 14:00:00+00:00,39.57386114399259,1.0240182767439354,0.982,1.053815399004405,0.02657974584773756,1.3299299894807328,2,3,6430.974373176506,True,3796.1390574185934,0.5,0.0
2019-01-02 15:00:00+00:00,36.84936757780699,1.0228786652943838,0.982,1.0521334380555165,0.02601246604218942,0.9776983129854644,0,3,6521.034900054082,True,4909.323083921775,0.5,0.0
2019-01-02 16:00:00+00:00,40.34366185129313,1.0194596243650271,0.982,1.0492086381666728,0.024170971304041524,0.9357693539488239,0,0,6914.397851453557,True,5426.753172194158,0.5,0.0
2019-01-02 17:00:00+00:00,39.556357657820584,1.0196873101480701,0.982,1.0491609322474136,0.02427087597741951,0.890395926825547,0,0,6904.112281465346,True,5530.588215229997,0.5,0.0
2019-01-02 18:00:00+00:00,37.004389261488456,1.0215490320063536,0.982,1.0505649015929701,0.025160867053090938,0.8629175595945535,0,3,6696.924103780704,True,5430.5782680554385,0.5,0.0
2019-01-02 19:00:00+00:00,33.07516563902116,1.0245215412589896,0.982,1.0534577629613306,0.027205516841612862,0.8251245211390323,0,5,6345.085200151771,True,5177.803067691186,0.5,0.0
2019-01-02 20:00:00+00:00,30.148359017699455,1.0270008205296584,0.982,1.0563021940536872,0.029236312811793636,0.7913142542114525,0,5,6051.006769991158,True,4967.509017083163,0.5,0.0
2019-01-02 21:00:00+00:00,27.99503841264218,1.0287378051932756,0.982,1.058193650499071,0.03091039848242839,0.7611078884015653,0,6,5848.673425541228,True,4837.63140142674,0.5,0.0
2019-01-02 22:00:00+00:00,24.098689851544034,1.0322427753646826,0.982,1.062441750021107,0.034308717110648854,0.706250242033817,0,7,5417.942579556256,True,4480.420452953929,0.5,0.0
2019-01-02 23:00:00+00:00,21.097777255281464,1.0349288525702975,0.982,1.0656400376028736,0.03689631800174177,0.6697221440489436,0,8,5077.289280924807,True,4152.486543104501,0.5,0.0
2019-01-03 00:00:00+00:00,19.8790852196782,1.0358353547053678,0.982,1.0667213492773122,0.03778172203770792,0.6490950886474182,0,10,4943.070856528018,True,4013.867937107462,0.5,0.0
2019-01-03 01:00:00+00:00,19.360960678350146,1.036139480566041,0.982,1.0672983124760076,0.0380777893176507,0.6395715031622583,0,10,4885.027246097717,True,3983.378168882781,0.5,0.0
2019-01-03 02:00:00+00:00,19.126528078758557,1.0363002962364578,0.982,1.0674588862265386,0.038233602372464356,0.6380550103323972,0,10,4860.218182232249,True,3929.9507949291337,0.5,0.0
2019-01-03 03:00:00+00:00,19.828829289339488,1.035927753644015,0.982,1.0669885628960836,0.03787634749715053,0.651233241593257,0,10,4921.095143313869,True,3947.61302479944,0.5,0.0
2019-01-03 04:00:00+00:00,21.934694392051433,1.0340396875234916,0.982,1.064456394630968,0.03605496845504982,0.6801699221860207,0,8,5180.497443735432,True,4167.387533093251,0.5,0.0
2019-01-03 05:00:00+00:00,26.291220867667835,1.0302151946751779,0.982,1.0595377715091956,0.03237530971828617,0.7265189136544452,0,6,5672.888792066808,True,4650.22418882342,0.5,0.0
2019-01-03 06:00:00+00:00,31.06668950689815,1.0261310821940361,0.982,1.0541675409232891,0.028410408850146354,0.7798813930524581,0,5,6180.411747302674,True,5159.715416023823,0.5,0.0
2019-01-03 07:00:00+00:00,33.39853776693977,1.0237744167034486,0.982,1.051776797137978,0.026549754585894886,0.7909890218205913,0,4,6505.065997837539,True,5376.744622769266,0.5,0.0
2019-01-03 08:00:00+00:00,30.803155625892785,1.0245866721095962,0.982,1.052938981684765,0.027072593070497215,0.8605393681832666,0,4,6693.2806517359495,True,4698.197434501506,0.5,0.0
2019-01-03 09:00:00+00:00,41.50296768183084,1.022855511720074,0.982,1.0525990549421786,0.025531453564560748,1.729685809721312,2,2,6738.745723704599,True,3654.8797608057157,0.5,0.0
2019-01-03 10:00:00+00:00,58.39024920495637,1.018127809878193,0.982,1.0503928862074268,0.022792644937140612,2.281541785507646,2,1,6863.417890134779,True,3119.1266118887447,0.5,0.0
2019-01-03 11:00:00+00:00,57.14819093911153,1.0182882762263052,0.982,1.050693223397605,0.02295265247117971,2.2506322470218523,2,1,6887.363946475142,True,3199.1993746041844,0.5,0.0
2019-01-03 12:00:00+00:00,44.426525647505365,1.0219808068510055,0.982,1.0525741333942078,0.025070884629849563,1.8852691887952941,2,2,6762.684272893349,True,3558.1143807799735,0.5,0.0
2019-01-03 13:00:00+00:00,30.751335216063076,1.025355994175494,0.982,1.054051201599253,0.027707852951508228,1.1377244675799056,1,5,6660.97961125216,True,4417.126201336257,0.5,0.0
2019-01-03 14:00:00+00:00,32.65842239979601,1.0239323786058332,0.982,1.052777728197823,0.026540990916747234,0.6617988146741206,0,4,6592.18758110225,True,5562.246486389249,0.5,0.0
2019-01-03 15:00:00+00:00,40.40303127642748,1.02058248297388,0.982,1.0514492180786004,0.024384583440583956,0.77543393083341,0,1,6697.665671430191,True,6143.655786248061,0.5,0.0
2019-01-03 16:00:00+00:00,43.933860576256954,1.017609703816958,0.982,1.049059287800993,0.02314348485061809,0.8048958688102358,0,0,7015.508979051993,True,6417.405768877592,0.5,0.0
2019-01-03 17:00:00+00:00,43.71646071402165,1.0176394878211534,0.982,1.0491250687048446,0.023208520838552158,0.8107285914040907,0,0,7007.895568095963,True,6388.801702663649,0.5,0.0
2019-01-03 18:00:00+00:00,41.36947444645442,1.0195721990687967,0.982,1.0506959805301037,0.0239934428272487,0.8039412336404536,0,1,6803.333870398713,True,6184.575451163494,0.5,0.0
2019-01-03 19:00:00+00:00,36.98618292651854,1.0227963495687054,0.982,1.0531166430383405,0.02580827241743599,0.7719130391921029,0,4,6443.639694934531,True,5834.533967587427,0.5,0.0
2019-01-03 20:00:00+00:00,34.25404625892197,1.0251172332073675,0.982,1.0549854338494016,0.027512790682397786,0.7446576494544618,0,5,6163.713232818853,True,5599.597712290218,0.5,0.0
2019-01-03 21:00:00+00:00,31.919007089980582,1.0271603055153355,0.982,1.0562161368614107,0.029381528922417913,0.7146646032407539,0,5,5929.776979360462,True,5430.137700523115,0.5,0.0
2019-01-03 22:00:00+00:00,28.785648456619693,1.0296720888607491,0.982,1.059573233996848,0.03180996788922211,0.6808022494163618,0,6,5602.710806033491,True,5135.620757354077,0.5,0.0
2019-01-03 23:00:00+00:00,24.8097140898354,1.032578072350709,0.982,1.0631328552569912,0.03461053597569219,0.6453018670861993,0,7,5258.1055778015725,True,4781.487583642542,0.5,0.0
2019-01-04 00:00:00+00:00,21.307359585781246,1.034957706426286,0.982,1.0659391814074546,0.03691916794906805,0.6238931648229872,0,8,4997.504934720478,True,4420.317963261273,0.5,0.0
2019-01-04 01:00:00+00:00,20.436038129473506,1.0354332505080375,0.982,1.0668758261383127,0.03737830812551111,0.6335454798019994,0,9,4941.310575044193,True,4257.701687160148,0.5,0.0
2019-01-04 02:00:00+00:00,20.155302925285902,1.035500763623719,0.982,1.0669853193349486,0.037455112623683985,0.6431688957032432,0,10,4946.908971918018,True,4152.790092736754,0.5,0.0
2019-01-04 03:00:00+00:00,20.796491192363348,1.0350186640800685,0.982,1.066356908029846,0.03699506267604724,0.6638017655684265,0,8,5027.173559705716,True,4118.288894387398,0.5,0.0
2019-01-04 04:00:00+00:00,22.38855453319494,1.0336262160332592,0.982,1.0640332013053337,0.03566232647849439,0.6839842825916372,0,8,5228.832162081872,True,4218.297104623939,0.5,0.0
2019-01-04 05:00:00+00:00,26.947925684472153,1.0295959859889037,0.982,1.0586920482428186,0.03177113553856254,0.7414782095138667,0,6,5747.416703798261,True,4642.128637355724,0.5,0.0
2019-01-04 06:00:00+00:00,32.61411631512358,1.0248828726835855,0.982,1.0531492789016184,0.027425602821592242,0.8131049274078177,0,5,6322.021596982263,True,5095.888724364117,0.5,0.0
2019-01-04 07:00:00+00:00,35.818008849365555,1.0223032828338732,0.982,1.0509059540032866,0.025602562250996067,0.8386074361826131,0,2,6644.073234617963,True,5295.684522055271,0.5,0.0
2019-01-04 08:00:00+00:00,35.99073874655084,1.021901164497836,0.982,1.0508615352310129,0.025292068389868166,0.9444419965127677,0,2,6835.764289898182,True,5044.092453878842,0.5,0.0
2019-01-04 09:00:00+00:00,38.673120302220966,1.0216712937912378,0.982,1.0509610235095443,0.024960143682006018,1.1858450425387015,2,2,6913.704227645953,True,4495.030327065236,0.5,0.0
2019-01-04 10:00:00+00:00,44.620298543971245,1.0201710104846904,0.982,1.050260823933814,0.023972385143108677,1.4312199356011523,2,1,6992.71474663886,True,4093.5185226981475,0.5,0.0
2019-01-04 11:00:00+00:00,47.21963252111446,1.0190921423352863,0.982,1.0498632077775225,0.023390189887987554,1.4706612147106704,2,0,7040.075631696187,True,4065.0378063035837,0.5,0.0
2019-01-04 12:00:00+00:00,44.825803836400986,1.019840003041514,0.982,1.0505816492671327,0.02389572857564091,1.383256089820219,2,1,6955.691814249871,True,4189.88057767585,0.5,0.0
2019-01-04 13:00:00+00:00,39.928472523946525,1.0212123777676811,0.982,1.051489035631422,0.024830133647380147,1.2137087370716078,1,2,6807.0797901673295,True,4508.0281305896515,0.5,0.0
2019-01-04 14:00:00+00:00,39.01727673583036,1.0208418017605376,0.982,1.051106782183132,0.024802077728844817,1.0479336033833644,1,2,6772.645056163234,True,4933.567214970347,0.5,0.0
2019-01-04 15:00:00+00:00,41.35685074002455,1.0192673389904117,0.982,1.0496218206607661,0.02415763076249317,1.0203684208974853,2,0,6897.8849768588625,True,5231.79131148836,0.5,0.0
2019-01-04 16:00:00+00:00,43.902073386838524,1.0177404951764357,0.982,1.048241178462272,0.023529355481382963,1.047873036518083,2,0,7070.912331068755,True,5391.070881896087,0.5,0.0
2019-01-04 17:00:00+00:00,42.82944854158422,1.0183755105485965,0.982,1.048786982732388,0.023794931212979303,1.0355309365595764,2,0,6998.918158337916,True,5328.359520942226,0.5,0.0
2019-01-04 18:00:00+00:00,40.05084802331695,1.020496574584153,0.982,1.0506462183637137,0.024672338908764007,1.0175277991938534,1,2,6751.953246304404,True,5102.757899792852,0.5,0.0
2019-01-04 19:00:00+00:00,35.84367602579046,1.0243556115678747,0.982,1.053870639218555,0.02706947356863572,1.0113968876700796,1,5,6301.612528049969,True,4666.425596852239,0.5,0.0
2019-01-04 20:00:00+00:00,33.601883105458555,1.026539947843413,0.982,1.0562667039819997,0.02879989063719188,1.01197128223564,2,6,6023.783649416313,True,4386.91636463318,0.5,0.0
2019-01-04 21:00:00+00:00,32.27556247793377,1.0278279337324328,0.982,1.0573277597618147,0.030029085530378977,1.0125862064228393,2,6,5867.307811163655,True,4216.325865346029,0.5,0.0
2019-01-04 22:00:00+00:00,30.620037570381267,1.0307844042471022,0.982,1.0602000880341909,0.03287002144628836,1.077002529533389,2,6,5452.939998938164,True,3722.0753142113012,0.5,0.0
2019-01-04 23:00:00+00:00,29.802234836471573,1.0326069540269742,0.982,1.0618447712275887,0.03462614815617631,1.1287605699839331,2,7,5153.779697621409,True,3361.8360548767832,0.5,0.0
2019-01-05 00:00:00+00:00,29.302541199808083,1.0338380391863204,0.982,1.0633048415824846,0.03580766016273223,1.152245232783664,2,8,4952.817179519777,True,3124.4417257019463,0.5,0.0
2019-01-05 01:00:00+00:00,29.677447810700535,1.0342680614928796,0.982,1.0641347513039334,0.03621998234504716,1.1833521721919391,2,8,4839.336492725456,True,2955.0672477272747,0.5,0.0
2019-01-05 02:00:00+00:00,30.672074835819856,1.0342023275150092,0.982,1.0643327627459251,0.036158095881915576,1.2202584128894267,2,8,4787.79450454978,True,2844.9449349238184,0.5,0.0
2019-01-05 03:00:00+00:00,31.431896683506046,1.0334646321006058,0.982,1.0640649770641741,0.03543345947892121,1.234343487741169,2,8,4868.114440627338,True,2881.421456795521,0.5,0.0
2019-01-05 04:00:00+00:00,31.214128509243555,1.0336093725289517,0.982,1.0639574854431115,0.03558518818271315,1.2302004150100494,2,8,4848.805284442678,True,2882.6677878293394,0.5,0.0
2019-01-05 05:00:00+00:00,32.608493356894165,1.032952568921833,0.982,1.0629832533893184,0.03495303021673372,1.2640643387205837,2,8,4908.651724910659,True,2910.8460545310004,0.5,0.0
2019-01-05 06:00:00+00:00,32.079212895968695,1.0321916263560547,0.982,1.061746558618723,0.03423004741342819,1.2213932269087076,2,6,5081.374834030843,True,3159.333250595388,0.5,0.0
2019-01-05 07:00:00+00:00,32.04287189058469,1.0302113156217625,0.982,1.0596841366842558,0.0323310115924904,1.1666857384458045,2,6,5428.107056737052,True,3552.8244149339353,0.5,0.0
2019-01-05 08:00:00+00:00,33.18878123012097,1.028660583594198,0.982,1.0580352828480126,0.030847599403279576,1.1782274277169706,2,6,5732.5531709928855,True,3729.9080913716225,0.5,0.0
2019-01-05 09:00:00+00:00,34.07317912894909,1.0273926087760326,0.982,1.0567076888138722,0.0296292438250706,1.2176491610640545,1,5,5995.163190147998,True,3739.160943140111,0.5,0.0
2019-01-05 10:00:00+00:00,35.407850465111835,1.026517074429749,0.982,1.0557716689347156,0.028780459756503295,1.2711786294466727,2,5,6154.921612658575,True,3621.511596649929,0.5,0.0
2019-01-05 11:00:00+00:00,35.25216911169905,1.0267714199170048,0.982,1.0559395898724289,0.029027226065208973,1.2576685764171007,2,5,6173.4911122174335,True,3594.9739000865097,0.5,0.0
2019-01-05 12:00:00+00:00,31.912334053309863,1.0281076753236624,0.982,1.0571612622532913,0.0303256792878116,1.163989975269111,2,6,6034.062357006527,True,3700.387743281969,0.5,0.0
2019-01-05 13:00:00+00:00,28.241666387456558,1.0292322695589387,0.982,1.0581771897515373,0.03141461417842712,0.9949085798699289,0,6,5897.0977387355015,True,3993.3143945297306,0.5,0.0
2019-01-05 14:00:00+00:00,27.612386491005044,1.0289397297112977,0.982,1.0578868397636554,0.03110812728642652,0.8261662101903476,0,6,5871.208370849695,True,4390.863466869009,0.5,0.0
2019-01-05 15:00:00+00:00,29.02792606553729,1.0279712034182296,0.982,1.0565153447622666,0.03015259169455871,0.7911191695532853,0,6,5962.319918762792,True,4679.288380110071,0.5,0.0
2019-01-05 16:00:00+00:00,31.688252016862272,1.0257914877206684,0.982,1.0537315040760487,0.028105825251410612,0.8130705992590676,0,5,6238.833550560107,True,4991.001558250962,0.5,0.0
2019-01-05 17:00:00+00:00,31.542485822031573,1.0259126854458067,0.982,1.0538834906522918,0.02820162904516912,0.810158611324328,0,5,6223.3966501727555,True,4986.2110033292765,0.5,0.0
2019-01-05 18:00:00+00:00,29.668715164838392,1.0271604994135632,0.982,1.055552589588483,0.029378620959393604,0.7901223867285789,0,6,6056.746315082104,True,4871.210780845613,0.5,0.0
2019-01-05 19:00:00+00:00,26.285336822073734,1.030183218982076,0.982,1.0594790583008133,0.032295571499886495,0.7556843881314937,0,6,5685.012787570566,True,4509.817947623157,0.5,0.0
2019-01-05 20:00:00+00:00,24.29185268906581,1.0321188505771417,0.982,1.0620314091958647,0.034181521098670425,0.7255961330774877,0,6,5435.1312987438,True,4290.319309644861,0.5,0.0
2019-01-05 21:00:00+00:00,23.112243575904916,1.0331289255904765,0.982,1.0630787890987952,0.035160666492971046,0.7036374640182557,0,7,5315.511305012451,True,4235.644784026499,0.5,0.0
2019-01-05 22:00:00+00:00,20.33631882406402,1.0358801055909514,0.982,1.06647851718336,0.037826749000925884,0.6607089352087605,0,10,4951.8854893381,True,3904.3018109598356,0.5,0.0
2019-01-05 23:00:00+00:00,17.774219959731703,1.0381065842175297,0.982,1.0694694866890893,0.03998863549958074,0.6265370991077547,0,13,4634.342704513749,True,3628.4882525830094,0.5,0.0
2019-01-06 00:00:00+00:00,16.250413379068505,1.0395179786467066,0.982,1.071417110222445,0.04140002992875778,0.6000221725321542,0,13,4427.868298453725,True,3477.632087809443,0.5,0.0
2019-01-06 01:00:00+00:00,15.142832280674316,1.040357819961937,0.982,1.0727666259980715,0.04223987124398825,0.5798963577842712,0,15,4289.987517790749,True,3407.763146393898,0.5,0.0
2019-01-06 02:00:00+00:00,14.886222727303839,1.0404224907297845,0.982,1.0730085508245566,0.04230454201183582,0.5739180503421201,0,15,4267.860545342515,True,3425.428903617948,0.5,0.0
2019-01-06 03:00:00+00:00,14.783019984264826,1.0405881779660735,0.982,1.0729760385481864,0.042470229248124894,0.5685448170890454,0,15,4259.944172889126,True,3459.142985651985,0.5,0.0
2019-01-06 04:00:00+00:00,14.15753136682666,1.0410082844297004,0.982,1.073323712150235,0.04289033571175162,0.551892599068306,0,15,4193.015563102425,True,3431.6382264734916,0.5,0.0
2019-01-06 05:00:00+00:00,13.834601767769733,1.0411289646339612,0.982,1.0735679686610757,0.0430110159160124,0.534110525245723,0,15,4150.2452389447135,True,3471.637994287702,0.5,0.0
2019-01-06 06:00:00+00:00,14.768764548511236,1.0403573128845234,0.982,1.0725015183997242,0.04223936416657502,0.5429321113860079,0,14,4264.122594185676,True,3659.0623329615146,0.5,0.0
2019-01-06 07:00:00+00:00,16.437476597881425,1.0383440805678077,0.982,1.0697859318447895,0.04022613184985914,0.5573177371517194,0,13,4553.914455877494,True,3932.344295322788,0.5,0.0
2019-01-06 08:00:00+00:00,16.640228684219984,1.036748558491332,0.982,1.067287540969913,0.03863429653123587,0.5080234459278704,0,10,4941.625688465381,True,3963.814842203144,0.5,0.0
2019-01-06 09:00:00+00:00,17.500022647572635,1.0354584701667637,0.982,1.0649516251064346,0.03740296003857006,0.7352313453935033,0,9,5253.520550351988,True,3657.123250470851,0.5,0.0
2019-01-06 10:00:00+00:00,20.98907267143971,1.0335998598024325,0.982,1.0621527470062535,0.03560830657811877,1.0592790976097546,1,8,5512.68779234271,True,3487.006065335533,0.5,0.0
2019-01-06 11:00:00+00:00,22.53723561699154,1.033120115425801,0.982,1.0615981653083435,0.03515539472701801,1.1529148895909775,1,7,5576.551456655941,True,3425.450891580147,0.5,0.0
2019-01-06 12:00:00+00:00,20.18556466453746,1.0342648384967765,0.982,1.0632716915773877,0.03626721054191768,0.99058863936421,0,8,5440.03255197415,True,3500.3483014632898,0.5,0.0
2019-01-06 13:00:00+00:00,18.41975986348776,1.034208484261115,0.982,1.064116853913472,0.036221093653211404,0.5724673381823467,0,8,5392.308044830567,True,3991.9378379203326,0.5,0.0
2019-01-06 14:00:00+00:00,20.88926471217737,1.0335499462117972,0.982,1.0635730522003513,0.03555663247588744,0.5726190341063238,0,8,5292.552759052532,True,4502.222019737083,0.5,0.0
2019-01-06 15:00:00+00:00,25.129496444908973,1.0313733572580692,0.982,1.0607734661997426,0.033440397099600075,0.648856778293266,0,6,5440.825113318597,True,4906.846810188394,0.5,0.0
2019-01-06 16:00:00+00:00,28.313882147393684,1.0287705029407659,0.982,1.0570750410319099,0.030927809845749214,0.6920871549758124,0,6,5789.274364115376,True,5205.120313775351,0.5,0.0
2019-01-06 17:00:00+00:00,29.093559315792756,1.0281608032146725,0.982,1.0562898785280008,0.030336077516521013,0.7102679391487055,0,5,5883.612469479162,True,5251.080963376111,0.5,0.0
2019-01-06 18:00:00+00:00,27.49080934588072,1.0294266996249553,0.982,1.0580175012899802,0.03155427688059979,0.7030125808764855,0,6,5740.125405981826,True,5079.229208544152,0.5,0.0
2019-01-06 19:00:00+00:00,25.667658630256817,1.031134909505847,0.982,1.0605529066066457,0.03320886056023513,0.6819678837310741,0,6,5515.988353607674,True,4884.460079617652,0.5,0.0
2019-01-06 20:00:00+00:00,24.161745450957113,1.032698709314573,0.982,1.0626635892692218,0.03472773824806102,0.6663515925544126,0,7,5331.358047631287,True,4705.24827892622,0.5,0.0
2019-01-06 21:00:00+00:00,24.17977087943954,1.032869237784051,0.982,1.062931797392236,0.03487438322964655,0.6718770490398698,0,7,5312.668752669933,True,4688.386091694818,0.5,0.0
2019-01-06 22:00:00+00:00,21.8813319313889,1.0349684882208943,0.982,1.065878212975517,0.036900153987631384,0.6500376539216116,0,8,5040.105933818451,True,4413.150541005323,0.5,0.0
2019-01-06 23:00:00+00:00,18.753987454857715,1.0373975334292505,0.982,1.069078670905141,0.03927958471130184,0.6148590171740299,0,12,4710.031497649999,True,4057.61595125943,0.5,0.0
2019-01-07 00:00:00+00:00,16.855068038190424,1.038930852153033,0.982,1.0707531387805136,0.040812903435084195,0.587562029728149,0,13,4508.321939326263,True,3841.406279557063,0.5,0.0
2019-01-07 01:00:00+00:00,16.363872464620307,1.0394058360182812,0.982,1.071360392279398,0.04128788730033247,0.5843689805684319,0,13,4447.092132459944,True,3756.728646533003,0.5,0.0
2019-01-07 02:00:00+00:00,16.888308768383556,1.0389112395452575,0.982,1.070871103021853,0.040793290827308586,0.5907358474958199,0,13,4509.1978809679795,True,3817.3002204500203,0.5,0.0
2019-01-07 03:00:00+00:00,18.467033785461975,1.0375367391537726,0.982,1.0691106557119079,0.0394187904358238,0.6129341568587533,0,11,4704.9176831407485,True,4004.804750352607,0.5,0.0
2019-01-07 04:00:00+00:00,22.166748297652497,1.034207439327679,0.982,1.0647584780404702,0.036192326069888626,0.6589502299711701,0,8,5153.229357829683,True,4435.16953408441,0.5,0.0
2019-01-07 05:00:00+00:00,31.72240861185353,1.0269965809592856,0.982,1.0552389118028658,0.02923275183753145,0.7461090091923022,0,5,6057.211354500923,True,5377.590125387297,0.5,0.0
2019-01-07 06:00:00+00:00,41.32814700640585,1.0206425021996461,0.982,1.0512564815948473,0.024417393000400772,0.8093541075588403,0,1,6738.50116530828,True,6145.964303097524,0.5,0.0
2019-01-07 07:00:00+00:00,44.879617128583476,1.0181557078295702,0.982,1.049533908791657,0.02331361675408645,0.8110048185859843,0,0,7014.255651560723,True,6432.681324174649,0.5,0.0
2019-01-07 08:00:00+00:00,40.10896300839518,1.019939640029146,0.982,1.0497575225237463,0.024051167935312815,0.7446605525829258,0,0,7047.414063347629,True,6122.175525450422,0.5,0.0
2019-01-07 09:00:00+00:00,36.424423162660254,1.0209486567374075,0.982,1.048848906038717,0.02461015477679339,0.7108845536077419,0,0,7176.530479802936,True,5655.999462982978,0.5,0.0
2019-01-07 10:00:00+00:00,36.941738177016475,1.0209603120473034,0.982,1.0490926763164596,0.024587325583334565,0.9187461993956784,0,0,7267.628878112501,True,5236.14574247291,0.5,0.0
2019-01-07 11:00:00+00:00,38.081631736044876,1.0212998681193084,0.982,1.0495688850750986,0.02471480928071945,1.090142326933321,1,0,7220.175115948582,True,4942.811000990744,0.5,0.0
2019-01-07 12:00:00+00:00,38.678544214787095,1.0211337617401104,0.982,1.049452602721987,0.02463835004546041,1.0012316215996249,1,0,7223.332469110946,True,5023.928339173323,0.5,0.0
2019-01-07 13:00:00+00:00,38.37113355774745,1.0209367412114976,0.982,1.0490419838212566,0.02457496934204358,0.8700594504829199,0,0,7174.658269112903,True,5356.164246610491,0.5,0.0
2019-01-07 14:00:00+00:00,40.722653515034835,1.0199644584116005,0.982,1.048008950605996,0.024075695499193306,0.8356583224861556,0,0,7111.293538454773,True,5712.152791289746,0.5,0.0
2019-01-07 15:00:00+00:00,44.28578339841678,1.0181372058248646,0.982,1.046766056480308,0.023385197358451647,0.9102869980398204,0,0,7186.230662030387,True,5891.831069110818,0.5,0.0
2019-01-07 16:00:00+00:00,48.30399690131642,1.015493890611193,0.9786692099547638,1.0452319274711872,0.022619621843322713,0.9597908896232794,0,0,7424.257962984398,True,5963.475409717945,0.5,0.0
2019-01-07 17:00:00+00:00,49.20324401878903,1.0155570261242703,0.9781835013410756,1.0461800409286273,0.02279016639166124,1.0751303868276672,2,0,7350.489697629093,True,5667.9645041024405,0.5,0.0
2019-01-07 18:00:00+00:00,50.27834554197781,1.0167986067817294,0.9804129316343856,1.0479621346895274,0.023112015783827464,1.2201174837654605,2,0,7111.115215269044,True,5208.458025298394,0.5,0.0
2019-01-07 19:00:00+00:00,51.077009067776935,1.0179576105424282,0.982,1.0502130815741235,0.023572652518931283,1.349730807547058,2,1,6801.311988555751,True,4680.554503627753,0.5,0.0
2019-01-07 20:00:00+00:00,51.90645468796603,1.0192960298776104,0.982,1.0519095413677482,0.02394751076268779,1.433171624586758,2,2,6513.694381812941,True,4270.436835253035,0.5,0.0
2019-01-07 21:00:00+00:00,48.375816327719974,1.0217960451055166,0.982,1.0536045387633157,0.02523114323076892,1.4111534370747423,2,2,6229.036151166146,True,4014.4371547875917,0.5,0.0
2019-01-07 22:00:00+00:00,46.36282230914074,1.0243859849929564,0.982,1.0563870033371214,0.027031570361723378,1.4377649577658012,2,4,5855.019866864801,True,3588.3150113579877,0.5,0.0
2019-01-07 23:00:00+00:00,44.27093079170096,1.0272749025167962,0.982,1.0586528366077659,0.02942947045557946,1.45655773309105,2,5,5479.3243717151545,True,3193.4972981947776,0.5,0.0
2019-01-08 00:00:00+00:00,42.9849998958792,1.0285784333467667,0.982,1.0602009464987034,0.030703256593207075,1.4494743968204904,2,6,5280.864053521718,True,3002.5469320181423,0.5,0.0
2019-01-08 01:00:00+00:00,42.30166884927202,1.0290260721503046,0.982,1.0606858736269202,0.031132791143810585,1.4443985860988002,2,6,5221.018816063806,True,2944.014592260688,0.5,0.0
2019-01-08 02:00:00+00:00,42.72679338601134,1.0285044359435351,0.982,1.0603660998545739,0.03062911447413147,1.4484768907300694,2,6,5277.903322185986,True,2987.5377681391687,0.5,0.0
2019-01-08 03:00:00+00:00,42.909146086509416,1.027425965732754,0.982,1.0595572936434432,0.029589577939382508,1.4284850173042585,2,6,5450.501651200183,True,3175.040636863629,0.5,0.0
2019-01-08 04:00:00+00:00,45.48300718693564,1.0250301694858586,0.982,1.0571294522041927,0.0275205120054086,1.4388270801739318,2,5,5758.6691746758215,True,3481.040978166099,0.5,0.0
2019-01-08 05:00:00+00:00,54.28513901265835,1.01829825574947,0.982,1.0517889078347828,0.023792001658579014,1.4990951685352574,2,2,6539.3048782180995,True,4169.482115375022,0.5,0.0
2019-01-08 06:00:00+00:00,62.08983034319416,1.012658868526034,0.9708682626219101,1.04770877606002,0.023166131229752585,1.5351095222578581,3,0,7171.945554398094,True,4761.207024999986,0.5,0.0
2019-01-08 07:00:00+00:00,66.58899249690052,1.0100575456220913,0.965623439164115,1.04598584383849,0.023245973503073336,1.5818789455746936,3,0,7432.634722277835,True,4932.251460939186,0.5,0.0
2019-01-08 08:00:00+00:00,72.06097036988481,1.0091263628837266,0.9655462993959859,1.0457159534157092,0.022722471444448132,1.770923860424521,3,0,7464.13382185981,True,4468.829406954483,0.5,0.0
2019-01-08 09:00:00+00:00,86.69700020965993,1.0060989033790642,0.9631437423581933,1.0439685360645512,0.021918472096939014,2.036272611935278,3,0,7500.158334815438,True,3799.9379772878315,0.5,0.0
2019-01-08 10:00:00+00:00,103.64406610299771,1.00196288692841,0.9576434400237881,1.0417814036414341,0.02289805525756077,2.251235612425189,3,0,7536.438803747671,True,3333.5104607475696,0.5,0.0
2019-01-08 11:00:00+00:00,114.8054003695262,0.9990159919179237,0.9528677973236712,1.040483180807333,0.024705578657771766,2.4726220337344738,3,0,7545.692222890388,True,3054.6457477437857,0.5,0.0
2019-01-08 12:00:00+00:00,107.70744547264445,1.0010835985271096,0.9561181544287151,1.0416921354547666,0.023424444105811605,2.335145650181049,3,0,7506.194315962492,True,3192.138132891644,0.5,0.0
2019-01-08 13:00:00+00:00,86.10596586648552,1.0066666043902353,0.9642364821321268,1.0448544734372993,0.021876693171393444,2.032118334622675,3,0,7402.275937039293,True,3710.948361276945,0.5,0.0
2019-01-08 14:00:00+00:00,72.45362443029816,1.0092209409188004,0.9659005044617793,1.0461289377176832,0.022775079150333073,1.772387923357309,3,0,7384.1877628907705,True,4432.155630220167,0.5,0.0
2019-01-08 15:00:00+00:00,70.42166489411812,1.008461226419222,0.962714064656262,1.045322083810639,0.023389850104280012,1.6533858730351407,3,0,7468.007098635487,True,4882.26476260035,0.5,0.0
2019-01-08 16:00:00+00:00,72.33421755804926,1.0067956142178298,0.9596113810067334,1.043911790597194,0.023467859151675652,1.647977729417322,3,0,7636.363478270472,True,5090.643694859585,0.5,0.0
2019-01-08 17:00:00+00:00,70.5342646149395,1.0074756562867007,0.961096164743345,1.0443865307652784,0.023438695642353218,1.6286091706465615,3,0,7581.118327284008,True,5054.870903509365,0.5,0.0
2019-01-08 18:00:00+00:00,68.02942978772617,1.009108585315879,0.9641299745864947,1.0457725188799911,0.023410505811316498,1.6141390190608838,3,0,7415.053728423785,True,4892.04062746797,0.5,0.0
2019-01-08 19:00:00+00:00,62.85466636869911,1.0125455499626503,0.9709254848878143,1.0484238634087186,0.023287321833755578,1.587582682263508,3,0,7055.3784560466265,True,4546.217146776898,0.5,0.0
2019-01-08 20:00:00+00:00,58.96799012146713,1.0158728211000165,0.9777535429140506,1.0508253691179705,0.023362892347374185,1.5705876092027835,2,1,6687.88578033034,True,4203.6583473859855,0.5,0.0
2019-01-08 21:00:00+00:00,53.29202897041121,1.0196397536214696,0.982,1.052670682223609,0.024084765001386964,1.519269631696824,2,2,6338.989860814276,True,3951.517954320364,0.5,0.0
2019-01-08 22:00:00+00:00,48.51877813371741,1.0228307347484373,0.982,1.0550464314710326,0.025863364624267186,1.4805533913045956,2,3,5993.564539644932,True,3651.4746295854147,0.5,0.0
2019-01-08 23:00:00+00:00,45.63053139117553,1.0263584566410395,0.982,1.0578380028681043,0.028551275705431627,1.4795157349973587,2,5,5554.707607615229,True,3239.548117712925,0.5,0.0
2019-01-09 00:00:00+00:00,41.36483958698507,1.0280628411088035,0.982,1.0596119387236453,0.030208072896136296,1.4072493999971263,2,6,5403.878454097059,True,3171.1020764277364,0.5,0.0
2019-01-09 01:00:00+00:00,39.398178066914035,1.0288847229287472,0.982,1.0605012706265349,0.030998007427405414,1.3736471085898339,2,6,5330.851916653914,True,3131.292409124007,0.5,0.0
2019-01-09 02:00:00+00:00,38.909319808097834,1.028599387914361,0.982,1.0603414445891197,0.03072075477981411,1.3520536960255651,2,6,5396.222353984171,True,3216.323422106933,0.5,0.0
2019-01-09 03:00:00+00:00,39.218694744474405,1.0276486630231985,0.982,1.0595142727020532,0.029805013102425473,1.3325598186677057,2,6,5549.269165951191,True,3389.8290429213994,0.5,0.0
2019-01-09 04:00:00+00:00,40.14784991304428,1.025914801036025,0.982,1.0572920125996377,0.028259790531381137,1.3038262316095035,2,5,5840.767481939248,True,3733.4722578559868,0.5,0.0
2019-01-09 05:00:00+00:00,46.624453149295036,1.0203531291041195,0.982,1.0520911260329324,0.024618395628306058,1.3096443811152987,2,2,6556.711420643198,True,4450.5903171881755,0.5,0.0
2019-01-09 06:00:00+00:00,53.84062452606281,1.0150718790744857,0.9757224107551365,1.0479363698361808,0.023140120670701078,1.319368090260605,3,0,7189.357879750605,True,5088.768629665249,0.5,0.0
2019-01-09 07:00:00+00:00,56.46730659765367,1.012893363853906,0.9714159789009018,1.0462053820296313,0.02301467681617298,1.323504796710401,3,0,7457.206423766097,True,5328.331199100907,0.5,0.0
2019-01-09 08:00:00+00:00,57.035789228409556,1.0135210758433029,0.9741246619533943,1.0466750384778944,0.022549834438675507,1.455570668588099,2,0,7486.486672967343,True,4938.108150996469,0.5,0.0
2019-01-09 09:00:00+00:00,64.99521759543254,1.0116607446295087,0.9722916656012502,1.046081030595289,0.02187639842193491,1.6868990428988602,3,0,7615.53641520152,True,4324.251544036465,0.5,0.0
2019-01-09 10:00:00+00:00,78.21042175254638,1.0080153406738022,0.9667453451170651,1.0443015707178906,0.021308886231840445,2.0118728375497645,3,0,7730.48194280055,True,3871.119338171942,0.5,0.0
2019-01-09 11:00:00+00:00,79.83510032730068,1.008317769764381,0.9678072570002597,1.0445310849515914,0.021119219117025554,2.047725702130065,3,0,7630.715448079171,True,3745.0213677822217,0.5,0.0
2019-01-09 12:00:00+00:00,72.82928168378096,1.0096856714551365,0.9692140151176477,1.045399531064734,0.021551423889470383,1.820367652692042,3,0,7643.367953673696,True,4019.9263985597395,0.5,0.0
2019-01-09 13:00:00+00:00,61.38721652744011,1.0122891589306664,0.9725918763542734,1.0467567836163643,0.02227053406314698,1.6087542260470844,3,0,7577.714462888981,True,4512.277529617575,0.5,0.0
2019-01-09 14:00:00+00:00,55.4246927361101,1.0135718072727422,0.9735887627310422,1.046969731200083,0.022799584208824532,1.3858752883498202,2,0,7483.116790433776,True,5067.7281913419665,0.5,0.0
2019-01-09 15:00:00+00:00,55.12457776263581,1.0130387484596957,0.9718474297263827,1.0460083432372205,0.022992095628824406,1.2572643739420937,3,0,7485.401251600226,True,5462.777194725501,0.5,0.0
2019-01-09 16:00:00+00:00,56.769129796813665,1.0111835899750155,0.9683755112725545,1.0441907968239883,0.02296051361465646,1.2088234107281592,3,0,7700.5686744902205,True,5778.513677217692,0.5,0.0
2019-01-09 17:00:00+00:00,54.89477410714663,1.0121243737896748,0.9703761717384116,1.044860503762695,0.02293269083598945,1.18692335100089,3,0,7609.1569160920935,True,5714.110497805996,0.5,0.0
2019-01-09 18:00:00+00:00,51.71382718104122,1.0139203271612947,0.9738436170325752,1.0463390701101558,0.023029485061898173,1.145662550564448,3,0,7430.6466790420245,True,5586.4422542815955,0.5,0.0
2019-01-09 19:00:00+00:00,45.411284902454184,1.0183842745880638,0.982,1.0494984029907637,0.0238265544065767,1.087204285470663,2,0,6974.9443008086655,True,5234.229914824943,0.5,0.0
2019-01-09 20:00:00+00:00,40.19775199601726,1.0218661788123693,0.982,1.0518862977132764,0.025446787761047612,0.9891802298192807,0,2,6626.411047851588,True,5043.861975428845,0.5,0.0
2019-01-09 21:00:00+00:00,35.474788586213165,1.0246469957300404,0.982,1.0538850653732152,0.027318409084237442,0.8780910563381223,0,5,6350.157215724161,True,4944.1053207802925,0.5,0.0
2019-01-09 22:00:00+00:00,29.93419933887419,1.0290363031939866,0.982,1.0581682452127665,0.031222000985779912,0.7905676417724433,0,6,5857.779192318368,True,4591.225202986412,0.5,0.0
2019-01-09 23:00:00+00:00,26.645995702155307,1.031193489262806,0.982,1.0608164662440316,0.033313957450842674,0.7434443798007794,0,6,5590.395533726529,True,4469.02285377506,0.5,0.0
2019-01-10 00:00:00+00:00,24.285098663376946,1.0328047233433877,0.982,1.0631348967793874,0.03486938325470352,0.7106279416063578,0,7,5368.259929814903,True,4358.124244927315,0.5,0.0
2019-01-10 01:00:00+00:00,23.15672626189187,1.0334496692089425,0.982,1.0640184078173123,0.03549572295786891,0.6848592820058317,0,7,5266.321057909413,True,4370.8382679144315,0.5,0.0
2019-01-10 02:00:00+00:00,23.314789423155304,1.0333100090022298,0.982,1.063964502112331,0.0353659135649485,0.6743009618881864,0,7,5266.246848457238,True,4463.434847591803,0.5,0.0
2019-01-10 03:00:00+00:00,24.496783697876875,1.0325577358820983,0.982,1.06302758056943,0.03462878647068974,0.6820928761131513,0,7,5359.91180221124,True,4623.533522770103,0.5,0.0
2019-01-10 04:00:00+00:00,27.678590833223723,1.0302792905557463,0.982,1.0598633797516628,0.03242333561485072,0.7025061162430456,0,6,5643.517817902368,True,4985.990891516696,0.5,0.0
2019-01-10 05:00:00+00:00,36.71031782099533,1.0240970168114683,0.982,1.0538965238532139,0.026690849029056656,0.7641200973667546,0,4,6362.785958552075,True,5788.213604834228,0.5,0.0
2019-01-10 06:00:00+00:00,45.42903371581076,1.0186085034717023,0.982,1.0501726159661084,0.02334404765052514,0.800464588337069,0,1,6945.626358594279,True,6462.304303011682,0.5,0.0
2019-01-10 07:00:00+00:00,47.32457232539112,1.0153986037600287,0.9794698486533155,1.047791443235071,0.022742914318523492,0.7756381333036038,0,0,7231.332354087564,True,6767.363606534414,0.5,0.0
2019-01-10 08:00:00+00:00,43.74696930622968,1.018345453602682,0.982,1.0490561428494356,0.023178287560036554,0.7354507538897632,0,0,7221.10485055817,True,6413.33528529709,0.5,0.0
2019-01-10 09:00:00+00:00,40.12898781209919,1.0195317655937164,0.982,1.0486068014705856,0.02374651599551265,0.6920606968989811,0,0,7338.203521396002,True,6011.434112465309,0.5,0.0
2019-01-10 10:00:00+00:00,38.849338974290426,1.0199658910779263,0.982,1.0478119017723417,0.023962945931288435,0.7407532137267384,0,0,7382.64832486456,True,5700.916233471248,0.5,0.0
2019-01-10 11:00:00+00:00,38.55268767918448,1.0202515313843634,0.982,1.048310623336332,0.024153078328246955,0.8313920834818136,0,0,7359.285565289813,True,5561.995718381379,0.5,0.0
2019-01-10 12:00:00+00:00,38.5995803961038,1.020284153756905,0.982,1.0486565234238208,0.024159487337734174,0.7051736516185547,0,0,7313.846511386624,True,5756.349956174796,0.5,0.0
2019-01-10 13:00:00+00:00,40.5597553095199,1.0198328497462106,0.982,1.0497122912324963,0.023850846535006954,0.7051794380121676,0,0,7196.983039580215,True,6146.1695653248735,0.5,0.0
2019-01-10 14:00:00+00:00,46.557929434336856,1.0171355922686671,0.982,1.0492387487371901,0.022869287581533445,0.7655589468756797,0,0,7154.601405790936,True,6678.702252149305,0.5,0.0
2019-01-10 15:00:00+00:00,48.228493183387414,1.0145548495676382,0.9768034099598858,1.0475930480076918,0.023135132461201167,0.7981094550771876,0,0,7153.535113354417,True,6964.226830170292,0.5,0.0
2019-01-10 16:00:00+00:00,50.42463413055404,1.0107124868849553,0.966304657862944,1.0446086185858146,0.024266321235974785,0.8055555555555542,0,0,7353.320419484493,True,7169.4377045004685,0.5,0.0
2019-01-10 17:00:00+00:00,48.82757588680636,1.0125379031610515,0.9715876687866761,1.0457367902980579,0.023576674562087088,0.8055555555555555,0,0,7278.8188599473,True,7061.149898183054,0.5,0.0
2019-01-10 18:00:00+00:00,47.90183123774639,1.014865968728593,0.9777159082276006,1.0477566574845203,0.023003524003647732,0.7915919204738073,0,0,7154.66695220855,True,6907.064546823398,0.5,0.0
2019-01-10 19:00:00+00:00,47.50031205635285,1.018760934440635,0.982,1.0511907467033954,0.02334757975197568,0.762219747400186,0,1,6827.984412763405,True,6563.636365325004,0.5,0.0
2019-01-10 20:00:00+00:00,43.01309892399945,1.022316326678719,0.982,1.0536630991190283,0.025306712602563525,0.7671654323238571,0,1,6483.721240187717,True,6172.590883058039,0.5,0.0
2019-01-10 21:00:00+00:00,39.36807054501885,1.024287803605397,0.982,1.0546271536211254,0.026757647066070343,0.7549538841068502,0,4,6296.344191444442,True,5928.793508448432,0.5,0.0
2019-01-10 22:00:00+00:00,34.28092093838488,1.0277174982342228,0.982,1.0568962140427036,0.02991675461257252,0.732578374777455,0,5,5928.457740411612,True,5495.059695300451,0.5,0.0
2019-01-10 23:00:00+00:00,30.85987634694296,1.0295940746779333,0.982,1.0591387796578606,0.03173877736557682,0.7115885855176823,0,6,5706.417623714773,True,5218.258025828263,0.5,0.0
2019-01-11 00:00:00+00:00,27.787669922290473,1.0315254623887444,0.982,1.061700771812939,0.03360257008198246,0.6950204832036176,0,6,5483.429450719777,True,4935.554655884603,0.5,0.0
2019-01-11 01:00:00+00:00,26.56376374830513,1.032136138835828,0.982,1.0628146140449797,0.03419541041631813,0.7005236956754531,0,7,5414.813116719339,True,4771.579753885402,0.5,0.0
2019-01-11 02:00:00+00:00,26.19306515402951,1.0321058508304912,0.982,1.0628640829894305,0.034167913845903064,0.7169540686219661,0,7,5441.2667905661865,True,4673.085578929844,0.5,0.0
2019-01-11 03:00:00+00:00,27.046151255962045,1.0314999818828214,0.982,1.0620026487837422,0.033593342635663236,0.7334220230771543,0,6,5540.312949793601,True,4696.5666925591595,0.5,0.0
2019-01-11 04:00:00+00:00,29.48852971913641,1.029573963163345,0.982,1.059202371538463,0.03173509355751423,0.7661285979493623,0,6,5808.925729232927,True,4882.220689402594,0.5,0.0
2019-01-11 05:00:00+00:00,38.47390750805253,1.0228353789351752,0.982,1.0522053777016043,0.025965776737764384,0.8549118024413096,0,4,6610.816970557664,True,5602.580811294419,0.5,0.0
2019-01-11 06:00:00+00:00,46.08956078365374,1.017171074574972,0.982,1.04780181535815,0.02316401555816733,0.9179480193032372,0,0,7246.75232742277,True,6182.127737252084,0.5,0.0
2019-01-11 07:00:00+00:00,48.49720995455071,1.0147052317256187,0.9772265695422494,1.0457816805728415,0.022592319569499204,0.9266112230256431,0,0,7519.302531604209,True,6372.503204083723,0.5,0.0
2019-01-11 08:00:00+00:00,46.96162896038403,1.0152327152889187,0.978398513817357,1.0454569738713937,0.022611539866703605,0.9056028899089282,0,0,7565.638567913284,True,6189.709064445421,0.5,0.0
2019-01-11 09:00:00+00:00,45.76729217498796,1.0155336558363353,0.9792049948665993,1.045455409855345,0.02260095606075097,0.8817626146331128,0,0,7638.280100190295,True,5933.90128653381,0.5,0.0
2019-01-11 10:00:00+00:00,46.277330400474796,1.0151767284378168,0.9786595497143062,1.0454989323406325,0.022505540073440387,0.9762419104832728,0,0,7714.86531682342,True,5784.1563052876,0.5,0.0
2019-01-11 11:00:00+00:00,46.99036203531856,1.0154586261311895,0.978992166586693,1.0462017112993394,0.022564999131248736,1.0813580814764807,1,0,7670.170162897946,True,5540.507133767973,0.5,0.0
2019-01-11 12:00:00+00:00,47.23903113316751,1.0160888809776805,0.9798732072757584,1.0470384633875292,0.022762430241041062,1.1250058026936425,1,0,7544.2954320637655,True,5393.815819446829,0.5,0.0
2019-01-11 13:00:00+00:00,46.5452651018626,1.0173190162102377,0.9818918427895101,1.0480356746392645,0.023249219526603453,1.1122251837747525,1,0,7332.097104620663,True,5321.08626913166,0.5,0.0
2019-01-11 14:00:00+00:00,47.268077501731256,1.0171999745192126,0.9808284080464096,1.048125671226509,0.023344165513800596,1.0636149792733638,1,0,7247.196961071067,True,5435.56917786857,0.5,0.0
2019-01-11 15:00:00+00:00,48.478340262320266,1.0166126550869496,0.9795408609316119,1.0474392498723955,0.023147440288724,1.0398058869175393,2,0,7250.108767021469,True,5575.0168710893095,0.5,0.0
2019-01-11 16:00:00+00:00,51.4284836932455,1.0144004579997734,0.9751634948638521,1.0455812054233637,0.02279302123292177,1.0588617083190501,3,0,7480.827900744621,True,5792.792560499907,0.5,0.0
2019-01-11 17:00:00+00:00,50.50166307888017,1.015094655140549,0.9763281950583199,1.0463394152193681,0.02292814306737141,1.0561240196977064,2,0,7398.871378911197,True,5702.79765314292,0.5,0.0
2019-01-11 18:00:00+00:00,47.914681456029314,1.0163768789288905,0.9786315214207274,1.0476357188468604,0.02322667676671874,0.9947014548229449,0,0,7258.066569053583,True,5633.453471726214,0.5,0.0
2019-01-11 19:00:00+00:00,42.50423828494771,1.02053746918644,0.982,1.0508088899316488,0.024711353483810154,0.9789087110854325,0,2,6798.871606336659,True,5206.776412020798,0.5,0.0
2019-01-11 20:00:00+00:00,38.7204921807566,1.023596468314908,0.982,1.053499347444625,0.02658991047836106,0.951843646170762,0,4,6450.836408855265,True,4887.895242751654,0.5,0.0
2019-01-11 21:00:00+00:00,35.67234671564245,1.0258705163367303,0.982,1.0553363342028963,0.028259697465934118,0.9368597594444935,0,5,6194.771555015471,True,4674.633122466761,0.5,0.0
2019-01-11 22:00:00+00:00,31.745253118612645,1.02876407489955,0.982,1.0582741989870288,0.030947157837945244,0.9121653303295906,0,6,5834.473438621165,True,4338.043204184089,0.5,0.0
2019-01-11 23:00:00+00:00,27.89391660858032,1.0317349906211326,0.982,1.061952729510803,0.03378208153936969,0.8730872828008677,0,6,5476.277822531711,True,4020.786634083074,0.5,0.0
2019-01-12 00:00:00+00:00,25.727159810491546,1.0336185118890604,0.982,1.0645152959512558,0.035597415932128,0.8417906555243011,0,8,5233.128618750008,True,3817.3290950304045,0.5,0.0
2019-01-12 01:00:00+00:00,24.04444581304024,1.0347785882648235,0.982,1.0662894486050603,0.036716408264980994,0.7998348984006884,0,8,5076.094094751689,True,3709.266161475801,0.5,0.0
2019-01-12 02:00:00+00:00,22.91098717007097,1.0356517011170092,0.982,1.0674011553835914,0.037571240379732376,0.7794244913814233,0,10,4955.0313114801065,True,3623.4387120356328,0.5,0.0
2019-01-12 03:00:00+00:00,22.910714817014394,1.0359340395873693,0.982,1.0676275054655702,0.0378594553821504,0.7955324428233085,0,10,4910.161198175486,True,3568.6495647940224,0.5,0.0
2019-01-12 04:00:00+00:00,23.382454415464828,1.0356764235531624,0.982,1.066849120744853,0.03761619613560635,0.843957468027963,0,10,4928.249728787181,True,3531.752105141846,0.5,0.0
2019-01-12 05:00:00+00:00,25.08119997599021,1.034679975414896,0.982,1.065210342996205,0.03666509964834909,0.9062400715922615,0,8,5037.765541583966,True,3567.796174765622,0.5,0.0
2019-01-12 06:00:00+00:00,27.807898323972143,1.0325100126142854,0.982,1.0621352501611812,0.03456116243697691,0.9462226089466816,0,6,5335.803729237566,True,3815.7233811346123,0.5,0.0
2019-01-12 07:00:00+00:00,30.803719452767954,1.0295150354029032,0.982,1.0585658783565706,0.03165977912241242,0.9853688699988298,0,6,5724.281286378057,True,4112.093736907346,0.5,0.0
2019-01-12 08:00:00+00:00,34.61016242911519,1.0274010822104662,0.982,1.0563986857504897,0.029634822527631995,1.1323280653669412,1,6,6031.448623440688,True,4066.0998725724485,0.5,0.0
2019-01-12 09:00:00+00:00,40.95152236313868,1.0248395088075761,0.982,1.0542172531655007,0.027223936627870423,1.3509530918215287,3,4,6282.179463068505,True,3784.341136215947,0.5,0.0
2019-01-12 10:00:00+00:00,47.19768559228922,1.022245871347213,0.982,1.052767076567494,0.02520070880884507,1.503339648117606,3,2,6455.774515685226,True,3633.8330930644083,0.5,0.0
2019-01-12 11:00:00+00:00,52.38280357882249,1.0209470425076193,0.982,1.0524899253960576,0.024314604260170614,1.6131659363526023,3,2,6449.769260719586,True,3435.5561373840806,0.5,0.0
2019-01-12 12:00:00+00:00,52.011521391865,1.0215991903630164,0.982,1.0532005234735033,0.02473940734731485,1.615386413144952,3,2,6300.205659221949,True,3360.3891214232017,0.5,0.0
2019-01-12 13:00:00+00:00,48.84177805872999,1.0224482940977622,0.982,1.0539809148275265,0.025430737526326415,1.5431435211562021,3,2,6182.6611896807,True,3493.755037615937,0.5,0.0
2019-01-12 14:00:00+00:00,46.576962387271514,1.0228609226528926,0.982,1.0544576131549304,0.025855326401166244,1.4461329891895056,2,3,6130.95772911248,True,3753.0077613881967,0.5,0.0
2019-01-12 15:00:00+00:00,47.39848157525612,1.0217229689553058,0.982,1.0533886646169521,0.025160351228561622,1.4105436419235289,2,2,6252.575963188587,True,4015.0855944110435,0.5,0.0
2019-01-12 16:00:00+00:00,50.07417824448459,1.0195581547882904,0.982,1.0515784173132972,0.024044703190678807,1.417174575937252,2,2,6525.319316841056,True,4298.756991895962,0.5,0.0
2019-01-12 17:00:00+00:00,49.98638006385155,1.0195907956976855,0.982,1.0516819118488432,0.024111297827424015,1.4190153649058381,2,2,6521.515371740771,True,4282.700729691482,0.5,0.0
2019-01-12 18:00:00+00:00,47.4204975672531,1.0214645604393298,0.982,1.053087718832222,0.024994416888645257,1.4022546599635537,2,2,6298.882663094406,True,4079.398272613641,0.5,0.0
2019-01-12 19:00:00+00:00,44.141234414818,1.0244691382357314,0.982,1.0557403884864218,0.027079562514536085,1.3902198531840702,2,4,5925.2892188487,True,3727.8527174371866,0.5,0.0
2019-01-12 20:00:00+00:00,40.54435638604,1.0271650349699577,0.982,1.0583031689011548,0.029360515446253076,1.336469204050966,2,6,5642.3298568263945,True,3524.077588218563,0.5,0.0
2019-01-12 21:00:00+00:00,38.531092287399645,1.028294306506981,0.982,1.0591308204268095,0.030455595844372657,1.3005707703572593,2,6,5540.426214071639,True,3478.6751364969814,0.5,0.0
2019-01-12 22:00:00+00:00,36.7518730203123,1.030115511262246,0.982,1.060896156170873,0.032214541947849465,1.297756571837081,2,6,5286.605974919395,True,3230.249625134649,0.5,0.0
2019-01-12 23:00:00+00:00,34.876851556370994,1.0325433865944769,0.982,1.0631678796390502,0.03454311105861351,1.302804539123606,2,8,4943.964675987115,True,2879.8693827942175,0.5,0.0
2019-01-13 00:00:00+00:00,32.087886081737594,1.0344622936224799,0.982,1.0648922184627578,0.03640811258078106,1.260102700101836,2,8,4704.48813964697,True,2706.848065622676,0.5,0.0
2019-01-13 01:00:00+00:00,29.33734482358061,1.0356589212940268,0.982,1.0663821498525603,0.03757111220835954,1.202122865546405,2,8,4580.118458549055,True,2658.890789494619,0.5,0.0
2019-01-13 02:00:00+00:00,27.655021473554356,1.0361094433760796,0.982,1.0673607462430668,0.038003886702712326,1.1573189651933884,2,10,4550.730196133035,True,2675.2306364578394,0.5,0.0
2019-01-13 03:00:00+00:00,26.7468154328517,1.0363686014630942,0.982,1.067876969321184,0.03825317116018274,1.1284046080858143,2,10,4541.797734469472,True,2700.5111182619403,0.5,0.0
2019-01-13 04:00:00+00:00,26.683504940191998,1.036964896718094,0.982,1.0682801066782535,0.03884694800014532,1.1335932243159281,2,10,4463.483188704472,True,2633.0501379610823,0.5,0.0
2019-01-13 05:00:00+00:00,28.087283004230265,1.0371575838721547,0.982,1.0678183841689846,0.039039635154206276,1.1936831271486865,2,10,4382.18625022762,True,2487.2190467652695,0.5,0.0
2019-01-13 06:00:00+00:00,30.733217981228805,1.0353861013396515,0.982,1.065536515295071,0.037291867179018987,1.249663498807202,2,8,4582.274312532268,True,2602.7428006853997,0.5,0.0
2019-01-13 07:00:00+00:00,35.350578618362434,1.032358414513227,0.982,1.0625093642841699,0.034370835845180046,1.3412826801134377,2,7,4929.818420574105,True,2794.785188228623,0.5,0.0
2019-01-13 08:00:00+00:00,41.683684809380466,1.028483298757703,0.982,1.059066692482969,0.030634612931163055,1.471652695776324,3,5,5368.702408576471,True,2929.9740141393922,0.5,0.0
2019-01-13 09:00:00+00:00,50.11987220234238,1.0249237457037828,0.982,1.0557570581842217,0.02719369272115807,1.641471791728599,3,5,5693.504013501798,True,2852.810100660949,0.5,0.0
2019-01-13 10:00:00+00:00,58.07786112821738,1.0212832601597472,0.982,1.0533115188964461,0.02428619908840902,1.7689030778109782,3,2,6002.720866372542,True,2854.0116015342837,0.5,0.0
2019-01-13 11:00:00+00:00,62.78486330083363,1.0199996409775192,0.982,1.0527962660205654,0.023492007024103007,1.8370011157326618,3,2,6042.228960071336,True,2761.873485501992,0.5,0.0
2019-01-13 12:00:00+00:00,61.68649850586222,1.020619042934989,0.982,1.053349104035628,0.02385836527455115,1.8235701590112745,3,2,5931.732519789553,True,2734.210086105424,0.5,0.0
2019-01-13 13:00:00+00:00,57.72880309842357,1.0217170027577087,0.982,1.0541716909711003,0.024675576721090144,1.7508616272499113,3,2,5830.721946411347,True,2879.7806080866317,0.5,0.0
2019-01-13 14:00:00+00:00,55.47892920771764,1.0220237687267861,0.982,1.054496810928387,0.0250211696689667,1.687571609359296,3,2,5799.761124600981,True,3082.6158275920075,0.5,0.0
2019-01-13 15:00:00+00:00,55.19397731661744,1.021314692741127,0.982,1.054002369115481,0.024633250387003473,1.6485830649565243,3,2,5884.603314300006,True,3316.2981400246567,0.5,0.0
2019-01-13 16:00:00+00:00,58.947427501934875,1.0186395288541172,0.982,1.0522386552858383,0.023543316953282926,1.6833580604887375,3,2,6160.59999168178,True,3552.5858137230025,0.5,0.0
2019-01-13 17:00:00+00:00,61.71357142405094,1.0169807845452958,0.982,1.0515377819681047,0.023250753581984935,1.718272114225183,3,2,6285.197854728001,True,3612.701864999065,0.5,0.0
2019-01-13 18:00:00+00:00,62.12142740691078,1.0177428789499703,0.982,1.0521366035272093,0.023339804692377817,1.7433826961709737,3,2,6141.387146277206,True,3435.862181028093,0.5,0.0
2019-01-13 19:00:00+00:00,58.64401303030361,1.0201978494132038,0.982,1.053909872605206,0.024131522628792517,1.710953505564665,3,2,5887.071779329846,True,3214.937249111174,0.5,0.0
2019-01-13 20:00:00+00:00,57.756768967214875,1.0213556761734988,0.982,1.0548618262010754,0.024697334445028,1.7040308070691204,3,2,5749.922545091483,True,3088.8157611574484,0.5,0.0
2019-01-13 21:00:00+00:00,53.87307769984539,1.0226419822862154,0.982,1.0556185294489735,0.025604891112442834,1.6334291728266712,3,3,5746.343858014432,True,3182.973902562331,0.5,0.0
2019-01-13 22:00:00+00:00,48.33469418155898,1.0255104159531079,0.982,1.0580818443873035,0.02783474949690852,1.554759161049651,2,5,5509.661236274335,True,3046.1787280376825,0.5,0.0
2019-01-13 23:00:00+00:00,47.3177738495936,1.0273798192106371,0.982,1.0598232602337017,0.02950689438889328,1.5609789767460132,2,5,5238.330596878675,True,2773.7687861537247,0.5,0.0
2019-01-14 00:00:00+00:00,44.047028296424614,1.0292872011663634,0.982,1.0615226152957622,0.03135443437065302,1.513404839057781,2,6,5048.999525624173,True,2648.3525431117305,0.5,0.0
2019-01-14 01:00:00+00:00,41.43778158095367,1.030201553025848,0.982,1.0625235245267421,0.03224315182674803,1.462747042787209,2,6,4992.619704406365,True,2650.49798055261,0.5,0.0
2019-01-14 02:00:00+00:00,39.62265337824577,1.0304436091902056,0.982,1.0626059463460493,0.032482871443467745,1.4161848552447758,2,6,5036.568555544884,True,2758.257723537652,0.5,0.0
2019-01-14 03:00:00+00:00,39.12519693901073,1.0299518494026636,0.982,1.0619908537929037,0.03201047110161089,1.3802970476156098,2,6,5176.9817149557775,True,2950.823959702543,0.5,0.0
2019-01-14 04:00:00+00:00,42.44886422664131,1.0268132249588025,0.982,1.0587982984326259,0.02898739507981789,1.4026416359423814,2,5,5585.7442256208615,True,3338.4563355110554,0.5,0.0
2019-01-14 05:00:00+00:00,48.80368461794873,1.020235181418919,0.982,1.0526162268064823,0.02460057905531322,1.3863308456214218,2,2,6477.031035204946,True,4248.1377201156165,0.5,0.0
2019-01-14 06:00:00+00:00,54.94859020405255,1.0148449553865078,0.9748663269095752,1.0481316043822615,0.02320640151957833,1.3538362333309322,3,0,7177.971879827096,True,5015.235097013778,0.5,0.0
2019-01-14 07:00:00+00:00,56.52110218463966,1.0132298621576699,0.9721349631827769,1.0465961422915173,0.02297042140076363,1.364934224175391,3,0,7441.1913127946045,True,5191.418424317802,0.5,0.0
2019-01-14 08:00:00+00:00,60.936929774495724,1.013022197145911,0.974074262195836,1.0470299119930186,0.022208680427473645,1.6181148089478667,3,0,7502.501785769953,True,4413.884651882301,0.5,0.0
2019-01-14 09:00:00+00:00,93.93859013983082,1.006369476331288,0.9658364163265428,1.0433880934456916,0.020733467035666683,2.4150948726943025,3,0,7444.563380281347,True,3139.0611247357915,0.5,0.0
2019-01-14 10:00:00+00:00,148.49916272500275,0.9913535046012478,0.9390983156571273,1.04,0.029264948837190125,3.203002086608873,5,4,7547.720702709697,True,2275.198138457531,0.5,0.0
2019-01-14 11:00:00+00:00,170.9228525433439,0.9852714517035724,0.9274994222748171,1.0400000000000005,0.03334465014446128,3.423978977473151,7,7,7516.0114052212975,True,1991.2038241310852,0.5,0.0
2019-01-14 12:00:00+00:00,142.32006915574362,0.9929691357316568,0.9429496019493341,1.0400000000000003,0.02829397120963759,3.082703830674111,4,4,7516.7064903587225,True,2369.319791992178,0.5,0.0
2019-01-14 13:00:00+00:00,102.83779201726853,1.0038051458447568,0.9620045227915405,1.0425380326923877,0.021803610207688166,2.5098880858371535,3,0,7411.5641637100725,True,2961.810621957339,0.5,0.0
2019-01-14 14:00:00+00:00,64.43734989815167,1.0127650503548777,0.9743693545036545,1.0473123971275928,0.0220433592958543,1.7066903762653196,3,0,7375.012810122189,True,4171.127708046425,0.5,0.0
2019-01-14 15:00:00+00:00,55.42873132100453,1.0133525277538957,0.9722044084577889,1.0469151086408424,0.02311165303632933,1.3470942147094807,3,0,7402.692570157757,True,5178.621880897923,0.5,0.0
2019-01-14 16:00:00+00:00,57.39387636980603,1.01055904807589,0.9664552936088352,1.0442652502955772,0.023249311320373438,1.248797687693168,3,0,7725.64906032498,True,5707.15218682781,0.5,0.0
2019-01-14 17:00:00+00:00,55.478626673652954,1.0116907373119688,0.9689961599992548,1.0448163131034098,0.023089820264311712,1.2229767659366333,3,0,7632.919037246576,True,5659.66781818974,0.5,0.0
2019-01-14 18:00:00+00:00,52.36821094233023,1.013782709186003,0.9730649669479771,1.046432848430755,0.023132161103685413,1.1931842159107862,3,0,7426.301020847249,True,5485.621974903095,0.5,0.0
2019-01-14 19:00:00+00:00,47.710093466118614,1.0172799527822793,0.9799621388259278,1.0492962676828612,0.023624068949766163,1.1752162088158282,2,0,7039.890824464,True,5111.646369685717,0.5,0.0
2019-01-14 20:00:00+00:00,44.13159615013639,1.0206126444051382,0.982,1.051783111646513,0.024793638164105018,1.1767233892808486,2,2,6653.284173346961,True,4738.366783449297,0.5,0.0
2019-01-14 21:00:00+00:00,40.11627904399104,1.0233323354662491,0.982,1.0536676854285427,0.02634611018577534,1.1484994360657874,2,4,6360.095026468103,True,4486.826052039595,0.5,0.0
2019-01-14 22:00:00+00:00,36.20695799805414,1.027178014521347,0.982,1.057378285985609,0.0293697688125532,1.1468081961661392,2,6,5880.195503835698,True,4025.9738389453505,0.5,0.0
2019-01-14 23:00:00+00:00,33.87900698027958,1.029201628863335,0.982,1.0592150045395656,0.03131729519333228,1.1419842055264022,2,6,5622.494022128741,True,3777.4851036609853,0.5,0.0
2019-01-15 00:00:00+00:00,33.09340582883081,1.0303017088864082,0.982,1.0604565316293983,0.03238325896930667,1.167365116107503,2,6,5434.102545959677,True,3552.563055349071,0.5,0.0
2019-01-15 01:00:00+00:00,32.05144600633977,1.0308599924834134,0.982,1.0613249804116582,0.032929577983123626,1.1433911806417028,2,6,5361.7302044067355,True,3503.6025561177644,0.5,0.0
2019-01-15 02:00:00+00:00,33.26402352443441,1.0304389861517744,0.982,1.0610783221183309,0.032522556597467875,1.1833395267670939,2,6,5373.622008161515,True,3457.8805715183234,0.5,0.0
2019-01-15 03:00:00+00:00,35.26814975889777,1.0294789584999609,0.982,1.0603001166271468,0.031585309150633886,1.218781147682149,2,6,5479.4142507520155,True,3510.2815926289295,0.5,0.0
2019-01-15 04:00:00+00:00,38.53841557843094,1.0268725581056106,0.982,1.0575064805753371,0.029061991602004084,1.250191364041777,2,6,5812.5413466615955,True,3806.879143725519,0.5,0.0
2019-01-15 05:00:00+00:00,46.02220270954828,1.0212096064951475,0.982,1.0522300920211398,0.02490513257728023,1.291085846345749,2,2,6501.191611870161,True,4454.105591776217,0.5,0.0
2019-01-15 06:00:00+00:00,53.58638648206089,1.0154426252906052,0.9769587079909381,1.0478305451733068,0.02302834396152343,1.3162007394756703,3,0,7165.362591972822,True,5095.023974375493,0.5,0.0
2019-01-15 07:00:00+00:00,55.598278532208255,1.0130336808733778,0.9719747725993289,1.045989729978865,0.02293521417181067,1.3034861985458557,3,0,7485.938516419084,True,5373.450442122724,0.5,0.0
2019-01-15 08:00:00+00:00,56.596071593818365,1.013997571525498,0.975603364196021,1.0468983134078587,0.0224301487096689,1.4755513582603088,3,0,7462.334519272162,True,4826.465766568249,0.5,0.0
2019-01-15 09:00:00+00:00,65.65928794323514,1.0119463333647,0.9735668750205261,1.0459669643593288,0.021663651224219944,1.704989297671398,3,0,7571.749899111324,True,4258.118756918066,0.5,0.0
2019-01-15 10:00:00+00:00,76.13914062329533,1.0087939005411006,0.9686890047542739,1.044350505775044,0.021210047440374368,1.9625612949412425,3,0,7680.059801009499,True,3898.9024843762822,0.5,0.0
2019-01-15 11:00:00+00:00,86.86390269763095,1.006770197803497,0.9661332429042311,1.043514729672536,0.02097053509615026,2.2416921734385493,3,0,7599.498668589666,True,3482.0397627124826,0.5,0.0
2019-01-15 12:00:00+00:00,86.75238527720634,1.0071104631887267,0.9663350222278536,1.043982267676041,0.020949179075295737,2.1946714552633226,3,0,7565.521997858756,True,3508.0001536051764,0.5,0.0
2019-01-15 13:00:00+00:00,74.16482151825736,1.010532971129948,0.9717814439949896,1.04581357416955,0.021330605527493766,1.8589374771546323,3,0,7451.398275967318,True,3866.0237763376426,0.5,0.0
2019-01-15 14:00:00+00:00,63.22441874368857,1.0122237128419642,0.9719673535137276,1.0467116073850096,0.022455807259372285,1.6233976203391751,3,0,7413.636335917896,True,4598.265783651209,0.5,0.0
2019-01-15 15:00:00+00:00,61.11698705396893,1.011928972486499,0.969745001635325,1.0462299101741637,0.022983604181722177,1.483283469486924,3,0,7389.128885325113,True,5039.77425478185,0.5,0.0
2019-01-15 16:00:00+00:00,63.471302447651084,1.0099231779107594,0.965772231412238,1.0446415827109778,0.023132014512498418,1.4828556039570522,3,0,7578.25294030551,True,5263.966277082583,0.5,0.0
2019-01-15 17:00:00+00:00,62.448939432128725,1.0105062390629356,0.967108357662735,1.0451874799124612,0.023102389533098584,1.480436054621335,3,0,7503.186984036086,True,5188.501779284999,0.5,0.0
2019-01-15 18:00:00+00:00,60.203020005739106,1.011999582959549,0.9698279101244739,1.0465941527967277,0.02311724269481412,1.462951085760567,3,0,7342.172812003113,True,5034.786156533422,0.5,0.0
2019-01-15 19:00:00+00:00,55.39871921275141,1.0153367060621947,0.9766179066744282,1.0491538989400437,0.023235043210312077,1.4328713262998207,3,0,6984.423966654984,True,4709.100860070764,0.5,0.0
2019-01-15 20:00:00+00:00,51.37426841588734,1.0185270638337347,0.982,1.0513643660932699,0.02383825825214181,1.403027182625041,2,2,6644.208542986866,True,4419.133454658102,0.5,0.0
2019-01-15 21:00:00+00:00,46.34163564390704,1.0217256341072742,0.982,1.0531549076468167,0.025214265379155713,1.3508553009817843,2,2,6333.219447454307,True,4191.382466242208,0.5,0.0
2019-01-15 22:00:00+00:00,42.20609577219963,1.0252348122250585,0.982,1.0563406966325979,0.027700310512925475,1.3346761998452168,2,5,5908.733468173577,True,3788.212863608035,0.5,0.0
2019-01-15 23:00:00+00:00,38.48250250478749,1.0280982950657545,0.982,1.0587205620912015,0.030243457819216137,1.3043655438673145,2,6,5580.8685094514485,True,3506.2805016875104,0.5,0.0
2019-01-16 00:00:00+00:00,35.51698730816949,1.0300854408522635,0.982,1.0604306736080316,0.032172311933326606,1.2636737126792448,2,6,5351.830101642279,True,3341.6492988752098,0.5,0.0
2019-01-16 01:00:00+00:00,33.21496915464005,1.0311187155043082,0.982,1.0616686420659927,0.03318048573963462,1.2074316663802722,2,6,5254.306904950468,True,3313.1892617164026,0.5,0.0
2019-01-16 02:00:00+00:00,32.33162902520203,1.0312258832280574,0.982,1.061768502646746,0.0332936898752806,1.176830889163751,2,6,5261.830759825566,True,3363.6844267360543,0.5,0.0
2019-01-16 03:00:00+00:00,32.57606032132555,1.0299546516751197,0.982,1.0610660289583218,0.032068507657570335,1.133389690192763,2,6,5456.631531753793,True,3592.2288436122944,0.5,0.0
2019-01-16 04:00:00+00:00,33.50263122644631,1.027985933444354,0.982,1.0587073413300845,0.030185694786993695,1.0683987434641522,2,6,5778.846922038895,True,4019.1123174699505,0.5,0.0
2019-01-16 05:00:00+00:00,40.76383696467945,1.022260319922761,0.982,1.0524801688244059,0.025673413017600035,1.0810889548684348,2,3,6522.163182429918,True,4782.228595412871,0.5,0.0
2019-01-16 06:00:00+00:00,48.341576951548994,1.016424393601261,0.9792785972537614,1.0477206066571458,0.023151019266061907,1.0885899858756705,2,0,7212.630310680491,True,5488.133614339372,0.5,0.0
2019-01-16 07:00:00+00:00,49.394195591006955,1.0151860713417944,0.9775693913154636,1.046581362163246,0.02278485143890991,1.1310261349655781,2,0,7423.8661985057415,True,5521.243295182096,0.5,0.0
2019-01-16 08:00:00+00:00,52.86194224596131,1.0156409748814688,0.981056812368169,1.0477432814526444,0.02226465245661255,1.4623655236807074,3,0,7426.382825193833,True,4537.807390817852,0.5,0.0
2019-01-16 09:00:00+00:00,87.27894951397857,1.0076434455633205,0.9705423822654915,1.0438363526482364,0.02021783535541325,2.477131931635832,3,0,7466.534632089674,True,3192.370149254141,0.5,0.0
2019-01-16 10:00:00+00:00,153.64118908094852,0.9900360518179431,0.9380060677114958,1.0400000000000003,0.02997742165078635,3.431269712328292,5,4,7511.730131629429,True,2102.728047279718,0.5,0.0
2019-01-16 11:00:00+00:00,198.9446887241234,0.9772817905223008,0.9127409638793288,1.04,0.03912246292589056,3.8383058515780255,7,12,7497.693891801309,True,1627.4260624257436,0.5,0.0
2019-01-16 12:00:00+00:00,177.1154745445196,0.983577215815763,0.9256390449082714,1.04,0.03455818329736355,3.660916480704794,7,7,7487.8295190133595,True,1814.711976345596,0.5,0.0
2019-01-16 13:00:00+00:00,104.76322275570304,1.0039913507360403,0.964387645472246,1.042521868431481,0.021370046281589127,2.8166820209046373,2,0,7355.415481683274,True,2672.7267871186723,0.5,0.0
2019-01-16 14:00:00+00:00,54.052452854345,1.016163166178003,0.982,1.0484827429526573,0.02220460054291748,1.5282689175420707,3,0,7284.597136701343,True,4205.49861898436,0.5,0.0
2019-01-16 15:00:00+00:00,47.42765973696463,1.0158844111438814,0.9790384733627289,1.0472594272892402,0.02295348964424309,1.130228949544801,2,0,7318.920119512826,True,5404.687437941591,0.5,0.0
2019-01-16 16:00:00+00:00,52.707202117869734,1.0122844621606508,0.9712516140795943,1.0444478597057707,0.022859594160396696,1.1203052182320317,3,0,7633.258766354068,True,5875.5112597380785,0.5,0.0
2019-01-16 17:00:00+00:00,52.58631178507331,1.0128299098026283,0.9723817640249988,1.0450832078540908,0.022863445546618535,1.159341714171394,2,0,7550.334291937889,True,5737.195311571477,0.5,0.0
2019-01-16 18:00:00+00:00,51.52745679637192,1.0141267012570954,0.9746758930363288,1.0466008990179834,0.022985353062126894,1.194027003017358,2,0,7369.803093705854,True,5476.754222865572,0.5,0.0
2019-01-16 19:00:00+00:00,48.28241498520781,1.0178734259225182,0.982,1.0497750357995677,0.023603472272811343,1.2324508595482109,2,0,6910.943609341761,True,4944.656926267477,0.5,0.0
2019-01-16 20:00:00+00:00,46.301514982732854,1.0203099184210562,0.982,1.0520404149409115,0.024525052627497053,1.2617218155912695,2,2,6581.951251923139,True,4566.460382562634,0.5,0.0
2019-01-16 21:00:00+00:00,42.930942935241035,1.0229596047664593,0.982,1.053744644341663,0.026055476359864632,1.2536689600043824,2,3,6287.893354316913,True,4293.049040015169,0.5,0.0
2019-01-16 22:00:00+00:00,40.63539172358928,1.025675154742424,0.982,1.0565783711437424,0.02803797876955782,1.2884493596795006,2,5,5899.809017733547,True,3851.079115553134,0.5,0.0
2019-01-16 23:00:00+00:00,38.93864665804643,1.0276717231015253,0.982,1.0586650953763956,0.02986538405134149,1.3019277524054769,2,6,5602.569525488667,True,3536.6097233084497,0.5,0.0
2019-01-17 00:00:00+00:00,37.699818294207304,1.0288611096240163,0.982,1.059900122434721,0.031010557745662616,1.301820235945762,2,6,5433.745812601321,True,3363.3033103439575,0.5,0.0
2019-01-17 01:00:00+00:00,37.4049056303121,1.0295642704681232,0.982,1.0606225713916202,0.03168288404528685,1.3201376131625813,2,6,5308.5571952142445,True,3209.7478135448655,0.5,0.0
2019-01-17 02:00:00+00:00,37.9226947730608,1.0293851473246929,0.982,1.0605716638297145,0.03150213967898968,1.3333842776774132,2,6,5318.2562125966915,True,3194.699849997159,0.5,0.0
2019-01-17 03:00:00+00:00,39.06352924345529,1.028155098377575,0.982,1.0596340518681815,0.03030847543057014,1.3287696702177394,2,6,5498.806825359838,True,3369.716407360591,0.5,0.0
2019-01-17 04:00:00+00:00,40.22305876166822,1.0262387039929433,0.982,1.0574461581924954,0.028506726455808717,1.3028965555270051,2,5,5791.694102500005,True,3711.735086083724,0.5,0.0
2019-01-17 05:00:00+00:00,45.56349149157556,1.0207950636264236,0.982,1.0520435038766702,0.02471693087702171,1.2764005297213195,2,2,6536.2942239817085,True,4502.910240340235,0.5,0.0
2019-01-17 06:00:00+00:00,51.91363171111471,1.0153147290662794,0.9769905595638952,1.0474792113819302,0.023003469559761524,1.2404202763436991,2,0,7227.187708614197,True,5264.407477968624,0.5,0.0
2019-01-17 07:00:00+00:00,52.86974048313148,1.0138811818578428,0.9745148126053823,1.046398094340432,0.022785955866133512,1.260135410922671,2,0,7481.079277693876,True,5362.610730204148,0.5,0.0
2019-01-17 08:00:00+00:00,54.563064958572326,1.0151463062382327,0.9790943446959366,1.0475853571790454,0.022292711517193343,1.4747775008829467,3,0,7453.873044711008,True,4607.470863651691,0.5,0.0
2019-01-17 09:00:00+00:00,69.81750462060938,1.0119280994338058,0.9746898729598997,1.046270713617708,0.021204645805260405,1.926996893846867,3,0,7510.46477973329,True,3852.2540729259595,0.5,0.0
2019-01-17 10:00:00+00:00,89.15172511193916,1.0066261318303127,0.9661011495115261,1.0437440600840455,0.02076272680886164,2.4043994151103,3,0,7605.852242618367,True,3347.8061730931086,0.5,0.0
2019-01-17 11:00:00+00:00,91.25022850255057,1.0062108719960723,0.9659330024611252,1.0438088317827885,0.020866964936598946,2.466445401444624,3,0,7578.961702009867,True,3266.3682704492394,0.5,0.0
2019-01-17 12:00:00+00:00,83.62243182159946,1.0082425027547717,0.9691220194386848,1.044884593953954,0.020626823934395376,2.3079915973855782,3,0,7565.643068753805,True,3452.417331219183,0.5,0.0
2019-01-17 13:00:00+00:00,65.45344110285268,1.0129679225079486,0.9770206508887462,1.047119717309719,0.02139205334395315,1.8533221558085293,3,0,7468.156512531257,True,3931.042339162955,0.5,0.0
2019-01-17 14:00:00+00:00,50.2806024336116,1.0166706494354036,0.982,1.0483905032834124,0.022680438647174752,1.368747995757344,3,0,7341.675258372832,True,4728.952496492652,0.5,0.0
2019-01-17 15:00:00+00:00,49.43735030469375,1.015895176886995,0.9789074371912303,1.04720517357264,0.022884879142428087,1.1436090418654208,2,0,7306.317340816658,True,5433.533143255132,0.5,0.0
2019-01-17 16:00:00+00:00,54.77587150511634,1.0124802430952866,0.9717778862626492,1.0446622502581295,0.022722870604226723,1.194635707159871,3,0,7589.186419107798,True,5739.996741536478,0.5,0.0
2019-01-17 17:00:00+00:00,54.78492070244225,1.0121899531930347,0.9710987796146044,1.0447650569615297,0.02281218986546721,1.2062463721007814,3,0,7594.284023575961,True,5725.328254182259,0.5,0.0
2019-01-17 18:00:00+00:00,52.32972910499886,1.013675970469062,0.9737452898978817,1.046316496368329,0.02297636380808527,1.1925284616289433,2,0,7420.285476184871,True,5546.004936371244,0.5,0.0
2019-01-17 19:00:00+00:00,48.21892324926801,1.0168830270088869,0.9801115013355859,1.04892991779019,0.023377999197293213,1.1797751688932288,2,0,7063.668765964747,True,5190.455138606947,0.5,0.0
2019-01-17 20:00:00+00:00,44.04868498574534,1.0201648099383793,0.982,1.0513501045462257,0.024500173377347674,1.1471398655201488,2,2,6708.774501855905,True,4871.564739757236,0.5,0.0
2019-01-17 21:00:00+00:00,39.11900808646675,1.0234047163448996,0.982,1.0534431337603634,0.026403232580039973,1.0775784472426866,2,3,6385.323652982028,True,4651.105330589308,0.5,0.0
2019-01-17 22:00:00+00:00,32.94113155961777,1.0275055103468957,0.982,1.057254905394734,0.029741716005921248,0.9915006890637361,0,6,5925.2509782494,True,4327.023695366159,0.5,0.0
2019-01-17 23:00:00+00:00,29.550602639295292,1.0296418573048554,0.982,1.0591403440737384,0.031801236349986994,0.9062668950069899,0,6,5702.502409816257,True,4229.079912823801,0.5,0.0
2019-01-18 00:00:00+00:00,26.571249754542578,1.0316978566138109,0.982,1.0615692492842985,0.03378330426091254,0.8407120033196409,0,6,5466.109349793699,True,4092.450898210335,0.5,0.0
2019-01-18 01:00:00+00:00,24.292098406726986,1.0327715720353319,0.982,1.063423450321583,0.03482598898348468,0.7356494298142215,0,7,5333.321307402519,True,4123.944040503259,0.5,0.0
2019-01-18 02:00:00+00:00,23.735491591496192,1.0328662231605887,0.982,1.0637774435379845,0.03492091272209466,0.7142328788880732,0,7,5322.75022317556,True,4268.272663090848,0.5,0.0
2019-01-18 03:00:00+00:00,24.844491105048448,1.0320611804939648,0.982,1.062632822976641,0.0341422018516717,0.7151849418584713,0,7,5438.300029390215,True,4508.697651098945,0.5,0.0
2019-01-18 04:00:00+00:00,27.244332750518286,1.030222594494793,0.982,1.059568409407049,0.03235786203945219,0.7266869119332728,0,6,5695.85485299621,True,4865.344646256569,0.5,0.0
2019-01-18 05:00:00+00:00,35.830580096777354,1.0239634843625665,0.982,1.0531565022811613,0.026649133201152135,0.7935751008412111,0,4,6429.498644795429,True,5655.7960860584735,0.5,0.0
2019-01-18 06:00:00+00:00,44.81931428518507,1.0180779069282493,0.982,1.048994906471431,0.023337267544529094,0.8596129138777591,0,0,7090.038798879109,True,6334.4327679862445,0.5,0.0
2019-01-18 07:00:00+00:00,44.840329844363914,1.0170998204402673,0.982,1.0478414431771812,0.02292732073475048,0.8204682208235021,0,0,7311.767466985993,True,6395.477413326691,0.5,0.0
2019-01-18 08:00:00+00:00,37.92861659024913,1.0199482668683504,0.982,1.0489307826702166,0.02420741045201312,0.9198834077423237,0,0,7365.949256628041,True,5298.490723525581,0.5,0.0
2019-01-18 09:00:00+00:00,64.66013343701954,1.0144757763460688,0.9804894244784934,1.0481011374265816,0.021751736839693437,2.2977544530243033,2,0,7327.313207538165,True,3573.722594855717,0.5,0.0
2019-01-18 10:00:00+00:00,179.80763424618135,0.9827038970318989,0.9186384071838867,1.0400000000000003,0.03624646813909105,3.9116715412864504,9,8,7331.114331446355,True,1727.4860208016805,0.5,0.0
2019-01-18 11:00:00+00:00,212.2995895574087,0.9739754736420695,0.9015254894038495,1.0400000000000003,0.042672673542946175,4.26947138216132,9,14,7235.236071994963,True,935.8231967569059,0.5,0.0
2019-01-18 12:00:00+00:00,195.42190158457876,0.9798676507512226,0.9136742547059774,1.0400000000000005,0.03832918346823695,4.16568457740589,9,10,7091.498242230117,True,904.571725807592,0.5,0.0
2019-01-18 13:00:00+00:00,140.10436491958478,0.9960904957407104,0.9453076178174806,1.0403450010552555,0.027310526496028685,3.57324332115486,6,3,6981.999026221858,True,1792.639892073069,0.5,0.0
2019-01-18 14:00:00+00:00,38.14744171640142,1.0225958244912041,0.982,1.0524751397211802,0.025624355489582123,1.458133928757499,1,2,6941.199760234904,True,4298.505092939258,0.5,0.0
2019-01-18 15:00:00+00:00,42.07538359431226,1.0199338608408992,0.982,1.050853453728294,0.023973788209212414,0.738134506005876,0,1,6907.984878747318,True,6273.1709707285745,0.5,0.0
2019-01-18 16:00:00+00:00,46.76134368123368,1.015437678345793,0.9795759722786793,1.0474144472408073,0.02274344158528609,0.7767079086286687,0,0,7195.424951590903,True,6776.12926512443,0.5,0.0
2019-01-18 17:00:00+00:00,46.70785412434932,1.0156578847582363,0.9801751147078214,1.0476609207740843,0.022707153345147373,0.771778014760512,0,0,7187.118694366678,True,6733.085043873748,0.5,0.0
2019-01-18 18:00:00+00:00,46.39132354358807,1.0174910373090187,0.982,1.0494907729465213,0.023046195657050055,0.79411646537584,0,0,7010.831613805839,True,6554.672350365747,0.5,0.0
2019-01-18 19:00:00+00:00,41.93248417210962,1.0211444967502399,0.982,1.0522554641681285,0.024635040587375884,0.7835509354632527,0,1,6619.905970994712,True,6179.312537852182,0.5,0.0
2019-01-18 20:00:00+00:00,38.35944261397829,1.023664345290707,0.982,1.054036876099747,0.026316157375954115,0.7558678607787066,0,4,6339.933649840336,True,5910.48936214735,0.5,0.0
2019-01-18 21:00:00+00:00,35.22541725036429,1.025957023630215,0.982,1.0554114969952344,0.028214035172659083,0.7266325923624835,0,5,6086.2981203735435,True,5684.848499330085,0.5,0.0
2019-01-18 22:00:00+00:00,30.880546969988757,1.0289593355548254,0.982,1.057476513246099,0.031123617819099822,0.6824206124902965,0,5,5750.844840666182,True,5370.003208644914,0.5,0.0
2019-01-18 23:00:00+00:00,27.31776222839302,1.0316719721343737,0.982,1.0608697248141994,0.03375168433893984,0.6469229357890838,0,6,5433.6828580915335,True,5060.569610039367,0.5,0.0
2019-01-19 00:00:00+00:00,26.009592366675502,1.0328405223087225,0.982,1.0628330699363626,0.034872253101943924,0.6343310286240321,0,7,5258.344193603594,True,4899.83022342421,0.5,0.0
2019-01-19 01:00:00+00:00,25.82087601681632,1.0331496995048914,0.982,1.063823997706524,0.03516064525305704,0.6241346878055142,0,7,5155.407242514979,True,4843.054492246465,0.5,0.0
2019-01-19 02:00:00+00:00,24.335698377313015,1.0342763637151968,0.982,1.0649332631817527,0.03626023605426998,0.6027355053979345,0,8,5031.355160540432,True,4735.6080558541835,0.5,0.0
2019-01-19 03:00:00+00:00,23.95167954723126,1.0345711873586299,0.982,1.0653439555758608,0.03654501635203541,0.6006327399991339,0,8,4996.324201339622,True,4693.51818795235,0.5,0.0
2019-01-19 04:00:00+00:00,23.06733846626497,1.0348774251158037,0.982,1.0654196334236485,0.03684664523899443,0.5886362997186281,0,8,4965.114918395023,True,4656.808284950623,0.5,0.0
2019-01-19 05:00:00+00:00,23.403848789174813,1.0344792035265435,0.982,1.0647022458631221,0.03646627172841621,0.592115494635881,0,8,5028.458173595422,True,4711.879314004867,0.5,0.0
2019-01-19 06:00:00+00:00,26.252439223260918,1.0321951037849288,0.982,1.0618806686151256,0.034257405247628984,0.6276239156521303,0,6,5316.941456257013,True,4973.829195064473,0.5,0.0
2019-01-19 07:00:00+00:00,25.318062920569247,1.03050896834967,0.982,1.0595375373457574,0.03263838860467598,0.5906615933148979,0,6,5723.2473742536595,True,4959.791180005896,0.5,0.0
2019-01-19 08:00:00+00:00,37.72414910676804,1.0274392347193564,0.982,1.0569932874873569,0.029668925249534326,1.7810247170302849,2,5,6088.960616874571,True,3114.2717691854496,0.5,0.0
2019-01-19 09:00:00+00:00,121.71174886222582,1.0047576841911343,0.9639801164588082,1.0447654675687212,0.022018237688489546,3.554065784517129,4,0,6233.818154173466,True,745.0935642794552,0.5,0.0
2019-01-19 10:00:00+00:00,127.89215804105922,1.002404816237437,0.9588536325370561,1.0438479501034856,0.023348651236271493,3.6179214739118932,5,0,6290.729320060966,True,756.965090046856,0.5,0.0
2019-01-19 11:00:00+00:00,121.5446589102805,1.0048238458238385,0.9634409160251908,1.0453985295842065,0.022298444263637612,3.550885854941378,4,0,6164.680223069452,True,738.012681217104,0.5,0.0
2019-01-19 12:00:00+00:00,107.58363218916489,1.009975079868514,0.9737551248312065,1.0480891744301613,0.020944343771949533,3.391885987670144,4,0,5917.684951949825,True,699.3521273841325,0.5,0.0
2019-01-19 13:00:00+00:00,95.78291685076722,1.01405211463797,0.9818486817476095,1.0503698492725684,0.02119516643711757,3.2536284598192013,3,1,5718.843350251285,True,667.6672518758899,0.5,0.0
2019-01-19 14:00:00+00:00,32.25589263156837,1.0302065456116147,0.982,1.0599570122385897,0.03237761628150389,1.6773825856343478,1,6,5738.213983159259,True,2998.7679227016815,0.5,0.0
2019-01-19 15:00:00+00:00,28.42849877721442,1.0283505063370353,0.982,1.0572523250649364,0.030553773660991494,0.6059761896201042,0,5,5883.053594357546,True,5268.944586888866,0.5,0.0
2019-01-19 16:00:00+00:00,37.87629444068805,1.0231677167556517,0.982,1.0534666068381502,0.025881775582729933,0.7144885836956848,0,3,6306.445744629334,True,5985.874214785001,0.5,0.0
2019-01-19 17:00:00+00:00,37.60485852748717,1.0230160586561539,0.982,1.053082962296964,0.02581022262359566,0.7348024329573412,0,2,6382.684969956499,True,5965.586349327345,0.5,0.0
2019-01-19 18:00:00+00:00,34.96721455867411,1.0247525280766596,0.982,1.0543484614690133,0.02716029372168231,0.7282187573242781,0,5,6201.159490815427,True,5730.8313039171135,0.5,0.0
2019-01-19 19:00:00+00:00,30.08396380005163,1.028326766883443,0.982,1.057215575253303,0.03052554481111933,0.6914166875487473,0,5,5802.037880361405,True,5309.109912514896,0.5,0.0
2019-01-19 20:00:00+00:00,27.20659983326842,1.0307384583109171,0.982,1.060215533100604,0.03286690869886623,0.6644886039563188,0,6,5534.29855189467,True,5039.054659203086,0.5,0.0
2019-01-19 21:00:00+00:00,26.599411929452355,1.0313437746980219,0.982,1.0608670990303144,0.03344902006808375,0.6546638018537156,0,6,5462.688444624545,True,4990.979255400542,0.5,0.0
2019-01-19 22:00:00+00:00,24.82728965495321,1.0326111305227945,0.982,1.0628308334121759,0.0346749005479511,0.6299543867653701,0,7,5264.7253301261935,True,4821.187450145363,0.5,0.0
2019-01-19 23:00:00+00:00,22.72808820794381,1.0345026751264284,0.982,1.0651411907781057,0.03649135857397297,0.5997914856515951,0,8,5016.375563942471,True,4624.511894372119,0.5,0.0
2019-01-20 00:00:00+00:00,21.573953960350615,1.0358170311535873,0.982,1.0669712312287285,0.03775482192005711,0.5743869243097449,0,10,4816.772814390505,True,4494.246838181567,0.5,0.0
2019-01-20 01:00:00+00:00,21.07612335967041,1.0364689436383732,0.982,1.0678801134929181,0.038378966220785314,0.5570295074359609,0,10,4703.42143277413,True,4437.352527386662,0.5,0.0
2019-01-20 02:00:00+00:00,21.09806178315165,1.0366267413359784,0.982,1.0683682723927743,0.03852875685813939,0.545114187992003,0,10,4636.350595067686,True,4419.897436023315,0.5,0.0
2019-01-20 03:00:00+00:00,21.1615422501973,1.0368026982940683,0.982,1.0685987431266835,0.038695139965261825,0.536934520820116,0,10,4595.963003632316,True,4418.811696352396,0.5,0.0
2019-01-20 04:00:00+00:00,20.63605250885819,1.0372416618568703,0.982,1.0688688590837827,0.03912371313892166,0.5219661520551089,0,11,4536.884217794281,True,4392.644252276048,0.5,0.0
2019-01-20 05:00:00+00:00,19.767124426762045,1.0378238828153645,0.982,1.0693955042028822,0.03970593409741579,0.5054167376764762,0,11,4458.746358541805,True,4330.605409286299,0.5,0.0
2019-01-20 06:00:00+00:00,21.370418394383236,1.0364834788844228,0.982,1.0676444199250794,0.0383838279324684,0.5208673541447315,0,10,4623.318483362766,True,4504.079539429088,0.5,0.0
2019-01-20 07:00:00+00:00,19.722773217046505,1.0354464764606157,0.982,1.0658977441011093,0.03739563372738889,0.5144546898986825,0,9,4958.252097055672,True,4462.133193388666,0.5,0.0
2019-01-20 08:00:00+00:00,27.089531634283624,1.0333280403599816,0.982,1.0621762360726428,0.03535815766959482,1.5310712821425785,1,7,5349.257135466393,True,2844.6874340924255,0.5,0.0
2019-01-20 09:00:00+00:00,87.7541984984509,1.0166743528349371,0.982,1.0513645644769314,0.02204207868078369,3.132265101731495,3,1,5534.6078779227955,True,641.6225695324191,0.5,0.0
2019-01-20 10:00:00+00:00,96.78820633192863,1.0134306772143065,0.9802244720463098,1.0496040721065125,0.021226992499802082,3.257938789546545,4,0,5696.803418958121,True,666.4685482277332,0.5,0.0
2019-01-20 11:00:00+00:00,97.06700928545912,1.0134594895393558,0.9801833484842479,1.0499625065614049,0.021272455230238425,3.2608637451043347,4,0,5698.174034751533,True,666.8844127606123,0.5,0.0
2019-01-20 12:00:00+00:00,89.07509574477702,1.0162957936465675,0.982,1.051756960350636,0.02202517542580762,3.150397802601441,4,2,5542.953298209874,True,643.3704255657651,0.5,0.0
2019-01-20 13:00:00+00:00,78.69964941390185,1.0204852591790485,0.982,1.0536692062674162,0.02360794830061239,2.988670498872702,3,2,5347.600564340328,True,729.7029779250755,0.5,0.0
2019-01-20 14:00:00+00:00,22.274843713445904,1.034742112097232,0.982,1.064089136402718,0.03676201499480201,1.254989713202565,1,8,5292.00847963441,True,3183.4498441149262,0.5,0.0
2019-01-20 15:00:00+00:00,26.72093511483984,1.0308660536396694,0.982,1.0602176088877022,0.032976961379629306,0.5892946983886259,0,6,5448.891017164375,True,5121.767458770804,0.5,0.0
2019-01-20 16:00:00+00:00,37.05632055169674,1.0250152569522861,0.982,1.0552168900771222,0.027296926435152705,0.7068483118902016,0,5,5950.045118080185,True,5882.112282998275,0.5,0.0
2019-01-20 17:00:00+00:00,38.874820000080085,1.023530553845754,0.982,1.054123774554036,0.02607626536462584,0.7137524719644911,0,4,6138.775920656733,True,6034.982767433978,0.5,0.0
2019-01-20 18:00:00+00:00,37.06302659701299,1.0246587705421153,0.982,1.0550223643867573,0.02697334951096371,0.6851353990068442,0,5,6019.922912188861,True,5889.115577639092,0.5,0.0
2019-01-20 19:00:00+00:00,33.70625078036826,1.0270907306406976,0.982,1.0567551129982906,0.029313669902966834,0.6484372376130856,0,5,5764.736317057158,True,5612.356619378964,0.5,0.0
2019-01-20 20:00:00+00:00,31.170429398297465,1.0290634905470553,0.982,1.0580507080487342,0.031231656929715627,0.6289143485347078,0,5,5580.038881502248,True,5407.094921571575,0.5,0.0
2019-01-20 21:00:00+00:00,32.1858908204186,1.0284312693632554,0.982,1.0576186229749256,0.030612921807251513,0.6452016729482899,0,5,5665.518398540552,True,5474.438580497706,0.5,0.0
2019-01-20 22:00:00+00:00,28.919892579355192,1.030881386216892,0.982,1.0601968652221883,0.03298352787433535,0.6219976510408043,0,6,5414.862384679602,True,5208.102520855312,0.5,0.0
2019-01-20 23:00:00+00:00,27.40840834687555,1.0319235047136885,0.982,1.0616562323060297,0.03397766557286353,0.6154572689598757,0,6,5288.077142159132,True,5060.841620977787,0.5,0.0
2019-01-21 00:00:00+00:00,24.76351255989977,1.0337956788450955,0.982,1.0640702865545817,0.03579214780474387,0.5971648617983305,0,7,5077.064114596941,True,4816.366916160837,0.5,0.0
2019-01-21 01:00:00+00:00,23.385973940759165,1.0346989282098025,0.982,1.0651947648562838,0.036666936304782245,0.5938887260350568,0,8,4988.9559284740435,True,4681.092694800787,0.5,0.0
2019-01-21 02:00:00+00:00,23.225910767246738,1.0345831806358916,0.982,1.0651979374471297,0.036562362329450496,0.5986077993722833,0,8,5005.66669316662,True,4660.52601806555,0.5,0.0
2019-01-21 03:00:00+00:00,24.52839032773882,1.03366382885303,0.982,1.0638436871718135,0.03567084558711445,0.6168256794761172,0,7,5145.485268411344,True,4786.3634465307605,0.5,0.0
2019-01-21 04:00:00+00:00,28.5198852605187,1.0305412400655962,0.982,1.0595891361815224,0.032658139379150145,0.6580462619111958,0,6,5550.708592591655,True,5173.806895789894,0.5,0.0
2019-01-21 05:00:00+00:00,39.49468081627899,1.022952350950637,0.982,1.0532034643109225,0.025730563538109406,0.7487792966731707,0,1,6439.415947406624,True,6055.834898267175,0.5,0.0
2019-01-21 06:00:00+00:00,46.77680182629024,1.01582326430567,0.98045679876078,1.0478140292912825,0.02278582430296475,0.7773631701630679,0,0,7142.312739728761,True,6781.858877279288,0.5,0.0
2019-01-21 07:00:00+00:00,45.36077949412516,1.0160781398270136,0.982,1.047110759677334,0.022612956344515472,0.7692982963879856,0,0,7302.542275062479,True,6710.113790289491,0.5,0.0
2019-01-21 08:00:00+00:00,39.1042966986623,1.0201191171764838,0.982,1.0486067350195534,0.02409647561265562,1.1149571312298012,1,0,7376.88101088669,True,5173.74161177101,0.5,0.0
2019-01-21 09:00:00+00:00,96.69835434179917,1.0055772976433848,0.9633027748214271,1.0436033820807307,0.021758581983247878,2.919070076609827,4,0,7433.689519655406,True,2985.971526087955,0.5,0.0
2019-01-21 10:00:00+00:00,245.4083763895147,0.9620851761786551,0.8766134128719725,1.0400000000000003,0.052180100254413504,4.386299219653979,9,18,7466.440516228694,True,1237.0935370572136,0.5,0.0
2019-01-21 11:00:00+00:00,235.83027469418766,0.9660533378003914,0.88535723121604,1.0400000000000003,0.048892294791233616,4.394299363783559,9,18,7359.776384854377,True,971.8079131795812,0.5,0.0
2019-01-21 12:00:00+00:00,230.43804884953212,0.9678456952271163,0.8886446607064764,1.0400000000000003,0.04743986761267912,4.364049521982973,9,18,7340.179785115904,True,964.4560273611139,0.5,0.0
2019-01-21 13:00:00+00:00,137.99884087612614,0.9956965022566322,0.9439473573157705,1.0400000000000003,0.027464849987891577,3.504863931154653,6,3,7210.241039934663,True,2111.8840402743094,0.5,0.0
2019-01-21 14:00:00+00:00,41.23794611935902,1.0216373344694223,0.982,1.0508218272922036,0.02489832602669247,1.4981021628123232,1,1,7101.104212477464,True,4450.749822142325,0.5,0.0
2019-01-21 15:00:00+00:00,43.86429920155149,1.0186179627343797,0.982,1.0494553054965159,0.023247164002310132,0.7404131022330914,0,0,7108.684326280947,True,6456.72636359854,0.5,0.0
2019-01-21 16:00:00+00:00,49.16052199160673,1.010843651358702,0.9674936619748751,1.0439404924630362,0.023974680087091114,0.8055555555555549,0,0,7401.242118011671,True,7108.985142212039,0.5,0.0
2019-01-21 17:00:00+00:00,50.08252057278734,1.0093075470999473,0.9633216750435536,1.0431328048596518,0.024520198250136238,0.805555555555553,0,0,7464.312329159064,True,7160.563304423594,0.5,0.0
2019-01-21 18:00:00+00:00,49.40392081115173,1.0113558033811467,0.9683935556919885,1.0451622229155457,0.023951133236011828,0.8055555555555555,0,0,7369.1269598858735,True,7061.892138714102,0.5,0.0
2019-01-21 19:00:00+00:00,47.45875022433267,1.0159675509867243,0.9807413948406817,1.04903200641235,0.022887450250216792,0.7726060169977834,0,0,7047.429260357462,True,6741.056465064259,0.5,0.0
2019-01-21 20:00:00+00:00,45.66022792889121,1.0192899617473377,0.982,1.0518364767249333,0.023693708624723968,0.7700216003513828,0,1,6726.375971208915,True,6416.083660783512,0.5,0.0
2019-01-21 21:00:00+00:00,42.74020967100279,1.021391231049455,0.982,1.0532302142286296,0.02475238605245513,0.7539533187411457,0,1,6496.6844251423545,True,6203.871058964274,0.5,0.0
2019-01-21 22:00:00+00:00,38.20901095948628,1.0245977443802514,0.982,1.0554971393922037,0.027011265168907297,0.7248964247806824,0,5,6140.612975551436,True,5847.1361038581235,0.5,0.0
2019-01-21 23:00:00+00:00,33.12896994267902,1.027799667175077,0.982,1.0571070942440253,0.03000089338129123,0.6930795913901914,0,5,5828.974897655673,True,5497.916885659809,0.5,0.0
2019-01-22 00:00:00+00:00,30.705024431459705,1.0292590765055394,0.982,1.0584222175670883,0.031403892379421774,0.6858604886272327,0,5,5687.16963657986,True,5301.161910153282,0.5,0.0
2019-01-22 01:00:00+00:00,28.449918718847627,1.0306654486266302,0.982,1.0601886099929974,0.03276214697311072,0.6800846954555696,0,6,5550.209091737893,True,5097.443118113773,0.5,0.0
2019-01-22 02:00:00+00:00,26.83309108189777,1.0315674938225663,0.982,1.0610027111762526,0.033640761574848195,0.6746388820230627,0,6,5481.443553148803,True,4965.115278751369,0.5,0.0
2019-01-22 03:00:00+00:00,27.340169758635092,1.0311540167919946,0.982,1.060334668920916,0.03324889381873286,0.6863737247768417,0,6,5559.759244833419,True,4998.960520169274,0.5,0.0
2019-01-22 04:00:00+00:00,30.33888540423265,1.0286236629089165,0.982,1.0569649294975458,0.030817257682432587,0.7157030693933634,0,6,5875.003545256683,True,5282.955736472298,0.5,0.0
2019-01-22 05:00:00+00:00,40.022046519582254,1.0217852181784615,0.982,1.0519778504207953,0.025068790084886158,0.7958630337392055,0,1,6650.713301717577,True,6044.206762843372,0.5,0.0
2019-01-22 06:00:00+00:00,47.04945843169948,1.0159857436794435,0.9812019745757015,1.0473680747149365,0.022523508466569114,0.8134247096840923,0,0,7277.871301460675,True,6616.417532026357,0.5,0.0
2019-01-22 07:00:00+00:00,45.81859728977192,1.0153621202337872,0.9806721634328407,1.0459782299682132,0.022294113159025415,0.8036470526993698,0,0,7495.584586638168,True,6539.329028812141,0.5,0.0
2019-01-22 08:00:00+00:00,42.01540842726993,1.018217924660771,0.982,1.0473906986874313,0.023136748507706806,1.1633208205081715,1,0,7593.091555176519,True,5221.965023139513,0.5,0.0
2019-01-22 09:00:00+00:00,74.02055667313724,1.010900991502761,0.9750934197771886,1.0451771182214398,0.020745585741300702,2.451516317984747,2,0,7619.47737472115,True,3653.3928695727695,0.5,0.0
2019-01-22 10:00:00+00:00,138.31842479934403,0.993447224391722,0.942605707140139,1.04,0.028346924615605593,3.4664184885624367,6,3,7663.4968747718885,True,2501.786287206608,0.5,0.0
2019-01-22 11:00:00+00:00,182.49755396858507,0.9807122918887936,0.9171903001935124,1.0400000000000003,0.03727132273333672,3.9004883590499064,8,8,7649.543540627146,True,1989.460188086297,0.5,0.0
2019-01-22 12:00:00+00:00,148.20699344363177,0.9908601998346999,0.9372254467362131,1.04,0.03017865215283087,3.581844771874624,6,4,7608.5556777902875,True,2294.9354719942726,0.5,0.0
2019-01-22 13:00:00+00:00,73.34633150353145,1.011104576994278,0.9754212600792104,1.045806461075689,0.020869409517997713,2.466142646220626,2,0,7555.7539123029455,True,3540.7041769502002,0.5,0.0
2019-01-22 14:00:00+00:00,39.907865245903224,1.018869429293771,0.982,1.0481046038469972,0.023535842310914674,1.0490997132899706,1,0,7481.5742677371545,True,5223.533702324622,0.5,0.0
2019-01-22 15:00:00+00:00,45.368171229475394,1.016533754580549,0.982,1.0467176164190506,0.022685904878014772,0.8556940424073615,0,0,7412.658587843579,True,6318.553316135041,0.5,0.0
2019-01-22 16:00:00+00:00,50.40969892855156,1.012000784644997,0.9717383675234338,1.0433897261019967,0.022664446439983214,0.8368082550472778,0,0,7691.131364561004,True,6731.511699934274,0.5,0.0
2019-01-22 17:00:00+00:00,50.76541059387259,1.0118384290939555,0.9713084106323562,1.0434369691754848,0.02268057776173952,0.870036487158237,0,0,7716.534513724202,True,6686.466822412147,0.5,0.0
2019-01-22 18:00:00+00:00,49.74222218372667,1.0133259740649871,0.9745602429179202,1.0450920692190715,0.0225806523631283,0.9105777822017996,0,0,7590.368423816501,True,6559.028015501,0.5,0.0
2019-01-22 19:00:00+00:00,45.51018913248588,1.0172100632690233,0.982,1.0483914160544843,0.023211055180581013,0.9009597576629841,0,0,7199.161447525852,True,6236.950412591131,0.5,0.0
2019-01-22 20:00:00+00:00,41.6725792442504,1.0204252844163535,0.982,1.0510382975485566,0.024493161863552545,0.865913224756085,0,1,6842.78277237709,True,5956.458513115475,0.5,0.0
2019-01-22 21:00:00+00:00,38.44832920183656,1.022764782854939,0.982,1.0526823714290507,0.025839022026520827,0.8317860419902728,0,4,6572.488168364484,True,5762.97595536343,0.5,0.0
2019-01-22 22:00:00+00:00,35.058954926654636,1.0257754394864151,0.982,1.0549867750941226,0.028067212971208164,0.7984849255826988,0,5,6222.153498133037,True,5478.745624092585,0.5,0.0
2019-01-22 23:00:00+00:00,32.401192201149684,1.0278271052667667,0.982,1.05691642333866,0.030012949207555185,0.7675570941732436,0,5,5976.785550766183,True,5286.926229642461,0.5,0.0
2019-01-23 00:00:00+00:00,30.15312336574525,1.029475021417962,0.982,1.0589704349109548,0.0315995680578585,0.7424656773537072,0,6,5770.415429622304,True,5112.867749836084,0.5,0.0
2019-01-23 01:00:00+00:00,29.23217918339635,1.0300750529821379,0.982,1.0596878273329795,0.032179753652607127,0.7255007410217196,0,6,5681.520078802274,True,5065.097022805816,0.5,0.0
2019-01-23 02:00:00+00:00,28.96489957692389,1.030319029314361,0.982,1.0599294842613756,0.03242912554643291,0.7111748332129835,0,6,5641.610333641717,True,5069.086559053976,0.5,0.0
2019-01-23 03:00:00+00:00,29.893849434390994,1.0300466209315289,0.982,1.0594287970386345,0.03217383719622791,0.7089137800749159,0,6,5677.404867063447,True,5155.466232137916,0.5,0.0
2019-01-23 04:00:00+00:00,34.351577691421554,1.026970182566343,0.982,1.0562632970558177,0.02919370029600623,0.7415763852621627,0,5,6011.256775237067,True,5528.522725405051,0.5,0.0
2019-01-23 05:00:00+00:00,45.06103055966479,1.0199887094002131,0.982,1.0517850764336951,0.02405460116311097,0.811930239770479,0,1,6756.999553548173,True,6315.1055342497775,0.5,0.0
2019-01-23 06:00:00+00:00,49.62497202506778,1.0120495058991665,0.9700135359558827,1.045521826764358,0.023656652919432895,0.8016596903407355,0,0,7406.6810902794205,True,6996.582841964782,0.5,0.0
2019-01-23 07:00:00+00:00,48.86623026759621,1.0114887631289378,0.9695278793641425,1.0443283723825767,0.02358003948721944,0.8014352796556652,0,0,7586.392754350372,True,6993.867145390605,0.5,0.0
2019-01-23 08:00:00+00:00,42.54815880855891,1.016752887726556,0.982,1.0461626619323603,0.022822508661316576,0.7890347304364039,0,0,7666.259762751241,True,6082.093977661793,0.5,0.0
2019-01-23 09:00:00+00:00,48.166924918443975,1.015911652182228,0.982,1.0471328508137876,0.022617707330600756,1.5394978960427166,1,0,7737.20013591492,True,4949.146937537079,0.5,0.0
2019-01-23 10:00:00+00:00,66.85869360031526,1.011397669306734,0.974214644297967,1.0458095352015937,0.021672317835417995,2.2445899837552603,4,0,7747.66114679863,True,4109.7552405435345,0.5,0.0
2019-01-23 11:00:00+00:00,72.72311734071121,1.0100692369904611,0.971566879554627,1.0455889852706244,0.02162558303531997,2.4095091482447857,4,0,7708.653878123411,True,3875.6645145818675,0.5,0.0
2019-01-23 12:00:00+00:00,58.32578975679214,1.0144075474740868,0.9801519811464466,1.0472362075188102,0.02197148268382033,2.0152100966449193,3,0,7625.533176301563,True,4286.103726677016,0.5,0.0
2019-01-23 13:00:00+00:00,42.85122221403959,1.0183962908193078,0.982,1.048339193858657,0.023401920803455187,1.304844783318396,1,0,7535.780620681803,True,5078.530146755809,0.5,0.0
2019-01-23 14:00:00+00:00,41.7505289388086,1.0180697546619182,0.982,1.0480227913287345,0.0232333407889716,0.7283850333132748,0,0,7442.130362162086,True,6155.086136869804,0.5,0.0
2019-01-23 15:00:00+00:00,47.921786485407054,1.0133576019338437,0.9742319346297442,1.0461612041731907,0.023148451614405027,0.7924223440783184,0,0,7398.695030009219,True,6914.326142424481,0.5,0.0
2019-01-23 16:00:00+00:00,53.33048740877295,1.0064729206924146,0.9550023479510965,1.0413746601462595,0.025464784040177012,0.8055555555554991,0,0,7665.980705375904,True,7259.492377469087,0.5,0.0
2019-01-23 17:00:00+00:00,51.86222766005977,1.0080958017045143,0.9598855229310674,1.0421430372826894,0.02476435826808363,0.8055555555555458,0,0,7628.775903802674,True,7171.038361783007,0.5,0.0
2019-01-23 18:00:00+00:00,49.90296321637845,1.0107088200159846,0.9668119843348287,1.0443976042766678,0.023997203821433357,0.8055555555555558,0,0,7485.565341577478,True,7043.023625904019,0.5,0.0
2019-01-23 19:00:00+00:00,47.930666585936024,1.015585824696945,0.9795834208972267,1.0486187864675347,0.022863128459796545,0.7720590863253152,0,0,7134.548701462069,True,6736.758917817212,0.5,0.0
2019-01-23 20:00:00+00:00,47.22185848337662,1.0188485623438772,0.982,1.051517044454404,0.023539682942180944,0.7961496938716194,0,1,6816.774985284873,True,6464.127272982601,0.5,0.0
2019-01-23 21:00:00+00:00,44.92224385953949,1.0207840643206658,0.982,1.0528111867352021,0.0243983894609767,0.785904111629785,0,1,6604.119137664564,True,6281.860056471185,0.5,0.0
2019-01-23 22:00:00+00:00,40.06180456731679,1.024304514160608,0.982,1.0552534122466972,0.026769834111004497,0.7467860112429107,0,5,6211.829508690351,True,5920.829252087483,0.5,0.0
2019-01-23 23:00:00+00:00,36.4611344166414,1.0267550037775257,0.982,1.0565434105186784,0.02897144722327315,0.7152283388438213,0,5,5955.073301644367,True,5685.113323478293,0.5,0.0
2019-01-24 00:00:00+00:00,34.298257107234235,1.0283232819496466,0.982,1.0576832528322657,0.030482349352924237,0.6891428243917985,0,5,5748.945985239581,True,5516.061501059858,0.5,0.0
2019-01-24 01:00:00+00:00,32.936811378110264,1.0293199045192887,0.982,1.0587154435402264,0.031440292380918375,0.6737527875168685,0,5,5607.997250830151,True,5393.588844086345,0.5,0.0
2019-01-24 02:00:00+00:00,33.190263233206124,1.0291513874117304,0.982,1.0586050936341624,0.03127910111586769,0.6693133356487876,0,5,5604.463224013984,True,5412.391549635245,0.5,0.0
2019-01-24 03:00:00+00:00,34.50045300971197,1.0285331694946245,0.982,1.0582028516956947,0.030681954469321947,0.679291313978901,0,5,5666.593615680873,True,5501.5335761916685,0.5,0.0
2019-01-24 04:00:00+00:00,37.287602264197304,1.0264590422750512,0.982,1.0564285934566098,0.028691971268888058,0.7099331117864643,0,5,5927.956805038182,True,5785.958113011613,0.5,0.0
2019-01-24 05:00:00+00:00,47.55325772906657,1.0195944419184098,0.982,1.0519945451441666,0.0236788170012913,0.7638765495298631,0,1,6640.260595556658,True,6516.762002573916,0.5,0.0
2019-01-24 06:00:00+00:00,50.181368768811716,1.0111554766061845,0.9671055261375092,1.0455067864204355,0.024367098689535436,0.8055555555555554,0,0,7258.242552266171,True,7149.382655629272,0.5,0.0
2019-01-24 07:00:00+00:00,51.47280061495184,1.0084941734547945,0.9601132589550002,1.0432342951753917,0.025160757256537342,0.8471792653505213,0,0,7465.497283767687,True,7258.790029184828,0.5,0.0
2019-01-24 08:00:00+00:00,46.57889648326624,1.0139164240043101,0.9771642764534897,1.0458051614555375,0.022812094678579403,0.7851025638403935,0,0,7530.653545016727,True,6849.151714323976,0.5,0.0
2019-01-24 09:00:00+00:00,43.21910600820435,1.0169525145579361,0.982,1.0466438788152055,0.02271195657896394,0.7554594078706315,0,0,7614.99649443445,True,6227.516767540999,0.5,0.0
2019-01-24 10:00:00+00:00,41.891419576782894,1.0177044849584307,0.982,1.046502152953225,0.02304499015059951,0.9524701608640698,0,0,7632.920983729444,True,5685.850911053327,0.5,0.0
2019-01-24 11:00:00+00:00,42.03483628092363,1.0181916060859293,0.982,1.0473908978707602,0.023258075814117835,1.1129661287260086,1,0,7573.474796533004,True,5427.284577120948,0.5,0.0
2019-01-24 12:00:00+00:00,41.2311173461152,1.0184139308195874,0.982,1.0469815558767734,0.023307712138739594,0.872583761120419,0,0,7544.8223021736,True,5714.631721252328,0.5,0.0
2019-01-24 13:00:00+00:00,43.09471509306664,1.0177473308834255,0.982,1.0480242583719945,0.02301703990514569,0.7329061792159209,0,0,7463.562042924683,True,6244.57021061534,0.5,0.0
2019-01-24 14:00:00+00:00,47.47545835212608,1.01408386406869,0.9769898141836789,1.046847797116334,0.022987424408700958,0.7897388507392901,0,0,7422.702200346786,True,6890.478632597325,0.5,0.0
2019-01-24 15:00:00+00:00,51.85070391870243,1.009051441826631,0.9612220910441647,1.0442813603118548,0.025145944459486688,0.8511839975352546,0,0,7378.740417625524,True,7260.9079385690275,0.5,0.0
2019-01-24 16:00:00+00:00,56.72355168958347,1.0031260461265588,0.9440193521727313,1.0409528925477463,0.027358827220943287,0.9664100862313618,0,2,7545.555377708624,True,7513.637940084949,0.5,0.0
2019-01-24 17:00:00+00:00,56.630759854822635,1.0029161920127718,0.943274229970937,1.0410086181417972,0.027473861773713422,0.9619873282446918,0,2,7547.8365808458,True,7510.769353869398,0.5,0.0
2019-01-24 18:00:00+00:00,53.500870806744175,1.0067897434808317,0.9543656868881003,1.0430928359021503,0.026081401457132225,0.8897737348722078,0,0,7397.701758648395,True,7361.060425122043,0.5,0.0
2019-01-24 19:00:00+00:00,48.78436905585246,1.0142709566931303,0.9759057164404974,1.0482142052143828,0.02342773903822952,0.8005627917696083,0,0,7017.615899429731,True,6986.17682573763,0.5,0.0
2019-01-24 20:00:00+00:00,48.71768933110032,1.0178516645205633,0.982,1.0512739784288996,0.02322454258073845,0.7666761404619803,0,1,6708.510851357521,True,6690.604406270564,0.5,0.0
2019-01-24 21:00:00+00:00,47.31897637451068,1.0203095751078024,0.982,1.0529661846116032,0.02400375499600437,0.7827820703639626,0,1,6448.119560126866,True,6446.9052251032945,0.5,0.0
2019-01-24 22:00:00+00:00,42.470231162056436,1.0237495352109092,0.982,1.055308099768251,0.026208059886807772,0.7683848833405139,0,4,6082.019539359615,True,6084.066138406063,0.5,0.0
2019-01-24 23:00:00+00:00,38.43199687423404,1.0261066607176923,0.982,1.0566826143573513,0.028336282446346697,0.7380217906310736,0,5,5834.858682319107,True,5827.127889431676,0.5,0.0
2019-01-25 00:00:00+00:00,35.887024433205,1.0276351019783634,0.982,1.057602940384552,0.029809468400103727,0.7186966400793964,0,5,5663.658592836529,True,5648.953694976697,0.5,0.0
2019-01-25 01:00:00+00:00,34.573940361710264,1.0284753981579473,0.982,1.0583706875341166,0.030627612140700408,0.6915054742329536,0,5,5556.003584777588,True,5534.8078845347245,0.5,0.0
2019-01-25 02:00:00+00:00,33.17485127419264,1.0293397547390817,0.982,1.0587706670935724,0.03147286208814973,0.6747466048544187,0,5,5479.918394254345,True,5458.19695499948,0.5,0.0
2019-01-25 03:00:00+00:00,34.1637665768697,1.0287060403524715,0.982,1.0583828299285594,0.03087173030691573,0.6748397899461258,0,5,5561.4876508346715,True,5544.498055782994,0.5,0.0
2019-01-25 04:00:00+00:00,37.66171193482716,1.0261910532745708,0.982,1.0564404913957455,0.02844657869620938,0.7126653985226057,0,5,5864.777751953223,True,5850.849427221971,0.5,0.0
2019-01-25 05:00:00+00:00,47.48336788365472,1.0193004141759492,0.982,1.0518762315762162,0.023512030165816045,0.7540899327635929,0,1,6597.693371682572,True,6579.613101674877,0.5,0.0
2019-01-25 06:00:00+00:00,49.61776754412223,1.0120513370634558,0.9697414295196448,1.0461585855163367,0.024048925169623217,0.8055555555555555,0,0,7184.971089573701,True,7134.124428990751,0.5,0.0
2019-01-25 07:00:00+00:00,51.00344127990605,1.0095639794136808,0.9631638515836101,1.0439298491133209,0.024750021136006366,0.8386373865379517,0,0,7425.17763190171,True,7227.5114090694415,0.5,0.0
2019-01-25 08:00:00+00:00,46.74980183123295,1.0139966038900756,0.9772281067639965,1.0459644810286959,0.022778100280389502,0.7846262708639042,0,0,7532.115049242038,True,6845.169146167752,0.5,0.0
2019-01-25 09:00:00+00:00,42.94895640270687,1.016794961705602,0.982,1.046587102001685,0.02274724092038255,0.7635005612342814,0,0,7630.221854465925,True,6200.33282498361,0.5,0.0
2019-01-25 10:00:00+00:00,41.12735462163252,1.0181410089210607,0.982,1.0471316778066413,0.0232087327266607,1.082750774942461,1,0,7606.1297729176495,True,5444.359528514802,0.5,0.0
2019-01-25 11:00:00+00:00,42.87041336508272,1.0181098582319965,0.982,1.0480166414904981,0.02323861655486141,1.3598859531390948,1,0,7560.625018859136,True,5018.823760481761,0.5,0.0
2019-01-25 12:00:00+00:00,40.898278961131716,1.0195021220218563,0.982,1.0489647695746516,0.02386320869431115,1.2926633087599855,1,0,7417.860476151482,True,4947.827667401875,0.5,0.0
2019-01-25 13:00:00+00:00,37.34086639747001,1.0206483131429787,0.982,1.0493113721172147,0.02449217593426858,0.9187532535326924,0,0,7299.246121719077,True,5287.642406959588,0.5,0.0
2019-01-25 14:00:00+00:00,38.12579573901835,1.020347343294046,0.982,1.049200897671279,0.02427874831354124,0.6930605279860461,0,0,7184.692277942828,True,5848.8718961845625,0.5,0.0
2019-01-25 15:00:00+00:00,43.31516166245173,1.0185418544587974,0.982,1.0488863424542831,0.023371904420530082,0.809186862165156,0,0,7138.860751113263,True,6310.901229079174,0.5,0.0
2019-01-25 16:00:00+00:00,47.82881448213626,1.0146084756095797,0.9778588974587437,1.045924408170095,0.022490570819365063,0.8243424512842074,0,0,7430.356514338961,True,6659.993201887083,0.5,0.0
2019-01-25 17:00:00+00:00,48.21376687731697,1.014640229686657,0.9778833721686891,1.0459337709366445,0.022454084496007647,0.8817647666836964,0,0,7463.582897888561,True,6546.931976599022,0.5,0.0
2019-01-25 18:00:00+00:00,46.15669866704708,1.0161600007027762,0.9804195670377823,1.0472193361698932,0.022784814550027687,0.9049799934928324,0,0,7313.8619506264085,True,6299.5845098903155,0.5,0.0
2019-01-25 19:00:00+00:00,40.33587471457772,1.020219795573669,0.982,1.0499135690027608,0.0243879237890083,0.8674598870770484,0,0,6876.423107564767,True,5781.902939922621,0.5,0.0
2019-01-25 20:00:00+00:00,36.901464307272306,1.0227842446107265,0.982,1.051783238585337,0.02598494252749776,0.8321316018937405,0,4,6567.454241546486,True,5445.420154242987,0.5,0.0
2019-01-25 21:00:00+00:00,34.80696776791243,1.024137802540286,0.982,1.052790835280409,0.026876670268252436,0.8134091066791774,0,4,6406.506802269459,True,5297.287551876644,0.5,0.0
2019-01-25 22:00:00+00:00,30.89806391595664,1.0268679257146127,0.982,1.055691573364647,0.02916066025566895,0.7804079042275976,0,6,6078.21583275346,True,4962.530010427298,0.5,0.0
2019-01-25 23:00:00+00:00,28.028957630719155,1.0292793710485857,0.982,1.0586630215417314,0.03148982958728736,0.7511193427272383,0,6,5781.030997716617,True,4641.328520822516,0.5,0.0
2019-01-26 00:00:00+00:00,25.88825735116956,1.0312282193433369,0.982,1.0609682967788991,0.03334921116283772,0.7467061466693545,0,6,5546.636582822956,True,4367.176970208392,0.5,0.0
2019-01-26 01:00:00+00:00,24.57505971746149,1.032381014184876,0.982,1.0625913992289286,0.034463482195363666,0.7499050285086752,0,7,5384.779840487137,True,4193.090154281724,0.5,0.0
2019-01-26 02:00:00+00:00,23.878899009606243,1.032848291734304,0.982,1.06333741836242,0.03490921875754375,0.7373799508484808,0,7,5316.693210224027,True,4130.108903105118,0.5,0.0
2019-01-26 03:00:00+00:00,23.63935612475186,1.0330866354132935,0.982,1.0637148104051013,0.035137704785088424,0.7138889095142044,0,7,5294.636610330312,True,4147.986863848854,0.5,0.0
2019-01-26 04:00:00+00:00,22.793161791983664,1.0334445996816253,0.982,1.063678494898174,0.03548303812623233,0.6939629318664585,0,7,5259.760229446494,True,4188.370509590668,0.5,0.0
2019-01-26 05:00:00+00:00,23.282866466797387,1.0329926396438316,0.982,1.0628924062793652,0.035052292070419065,0.7050079220901035,0,7,5316.996202815463,True,4218.086603035832,0.5,0.0
2019-01-26 06:00:00+00:00,26.013432219251946,1.030482743675254,0.982,1.059905714236306,0.03262591128640835,0.734383066929054,0,6,5632.712372836828,True,4496.9871002763175,0.5,0.0
2019-01-26 07:00:00+00:00,28.680028612496397,1.0277306068017378,0.982,1.0565560238462355,0.029991874732945505,0.7465935585911977,0,6,5989.677339712496,True,4797.47751218618,0.5,0.0
2019-01-26 08:00:00+00:00,30.257113494670307,1.0258284782317435,0.982,1.0544786912945463,0.02816144545969421,0.76904371748288,0,5,6336.501999428276,True,4854.588748862636,0.5,0.0
2019-01-26 09:00:00+00:00,30.445629364069006,1.0252850177015271,0.982,1.0537129502991438,0.027652905705436197,0.8837821848426194,0,5,6511.486532160898,True,4668.814994875437,0.5,0.0
2019-01-26 10:00:00+00:00,31.755596574854867,1.0251457859056934,0.982,1.0535979493472265,0.027506953911043998,1.0485774077152037,2,4,6549.743121509126,True,4270.423414144687,0.5,0.0
2019-01-26 11:00:00+00:00,34.43615178016278,1.025267911993034,0.982,1.0540021047243835,0.027645308396118652,1.319535152148358,2,4,6481.036605510942,True,3868.886673657622,0.5,0.0
2019-01-26 12:00:00+00:00,35.29382055217323,1.0265371729244044,0.982,1.0552877600972557,0.028878325325002906,1.449403025877817,2,5,6257.293059731652,True,3506.9770022035364,0.5,0.0
2019-01-26 13:00:00+00:00,31.5790959705953,1.0278481556588395,0.982,1.0567061181586601,0.030142851547548942,1.2570999838941979,2,5,6141.010271467161,True,3635.909924222674,0.5,0.0
2019-01-26 14:00:00+00:00,27.717036857339515,1.0283945160031105,0.982,1.057207930892378,0.03065700158631157,0.936869196721867,0,6,6075.061995971532,True,4162.551669878456,0.5,0.0
2019-01-26 15:00:00+00:00,29.365091974619595,1.0272042371391847,0.982,1.0558455016279928,0.029475343397426617,0.8134321343269806,0,6,6083.126537253896,True,4640.315701299259,0.5,0.0
2019-01-26 16:00:00+00:00,33.88308393333746,1.0241475461880543,0.982,1.0524089578323887,0.026851639922453676,0.8581581844127013,0,4,6399.25555818988,True,5070.441911768,0.5,0.0
2019-01-26 17:00:00+00:00,35.33072463298515,1.0234312649640736,0.982,1.0520188693092907,0.02635407714416152,0.9074911769869766,0,4,6470.152097899268,True,5058.341745652777,0.5,0.0
2019-01-26 18:00:00+00:00,33.70846047104544,1.0250813440883677,0.982,1.0540345415679737,0.027592025794746535,0.9422088539864889,0,5,6249.663422033936,True,4760.062202518777,0.5,0.0
2019-01-26 19:00:00+00:00,31.30309109876035,1.0277357494375292,0.982,1.0570735541957081,0.029964344354757422,0.9836438566115815,0,6,5884.952950442166,True,4319.460190826014,0.5,0.0
2019-01-26 20:00:00+00:00,31.016756770941818,1.0287777062873484,0.982,1.0585999219084952,0.03098888301380372,1.0305714424784622,1,6,5705.88585326524,True,4083.838061530666,0.5,0.0
2019-01-26 21:00:00+00:00,30.038659189878302,1.0296258810093861,0.982,1.0592864434096545,0.03179161832627946,1.0258528648678753,2,6,5597.733857002875,True,3960.609602165423,0.5,0.0
2019-01-26 22:00:00+00:00,28.450568578538636,1.0318462380736064,0.982,1.0614807879745543,0.033931324654738436,1.0460469053857402,2,6,5277.092564941018,True,3601.4499876827786,0.5,0.0
2019-01-26 23:00:00+00:00,27.79752937628718,1.0334624937621089,0.982,1.0630410648426276,0.03548104135150488,1.0773588939858896,2,8,5037.638633165816,True,3320.357945254532,0.5,0.0
2019-01-27 00:00:00+00:00,26.498735017897516,1.0348099108448576,0.982,1.0648017510516807,0.03678275149501752,1.0729045118115608,2,8,4835.790405093861,True,3122.7629340251065,0.5,0.0
2019-01-27 01:00:00+00:00,26.062630660438494,1.035792408381816,0.982,1.0660890967047507,0.0377259008261408,1.0881983457174924,2,8,4675.379761716793,True,2937.462384146266,0.5,0.0
2019-01-27 02:00:00+00:00,26.47293997005055,1.0358260898659433,0.982,1.0663719409980357,0.03775245670597852,1.110922864966758,2,8,4636.976426228604,True,2854.2423004306415,0.5,0.0
2019-01-27 03:00:00+00:00,27.00072549470461,1.0355558135970762,0.982,1.0661844120687107,0.03748355480864579,1.1267897790944472,2,8,4660.772718736344,True,2845.878132739789,0.5,0.0
2019-01-27 04:00:00+00:00,26.340540862777875,1.035960682624491,0.982,1.066315610507575,0.037881132140071085,1.1176732665935782,2,9,4604.701755856026,True,2816.595130491233,0.5,0.0
2019-01-27 05:00:00+00:00,25.830408608823348,1.0366062999544126,0.982,1.0667587087702697,0.03850437287662794,1.113461924587225,2,10,4525.356760773611,True,2757.762787140814,0.5,0.0
2019-01-27 06:00:00+00:00,25.98750638398158,1.0354009945577751,0.982,1.0652269384968958,0.037338915264434065,1.0862238556517079,2,8,4741.499926754066,True,3009.500154652294,0.5,0.0
2019-01-27 07:00:00+00:00,26.505759117004033,1.0342328615413783,0.982,1.063240878598562,0.03621310273607274,1.106345076512604,2,8,4983.68198818801,True,3129.483260501634,0.5,0.0
2019-01-27 08:00:00+00:00,32.14702562128593,1.0317306481828625,0.982,1.0604792376877827,0.033818263865706785,1.3012452190225732,2,6,5342.657162058032,True,2832.3589411049543,0.5,0.0
2019-01-27 09:00:00+00:00,44.839705866839736,1.0283112490521096,0.982,1.056758273340057,0.030529099455494972,1.793765625260939,2,5,5544.86642463737,True,2322.0000918389696,0.5,0.0
2019-01-27 10:00:00+00:00,65.06230499245154,1.0224223278432494,0.982,1.052578021908067,0.024831309053031565,2.3548071383448956,2,2,5795.259393811975,True,1868.349803829955,0.5,0.0
2019-01-27 11:00:00+00:00,83.8774617518946,1.0179618286024557,0.982,1.050155956428712,0.02143506485428528,2.7562196983284073,2,1,5801.537850908197,True,1408.0569676597045,0.5,0.0
2019-01-27 12:00:00+00:00,77.44037092262894,1.021216583495832,0.982,1.051798767896591,0.02367656512548591,2.7623623961167785,2,2,5573.918758295293,True,1078.9925154924686,0.5,0.0
2019-01-27 13:00:00+00:00,61.724505881476084,1.025246566881507,0.982,1.0547106034658666,0.027583852908810404,2.402234087204733,2,3,5453.624250200723,True,1565.3150311437632,0.5,0.0
2019-01-27 14:00:00+00:00,29.236391729374187,1.0325611017527643,0.982,1.0612015017406529,0.03467884412285723,1.382593948439798,2,6,5391.1202246675,True,2791.3908835306775,0.5,0.0
2019-01-27 15:00:00+00:00,22.96357199174773,1.0325217324492486,0.982,1.0616220267207785,0.03461550939419632,0.8256806937646985,0,6,5448.527209740117,True,3912.630266183366,0.5,0.0
2019-01-27 16:00:00+00:00,27.438198281130557,1.029012854571146,0.982,1.0572369944546391,0.031203975322954564,0.782799152329383,0,6,5818.1707869959,True,4612.267704735482,0.5,0.0
2019-01-27 17:00:00+00:00,29.531919505266067,1.0276845722811088,0.982,1.0555899627536582,0.029916898824426816,0.8208494666981898,0,6,5989.86198742487,True,4722.968100407631,0.5,0.0
2019-01-27 18:00:00+00:00,29.12803513277588,1.0281701141737603,0.982,1.0566377589629956,0.030391234173328084,0.8323785939665721,0,6,5910.881278815572,True,4613.640076229091,0.5,0.0
2019-01-27 19:00:00+00:00,27.42547317081839,1.02971810865598,0.982,1.0590454328505572,0.03188805912390957,0.820534134341202,0,6,5703.062267279053,True,4404.804706362206,0.5,0.0
2019-01-27 20:00:00+00:00,26.523459763925914,1.0310089705487286,0.982,1.0607957317280254,0.033137298778467064,0.8109934728640704,0,6,5551.250948446178,True,4261.261549926448,0.5,0.0
2019-01-27 21:00:00+00:00,26.670769847041445,1.030890301710708,0.982,1.0605309931383144,0.03301254378178379,0.7927513514626002,0,6,5583.859079042717,True,4309.73729198439,0.5,0.0
2019-01-27 22:00:00+00:00,24.455183042480986,1.033226520450906,0.982,1.0634278609335102,0.035259543973301354,0.7667079303187974,0,8,5297.860231950144,True,4043.4813742982024,0.5,0.0
2019-01-27 23:00:00+00:00,22.43560169728632,1.035072401753531,0.982,1.0654373928823875,0.03704415901025785,0.7523012015870207,0,8,5060.606587293268,True,3841.637437292063,0.5,0.0
2019-01-28 00:00:00+00:00,21.039735484815935,1.0361428803659753,0.982,1.066764931720588,0.03807643747456567,0.7612533916862703,0,10,4891.777927769066,True,3657.1273995886127,0.5,0.0
2019-01-28 01:00:00+00:00,20.669774735708597,1.0363933505714966,0.982,1.0672287625679415,0.0383210098428676,0.7625548184761962,0,10,4844.536372156419,True,3607.7691830737112,0.5,0.0
2019-01-28 02:00:00+00:00,20.945449425084647,1.0359159644154192,0.982,1.0668719566978933,0.03786148531290049,0.7462934916730625,0,10,4909.258525355261,True,3694.3512342829167,0.5,0.0
2019-01-28 03:00:00+00:00,22.049534052248774,1.0346944745508295,0.982,1.0655430661952328,0.03668764927263679,0.7094900987881856,0,8,5088.689719674907,True,3939.57680104438,0.5,0.0
2019-01-28 04:00:00+00:00,24.779442979098597,1.0323043822521583,0.982,1.0620244542715844,0.03437567253190292,0.7225645757036209,0,6,5441.352542365178,True,4333.708846772284,0.5,0.0
2019-01-28 05:00:00+00:00,34.03351248876575,1.0252099451461534,0.982,1.0535434659337481,0.027689816329426735,0.819717626526936,0,5,6322.84726719303,True,5184.221155439172,0.5,0.0
2019-01-28 06:00:00+00:00,43.04552575059221,1.0187556429083562,0.982,1.0485745057371165,0.023766690649118682,0.8980826872327605,0,0,7070.292555683354,True,5938.623889802245,0.5,0.0
2019-01-28 07:00:00+00:00,43.58871039284899,1.017777414208204,0.982,1.0468442496997774,0.023299873376539968,0.8693757487497957,0,0,7315.202315422909,True,5907.65118114989,0.5,0.0
2019-01-28 08:00:00+00:00,42.98158566191457,1.0185739353856922,0.982,1.0483894476950337,0.023390515219914688,1.1179835139649072,2,0,7411.082079186035,True,5035.837496773479,0.5,0.0
2019-01-28 09:00:00+00:00,57.57757274832906,1.0154584948537244,0.982,1.0475654989939356,0.021671017481124922,1.889044180170216,2,0,7490.047797357064,True,4071.3045699476984,0.5,0.0
2019-01-28 10:00:00+00:00,84.64599535754189,1.0088243563125234,0.9719133736579734,1.0442312254843513,0.02013255865318612,2.581228015547575,2,0,7539.235108342226,True,3292.8276884697057,0.5,0.0
2019-01-28 11:00:00+00:00,98.29738634889691,1.005041631721745,0.9651109392075875,1.04262166827213,0.020996856838005007,2.8174627620954555,2,0,7574.551373764265,True,3020.978728056024,0.5,0.0
2019-01-28 12:00:00+00:00,76.73513691603307,1.010398339778259,0.9736751804852342,1.0454749241376793,0.02059753076503673,2.357221402670587,2,0,7584.409820514235,True,3550.427252898571,0.5,0.0
2019-01-28 13:00:00+00:00,56.1442227476423,1.0156569045956627,0.982,1.047946531046577,0.021919741768517402,1.723276865767882,2,0,7498.713146443426,True,4233.488285685224,0.5,0.0
2019-01-28 14:00:00+00:00,45.588285894300654,1.0177992673138654,0.982,1.0483755991575303,0.02318050715147645,1.1685799800228391,1,0,7414.439629850627,True,5068.1622134775735,0.5,0.0
2019-01-28 15:00:00+00:00,46.057254882411854,1.016991227026326,0.9816035858093811,1.0471211353425363,0.02305495238190645,0.9788968908220271,0,0,7337.7872166166635,True,5654.370205861363,0.5,0.0
2019-01-28 16:00:00+00:00,49.706863021518515,1.0144587270277654,0.9763883679870267,1.044683899999485,0.02258443746018312,0.9612667397925868,0,0,7527.815623028888,True,6105.764721616138,0.5,0.0
2019-01-28 17:00:00+00:00,49.13206344295557,1.014597893091556,0.9768961805466123,1.0447330365277787,0.02257790248622464,0.949861986263479,0,0,7505.602922192318,True,6154.255755704063,0.5,0.0
2019-01-28 18:00:00+00:00,46.716725808626435,1.0162279446096796,0.9797121688137993,1.0463536768093742,0.022932282879429958,0.9405440661480854,0,0,7326.391452040586,True,5999.0789788084685,0.5,0.0
2019-01-28 19:00:00+00:00,41.563991250275265,1.0198689790462818,0.982,1.0492148433090727,0.024265201710385393,0.8976258631966746,0,0,6924.99825680349,True,5627.279905630915,0.5,0.0
2019-01-28 20:00:00+00:00,37.70230720620922,1.0229574341668446,0.982,1.0516837822515763,0.02610661231052448,0.858900964169329,0,4,6576.246438288479,True,5327.254554111122,0.5,0.0
2019-01-28 21:00:00+00:00,34.51583687238149,1.0250695294215553,0.982,1.0536005948588598,0.02759335486061663,0.8259079838782526,0,5,6334.022221349211,True,5129.503828159518,0.5,0.0
2019-01-28 22:00:00+00:00,30.274550741688202,1.0285612670567839,0.982,1.0576203513452307,0.03077304352448308,0.7883174602619756,0,6,5920.652640601613,True,4723.745569463276,0.5,0.0
2019-01-28 23:00:00+00:00,27.440057881379147,1.0309401512300063,0.982,1.0608384162744,0.03305406461766454,0.7658630891973117,0,6,5617.464293288672,True,4409.675432155897,0.5,0.0
2019-01-29 00:00:00+00:00,25.68327379389376,1.0322206756135581,0.982,1.062639019446512,0.03428970434804859,0.74789661266981,0,7,5430.066234439737,True,4198.000633673585,0.5,0.0
2019-01-29 01:00:00+00:00,24.676954630941033,1.0329052172733963,0.982,1.0637132140119125,0.03494685825456772,0.7385499191100692,0,7,5332.653351382165,True,4119.481336769234,0.5,0.0
2019-01-29 02:00:00+00:00,24.768045851862347,1.0328081376588345,0.982,1.0635839019754054,0.03485104752948766,0.7402890921699321,0,7,5348.174063586656,True,4141.26897287898,0.5,0.0
2019-01-29 03:00:00+00:00,25.756030587275315,1.0318983887263067,0.982,1.0626091663876616,0.03396670025807836,0.7545269821207158,0,7,5472.028402513012,True,4302.854381905084,0.5,0.0
2019-01-29 04:00:00+00:00,28.627487257700608,1.0294494368938008,0.982,1.0591453887495572,0.03161531773819939,0.7740633890444754,0,6,5799.574610272942,True,4697.400894815147,0.5,0.0
2019-01-29 05:00:00+00:00,37.2596636455051,1.0228578663268628,0.982,1.0520760291133886,0.025973052118508814,0.8395454146356573,0,4,6585.873041364986,True,5583.721349593401,0.5,0.0
2019-01-29 06:00:00+00:00,45.66462830263473,1.0174131806356081,0.982,1.04833031497547,0.023196517818194255,0.895502943681025,0,0,7197.170489611385,True,6273.017114213757,0.5,0.0
2019-01-29 07:00:00+00:00,45.313104367009736,1.0168771163624508,0.982,1.0472816032241168,0.02291871263721667,0.8599763897877255,0,0,7388.210290593011,True,6281.944356121082,0.5,0.0
2019-01-29 08:00:00+00:00,40.089166607197846,1.0186844389784682,0.982,1.047630573249541,0.023625973456680723,0.7780024281353038,0,0,7472.876573029691,True,5619.364183217392,0.5,0.0
2019-01-29 09:00:00+00:00,49.44385031975476,1.0177018523892902,0.982,1.0484360261912369,0.022847834305785096,1.7179216189567614,2,0,7457.78100163645,True,4359.7899836475135,0.5,0.0
2019-01-29 10:00:00+00:00,95.17969767654942,1.005890714790793,0.96542274835054,1.043154653888245,0.02110369689016721,2.8872212608978853,4,0,7492.363981406641,True,2969.8221826878016,0.5,0.0
2019-01-29 11:00:00+00:00,140.28589141814103,0.9942837896988069,0.9435573645472496,1.04,0.02791715570934077,3.5125375637090603,6,3,7395.642414560515,True,2166.2747626114665,0.5,0.0
2019-01-29 12:00:00+00:00,142.26471643610927,0.9941554653310917,0.9429752004696159,1.0400000000000003,0.028053642451786025,3.532637401694472,6,3,7342.8212896729965,True,2097.2344986144526,0.5,0.0
2019-01-29 13:00:00+00:00,85.96700393734109,1.0098704413212602,0.97247851021097,1.0458425043525232,0.020666667542594837,2.7545105347976246,3,0,7248.9826189943815,True,2928.350959585869,0.5,0.0
2019-01-29 14:00:00+00:00,41.5628416548298,1.0209300598849256,0.982,1.0506139816217843,0.02454165467471799,1.499681432280246,2,1,7176.561347669742,True,4423.242581306338,0.5,0.0
2019-01-29 15:00:00+00:00,37.63865235196448,1.0212583150627867,0.982,1.049936439532401,0.024711165828031467,0.7017918708457461,0,0,7040.78825911521,True,5869.878597478735,0.5,0.0
2019-01-29 16:00:00+00:00,46.876605045056685,1.016003372300553,0.9813064650390625,1.0471320135330333,0.0225141666161576,0.7949763027715223,0,0,7284.8269237178765,True,6650.131485388377,0.5,0.0
2019-01-29 17:00:00+00:00,47.88383438763955,1.0148477091090489,0.978421630882145,1.0461365827326619,0.022482665112013443,0.8010942584542485,0,0,7400.772099566505,True,6692.58429623628,0.5,0.0
2019-01-29 18:00:00+00:00,46.83539988015557,1.0165066596733214,0.981735344792004,1.0474852650873046,0.022747410160181076,0.8795549251555046,0,0,7286.614237324406,True,6444.06734851284,0.5,0.0
2019-01-29 19:00:00+00:00,42.03813503430071,1.0197466171762457,0.982,1.0497734660036075,0.02407236444779372,0.8660459097018612,0,0,6949.031447257639,True,6038.369413048763,0.5,0.0
2019-01-29 20:00:00+00:00,37.21937836936591,1.0235635287810034,0.982,1.0524175159000717,0.02637109492772287,0.8264753256627458,0,4,6538.37748226461,True,5631.3806635632145,0.5,0.0
2019-01-29 21:00:00+00:00,33.93419271827437,1.0259119130251884,0.982,1.0538253399568978,0.028206428018173354,0.7934071103358948,0,5,6273.885538971682,True,5389.741654768023,0.5,0.0
2019-01-29 22:00:00+00:00,29.736334835743644,1.0291269268537626,0.982,1.0579312474382505,0.03130573102421363,0.7592268401465091,0,6,5882.828284167834,True,4987.998798655678,0.5,0.0
2019-01-29 23:00:00+00:00,26.91310746755468,1.0310303775654335,0.982,1.0603034134654188,0.03314182658858416,0.73123413404644,0,6,5638.438793851141,True,4734.423101841478,0.5,0.0
2019-01-30 00:00:00+00:00,25.075706479711926,1.0323127067327182,0.982,1.0616981686102351,0.0343818308457834,0.7104040349314583,0,6,5476.417177942051,True,4552.722790523161,0.5,0.0
2019-01-30 01:00:00+00:00,24.219862216371826,1.032871258938374,0.982,1.0626392347397033,0.034916742170314784,0.7069135258782124,0,7,5390.475398249795,True,4432.613099361182,0.5,0.0
2019-01-30 02:00:00+00:00,24.144999327883234,1.0327674279081378,0.982,1.062582157724799,0.034819599371823995,0.7080351895858693,0,7,5392.620929943666,True,4401.558847405165,0.5,0.0
2019-01-30 03:00:00+00:00,25.2785873039027,1.031955822958049,0.982,1.0616903801239792,0.03404018456938626,0.7239594490482683,0,6,5495.977154489933,True,4470.241306788003,0.5,0.0
2019-01-30 04:00:00+00:00,28.505901696433618,1.029300882679788,0.982,1.0580354572449056,0.03148484916458801,0.7567706049901054,0,6,5839.473203073154,True,4776.728184093136,0.5,0.0
2019-01-30 05:00:00+00:00,37.03935739493621,1.023148805753675,0.982,1.051366623675399,0.02613443749223116,0.8384082207371971,0,4,6587.129967707739,True,5486.3813217746065,0.5,0.0
2019-01-30 06:00:00+00:00,44.16334752120906,1.0186208924342683,0.982,1.0477579696483346,0.02357335898218461,0.905311288086969,0,0,7136.838238445747,True,5997.09209271565,0.5,0.0
2019-01-30 07:00:00+00:00,42.65956727534434,1.0188622464142514,0.982,1.0471253384771755,0.023588845623863926,0.8554267848674231,0,0,7306.85071702521,True,5727.947926651298,0.5,0.0
2019-01-30 08:00:00+00:00,45.93711855823667,1.0196361086797276,0.982,1.0487717379896766,0.023636320151640328,1.3810606333722513,2,0,7301.431643724114,True,4560.606555809493,0.5,0.0
2019-01-30 09:00:00+00:00,74.15365357561114,1.0124629069649624,0.978656783932222,1.0457245838026215,0.02044322399915868,2.3734034505806094,2,0,7422.05472411251,True,3477.9499923467297,0.5,0.0
2019-01-30 10:00:00+00:00,141.52497279678198,0.994299693027948,0.9461239220103611,1.04,0.027393424296698193,3.431478128992065,4,3,7506.974190869305,True,2299.598003050448,0.5,0.0
2019-01-30 11:00:00+00:00,211.65971969752988,0.9742498989760175,0.9073111505635068,1.0400000000000003,0.041684685562858995,4.038670589486984,8,15,7502.3331711115825,True,1596.763275189965,0.5,0.0
2019-01-30 12:00:00+00:00,136.50362976122656,0.9951386018178863,0.9463521798699562,1.04,0.02704579133319844,3.35460577845173,3,3,7543.44987191696,True,2348.631088015137,0.5,0.0
2019-01-30 13:00:00+00:00,68.22961550743614,1.013456281132697,0.9793228866593,1.0472532678775601,0.02105929621871219,2.2192326467671557,2,0,7410.37299849605,True,3573.2492321281634,0.5,0.0
2019-01-30 14:00:00+00:00,43.78114997384001,1.019542792436598,0.982,1.0493995344794018,0.02378059790303213,1.190568318655192,2,0,7273.129254299392,True,4745.672396067758,0.5,0.0
2019-01-30 15:00:00+00:00,42.67678322100665,1.0189998880815925,0.982,1.047877208463229,0.023720504087960084,0.872443855642533,0,0,7177.540949760606,True,5657.0072018756255,0.5,0.0
2019-01-30 16:00:00+00:00,47.406352875929095,1.0160907291929506,0.9799775539861073,1.045267069705373,0.02269189117224086,0.9419072156854518,0,0,7393.502460920533,True,6067.478310423369,0.5,0.0
2019-01-30 17:00:00+00:00,48.21259880267107,1.015534628832336,0.9786283592621926,1.0450663456301292,0.02262355800674615,0.953010197600425,0,0,7447.474778722834,True,6125.213960939373,0.5,0.0
2019-01-30 18:00:00+00:00,46.391083618151015,1.0167007762001015,0.9805541502877789,1.0464356712416762,0.023066866029732826,0.946243765024336,0,0,7310.1099177085825,True,6017.156276755551,0.5,0.0
2019-01-30 19:00:00+00:00,41.41376872903343,1.0203841121920265,0.982,1.0494395457596624,0.024468358400784262,0.8956406393228522,0,0,6903.627794261117,True,5692.719935334519,0.5,0.0
2019-01-30 20:00:00+00:00,37.7071166689004,1.0230977368490006,0.982,1.0519694513803661,0.026151443392785925,0.8517628580103936,0,4,6583.787767356418,True,5496.432838955863,0.5,0.0
2019-01-30 21:00:00+00:00,34.38499684615023,1.025260526561628,0.982,1.053452394567711,0.02768911288471352,0.807479569365759,0,5,6331.906293466975,True,5358.133391207639,0.5,0.0
2019-01-30 22:00:00+00:00,30.019154954002133,1.028588810669206,0.982,1.057445334208847,0.030798450365502765,0.7595466595548054,0,6,5927.219131272459,True,5024.313258002802,0.5,0.0
2019-01-30 23:00:00+00:00,27.183617970265267,1.0307862142585116,0.982,1.0599923373517488,0.032900599533459925,0.7268700188908725,0,6,5659.962004793791,True,4827.519618824106,0.5,0.0
2019-01-31 00:00:00+00:00,25.41803051924959,1.0321771725705946,0.982,1.0617225668654173,0.03424297901597796,0.6972681346942846,0,6,5471.084201168168,True,4717.473963385377,0.5,0.0
