timestamp,losses_mw,vm_mean,vm_min,vm_max,voltage_deviation_pu,max_line_loading,n_overloaded_lines,n_voltage_violations,total_load_mw,converged,total_gen_mw,ev_soc_mean,ev_p_total
2019-01-01 00:00:00+00:00,19.60335756167848,1.0400766938647172,0.982,1.0710433643911754,0.041958745146768436,0.9470759081317536,0,15,4207.2643268392085,True,2673.302662475884,0.5,0.0
2019-01-01 01:00:00+00:00,19.197056952209504,1.0407121495301455,0.982,1.0722205526742377,0.04259420081219684,0.9540545688074833,0,15,4058.7755091979243,True,2505.4433711336374,0.5,0.0
2019-01-01 02:00:00+00:00,20.544718387638035,1.0410894283480854,0.982,1.0725511491761204,0.042971479630136575,1.0186392603548324,1,15,3939.2702026693996,True,2302.4460043155436,0.5,0.0
2019-01-01 03:00:00+00:00,22.818090686947237,1.0405752074011532,0.982,1.0720738469737296,0.042457258683204435,1.094753046226359,2,15,3936.577810614589,True,2181.5046739916424,0.5,0.0
2019-01-01 04:00:00+00:00,24.682381521547637,1.040369837106803,0.982,1.071199801918077,0.04225188838885419,1.1604115363158667,2,15,3909.7613648816036,True,2074.956669079798,0.5,0.0
2019-01-01 05:00:00+00:00,26.376563853684605,1.040281988038602,0.982,1.0706992834863234,0.04216403932065336,1.2165055127740811,2,15,3860.679846758464,True,1952.2116981067604,0.5,0.0
2019-01-01 06:00:00+00:00,27.897039401322807,1.0396331385588524,0.982,1.069660980759381,0.04151518984090372,1.2565580976538995,2,15,3918.997314029536,True,1953.7847143863096,0.5,0.0
2019-01-01 07:00:00+00:00,29.753923261970733,1.0389776236383,0.982,1.068282374598893,0.04085967492035093,1.3103482187936484,2,13,3962.4923308867706,True,1900.7426479828227,0.5,0.0
2019-01-01 08:00:00+00:00,32.6425073776305,1.037093324581116,0.982,1.0658388692653058,0.03897537586316737,1.3901587686391959,3,10,4243.3075273418435,True,1881.872558387926,0.5,0.0
2019-01-01 09:00:00+00:00,44.22452536369712,1.0335554361355836,0.982,1.0617748974287817,0.035521698801542885,1.6193169959154976,3,6,4489.850944385337,True,1552.4500822448115,0.5,0.0
2019-01-01 10:00:00+00:00,61.07126902704167,1.0283257965648465,0.982,1.0566652233521028,0.03044760800245382,1.9527231446229356,3,5,4791.043461155995,True,1283.7333273469642,0.5,0.0
2019-01-01 11:00:00+00:00,64.07100712214663,1.0266107174211287,0.982,1.0556067630416262,0.028788787080384362,2.024708006070627,3,4,4977.9638378007885,True,1345.0402441820538,0.5,0.0
2019-01-01 12:00:00+00:00,62.03646978427732,1.0272489004752459,0.982,1.0563227098410057,0.02940923996291276,1.93547195931155,3,5,4938.223261992779,True,1416.2189605495064,0.5,0.0
2019-01-01 13:00:00+00:00,51.40014734397739,1.0293552946838822,0.982,1.0589006474286948,0.03145005464834593,1.7305508564987342,3,5,4913.129811627016,True,1817.7582228250308,0.5,0.0
2019-01-01 14:00:00+00:00,42.12096070504055,1.030695622518802,0.982,1.060723054796702,0.03274120512356591,1.5405955630107442,3,5,4934.108528392197,True,2386.99117947852,0.5,0.0
2019-01-01 15:00:00+00:00,42.018819333922416,1.0293514905225967,0.982,1.0595020164108073,0.03141378338568235,1.496005906602632,2,5,5111.530284756181,True,2771.4688666278616,0.5,0.0
2019-01-01 16:00:00+00:00,44.7221763956304,1.0269225276561498,0.982,1.0570649414324287,0.02905898220719766,1.5176309949853446,2,5,5431.9481214181405,True,3071.838479796502,0.5,0.0
2019-01-01 17:00:00+00:00,45.10868082645078,1.0263950103733692,0.982,1.056772477735081,0.02856166031069373,1.5155250048147997,2,5,5490.714626617992,True,3132.176750245229,0.5,0.0
2019-01-01 18:00:00+00:00,43.4303587395859,1.026880262949467,0.982,1.057875515650739,0.029040229114789522,1.4852587978850242,2,5,5435.7908000543475,True,3095.1002140271767,0.5,0.0
2019-01-01 19:00:00+00:00,42.243949273851335,1.0283870213796888,0.982,1.0597174658728339,0.03049944522088464,1.4795796448664884,2,5,5220.000495887898,True,2879.433525508162,0.5,0.0
2019-01-01 20:00:00+00:00,41.50741493968839,1.0298055876028922,0.982,1.0610097857015774,0.03188080135082823,1.472499804542438,2,6,5036.750214307851,True,2722.271033372362,0.5,0.0
2019-01-01 21:00:00+00:00,39.240096324326416,1.0309643571619769,0.982,1.061771822828106,0.03299406680596676,1.4340648777221172,2,6,4951.751984769671,True,2693.644704653563,0.5,0.0
2019-01-01 22:00:00+00:00,37.56022348157082,1.0330610959313924,0.982,1.0636053245106223,0.035009651331016564,1.4226455056828777,2,8,4676.284484249464,True,2439.142051131263,0.5,0.0
2019-01-01 23:00:00+00:00,33.53913356640881,1.0350415764899144,0.982,1.0654747234844852,0.036932978460077225,1.3410679440313729,2,8,4500.289559006105,True,2375.3439783136546,0.5,0.0
2019-01-02 00:00:00+00:00,31.269217283885034,1.0361711051237366,0.982,1.0666728279184727,0.03805315640578772,1.3008751772570895,2,9,4338.148452994334,True,2270.320761227775,0.5,0.0
2019-01-02 01:00:00+00:00,30.27945849637734,1.0366011820594732,0.982,1.067469737312442,0.03848323334152466,1.2755356664802162,2,10,4290.202786760663,True,2255.196460600834,0.5,0.0
2019-01-02 02:00:00+00:00,30.47007675852528,1.036884298449541,0.982,1.0674390698349219,0.03876841629376064,1.2725117230474972,2,10,4254.002932933427,True,2251.7507064614065,0.5,0.0
2019-01-02 03:00:00+00:00,31.19087368720095,1.035760185237743,0.982,1.066495066684216,0.037675078399335434,1.2749819877914543,2,8,4428.664898711964,True,2403.7401635479737,0.5,0.0
2019-01-02 04:00:00+00:00,34.24508948121212,1.0334496059511173,0.982,1.0642651398881147,0.035443555302008316,1.3224096952108237,2,8,4716.317473786792,True,2627.0742342231233,0.5,0.0
2019-01-02 05:00:00+00:00,38.219809351488884,1.029033706966218,0.982,1.0602488435412563,0.031171097774106416,1.3548529114126646,2,6,5304.592949211314,True,3149.7059519871345,0.5,0.0
2019-01-02 06:00:00+00:00,41.627261802193374,1.0251417971837977,0.982,1.056227069756126,0.0275707330565794,1.3586879975578556,2,5,5849.02441503919,True,3686.627994310211,0.5,0.0
2019-01-02 07:00:00+00:00,42.61416829886321,1.0232778262884716,0.982,1.0539144712724229,0.026151524973827254,1.333412686838016,2,3,6177.309075355394,True,4022.9175646005447,0.5,0.0
2019-01-02 08:00:00+00:00,49.736572549254866,1.0219113130772755,0.982,1.0528230620384622,0.024896293653613656,1.5813823068055586,3,2,6378.660302019243,True,3403.983410459303,0.5,0.0
2019-01-02 09:00:00+00:00,100.16675242810336,1.0098165097275489,0.9768173968276954,1.0456640423742827,0.019393219722558024,2.7648700498130707,3,0,6523.337805587276,True,1895.6509414446457,0.5,0.0
2019-01-02 10:00:00+00:00,135.54521216720252,1.0004902287154755,0.9609626694334732,1.0400000000000007,0.023017289470399986,3.491069541905925,4,0,6641.470777886624,True,799.692289955346,0.5,0.0
2019-01-02 11:00:00+00:00,137.43797142056087,0.9998518977544842,0.9597847099616076,1.04,0.02350754512138288,3.5372427002713387,4,0,6675.893677950953,True,805.0273392149878,0.5,0.0
2019-01-02 12:00:00+00:00,131.82523644368885,1.0017328744536973,0.9633450800051597,1.0410860416183203,0.022338543849855,3.4596144208085184,3,0,6591.812293989571,True,791.0064658423184,0.5,0.0
2019-01-02 13:00:00+00:00,93.60478321068847,1.012179654501221,0.9813260642652989,1.0471161676010066,0.019755869515844855,2.735882203634514,2,0,6427.415835258569,True,1898.9521201977943,0.5,0.0
2019-01-02 14:00:00+00:00,39.57002172099514,1.0240422355886514,0.982,1.053839554776775,0.026600084187172992,1.3299274791047802,2,3,6430.974373176506,True,3796.1352179955993,0.5,0.0
2019-01-02 15:00:00+00:00,36.846148027008006,1.022899200177879,0.982,1.05215162391167,0.026027714332474174,0.9777039996120586,0,3,6521.034900054082,True,4909.319864370977,0.5,0.0
2019-01-02 16:00:00+00:00,40.33998675796017,1.0194806453107428,0.982,1.0492270197752198,0.02418097199739703,0.9357742960384413,0,0,6914.397851453557,True,5426.749497100824,0.5,0.0
2019-01-02 17:00:00+00:00,39.55273506013259,1.019709355291931,0.982,1.049180723429979,0.02428147375915501,0.8903895389724333,0,0,6904.112281465346,True,5530.584592632311,0.5,0.0
2019-01-02 18:00:00+00:00,37.001167231368576,1.021571014658039,0.982,1.0505845824907956,0.025174833060362285,0.8629113931970358,0,3,6696.924103780704,True,5430.575046025318,0.5,0.0
2019-01-02 19:00:00+00:00,33.072548125301694,1.0245428793409173,0.982,1.0534852405963147,0.027223449475373102,0.8251188250653309,0,5,6345.085200151771,True,5177.800450177468,0.5,0.0
2019-01-02 20:00:00+00:00,30.14629270812754,1.0270206983375951,0.982,1.0563514507701979,0.029255930677941855,0.7913092126397552,0,5,6051.006769991158,True,4967.50695077359,0.5,0.0
2019-01-02 21:00:00+00:00,27.993340854675843,1.0287564930443376,0.982,1.0582396482908853,0.03092884235524826,0.7611032494252409,0,6,5848.673425541228,True,4837.62970386877,0.5,0.0
2019-01-02 22:00:00+00:00,24.097496783595,1.0322606444694418,0.982,1.0624858097131418,0.034326353303718214,0.7062461662151188,0,7,5417.942579556256,True,4480.419259885973,0.5,0.0
2019-01-02 23:00:00+00:00,21.096965122166115,1.0349451012398065,0.982,1.06567978161707,0.03691235530065619,0.6697186422219248,0,8,5077.289280924807,True,4152.485730971393,0.5,0.0
2019-01-03 00:00:00+00:00,19.878406974539647,1.0358504008567302,0.982,1.066757839618014,0.03779657244156231,0.6490919069289982,0,10,4943.070856528018,True,4013.867258862321,0.5,0.0
2019-01-03 01:00:00+00:00,19.360344088375683,1.0361541110650747,0.982,1.0673336982503379,0.03809222951412139,0.6395684505665368,0,10,4885.027246097717,True,3983.377552292809,0.5,0.0
2019-01-03 02:00:00+00:00,19.12591387884294,1.0363147873972811,0.982,1.0674937345792233,0.038247905029387394,0.6380519827293873,0,10,4860.218182232249,True,3929.9501807292218,0.5,0.0
2019-01-03 03:00:00+00:00,19.82815632867474,1.0359421890550322,0.982,1.067023246063026,0.037890595035638186,0.6512302220075966,0,10,4921.095143313869,True,3947.6123518387826,0.5,0.0
2019-01-03 04:00:00+00:00,21.933817787116293,1.0340543029522182,0.982,1.0644915363324217,0.036069393409184344,0.680166683087318,0,8,5180.497443735432,True,4167.386656488318,0.5,0.0
2019-01-03 05:00:00+00:00,26.289907840215953,1.0302307221464473,0.982,1.059575424838318,0.03239063420121651,0.7265151632166519,0,6,5672.888792066808,True,4650.222875795972,0.5,0.0
2019-01-03 06:00:00+00:00,31.06479275704705,1.0261484025327985,0.982,1.0542101098011551,0.0284275024262985,0.7798767952163073,0,5,6180.411747302674,True,5159.71351927398,0.5,0.0
2019-01-03 07:00:00+00:00,33.39616649507773,1.0237936773175822,0.982,1.0517942321608038,0.026565938264554816,0.7909835752051703,0,4,6505.065997837539,True,5376.742251497409,0.5,0.0
2019-01-03 08:00:00+00:00,30.80066509221408,1.0246070350902612,0.982,1.0529651839845298,0.027089715902137074,0.8605397428084027,0,4,6693.2806517359495,True,4698.19494396783,0.5,0.0
2019-01-03 09:00:00+00:00,41.49937947356296,1.0228758701222576,0.982,1.052616918468951,0.025546584196138703,1.7296869569211375,2,2,6738.745723704599,True,3654.8761725974473,0.5,0.0
2019-01-03 10:00:00+00:00,58.3847043716434,1.0181495228755504,0.982,1.050412098997036,0.02280474757173247,2.2815413232761768,2,1,6863.417890134779,True,3119.1210670556725,0.5,0.0
2019-01-03 11:00:00+00:00,57.1422770047881,1.0183122586483349,0.982,1.0507146832030225,0.022966060301084036,2.250631460648877,2,1,6887.363946475142,True,3199.1934606700715,0.5,0.0
2019-01-03 12:00:00+00:00,44.42218265431797,1.0220043124499851,0.982,1.0525952299977717,0.025085876184880205,1.8852688531152053,2,2,6762.684272893349,True,3558.1100377867974,0.5,0.0
2019-01-03 13:00:00+00:00,30.748846206830414,1.0253773895782603,0.982,1.0540792082532564,0.027728965736034946,1.1377248166728724,1,5,6660.97961125216,True,4417.123712327033,0.5,0.0
2019-01-03 14:00:00+00:00,32.65625521255636,1.0239520600235836,0.982,1.0527956064450934,0.026557545452932558,0.6617930817734415,0,4,6592.18758110225,True,5562.244319202056,0.5,0.0
2019-01-03 15:00:00+00:00,40.40024161280408,1.0206028011200117,0.982,1.05146759497216,0.02439582964249461,0.775428547440315,0,1,6697.665671430191,True,6143.652996584563,0.5,0.0
2019-01-03 16:00:00+00:00,43.930389760422216,1.0176316089879431,0.982,1.0490791904153793,0.0231539653202119,0.804889727296789,0,0,7015.508979051993,True,6417.4022980625605,0.5,0.0
2019-01-03 17:00:00+00:00,43.7127896870703,1.017662761261357,0.982,1.0491463416768507,0.023219696661818383,0.8107220802881229,0,0,7007.895568095963,True,6388.79803163756,0.5,0.0
2019-01-03 18:00:00+00:00,41.36612587366322,1.0195953971827816,0.982,1.050717179671288,0.024006336712209215,0.80393499762253,0,1,6803.333870398713,True,6184.572102591094,0.5,0.0
2019-01-03 19:00:00+00:00,36.983469518012406,1.0228185589340852,0.982,1.0531368820591118,0.025824775944375853,0.7719073486389191,0,4,6443.639694934531,True,5834.5312541790045,0.5,0.0
2019-01-03 20:00:00+00:00,34.251843756266084,1.0251379000882384,0.982,1.0550041512426187,0.027530171028486636,0.7446526089401257,0,5,6163.713232818853,True,5599.595509787518,0.5,0.0
2019-01-03 21:00:00+00:00,31.917193193340275,1.0271798659332745,0.982,1.0562337581583434,0.029400834064476696,0.7146599621189103,0,5,5929.776979360462,True,5430.135886626358,0.5,0.0
2019-01-03 22:00:00+00:00,28.78423597402085,1.0296907266403161,0.982,1.0596194855506698,0.03182836282706539,0.6807981196993083,0,6,5602.710806033491,True,5135.619344871145,0.5,0.0
2019-01-03 23:00:00+00:00,24.808724630395165,1.0325955148167238,0.982,1.0631755882666047,0.03462775170024656,0.6452981539528857,0,7,5258.1055778015725,True,4781.486594183105,0.5,0.0
2019-01-04 00:00:00+00:00,21.306674928880888,1.0349738433655618,0.982,1.0659783239340637,0.03693509531572051,0.6238898202273554,0,8,4997.504934720478,True,4420.317278604375,0.5,0.0
2019-01-04 01:00:00+00:00,20.435419158621322,1.0354483045603458,0.982,1.06691208746124,0.0373931667003939,0.633542390232978,0,9,4941.310575044193,True,4257.701068189295,0.5,0.0
2019-01-04 02:00:00+00:00,20.154657829507173,1.0355155750110288,0.982,1.0670206946912204,0.037469731523540085,0.6431658420988443,0,10,4946.908971918018,True,4152.789447640981,0.5,0.0
2019-01-04 03:00:00+00:00,20.79575232968315,1.035033437872975,0.982,1.0663921675573882,0.03700964426585396,0.6637986741574057,0,8,5027.173559705716,True,4118.288155524724,0.5,0.0
2019-01-04 04:00:00+00:00,22.38761018030722,1.0336412201691916,0.982,1.0640690815848182,0.03567713497873561,0.6839809459842539,0,8,5228.832162081872,True,4218.29616027105,0.5,0.0
2019-01-04 05:00:00+00:00,26.946486411632943,1.029611718013043,0.982,1.058730153278008,0.03178666177675081,0.7414743132784483,0,6,5747.416703798261,True,4642.127198082884,0.5,0.0
2019-01-04 06:00:00+00:00,32.61189224996599,1.0249005710420815,0.982,1.0531716545759204,0.02744046111503559,0.8131000818677407,0,5,6322.021596982263,True,5095.886500298964,0.5,0.0
2019-01-04 07:00:00+00:00,35.815106417195466,1.0223232493719958,0.982,1.0509234616002103,0.025617363139761477,0.8386017063220509,0,2,6644.073234617963,True,5295.681619623098,0.5,0.0
2019-01-04 08:00:00+00:00,35.98750236932222,1.0219223721478612,0.982,1.0508802198556095,0.02530780433003296,0.9444380930368128,0,2,6835.764289898182,True,5044.089217501614,0.5,0.0
2019-01-04 09:00:00+00:00,38.66939671305843,1.0216928427741072,0.982,1.0509800316837186,0.02497556015731489,1.1858430567782299,2,2,6913.704227645953,True,4495.026603476075,0.5,0.0
2019-01-04 10:00:00+00:00,44.61579572499401,1.020192947529111,0.982,1.0502803431844823,0.023986342303077304,1.4312253859780673,2,1,6992.71474663886,True,4093.5140198791705,0.5,0.0
2019-01-04 11:00:00+00:00,47.214595214813876,1.0191149667014783,0.982,1.049883668731182,0.023402939064019707,1.4706676346425773,2,0,7040.075631696187,True,4065.032768997288,0.5,0.0
2019-01-04 12:00:00+00:00,44.820958286855365,1.0198632672446137,0.982,1.0506025110516866,0.023908716506754267,1.3832533371266402,2,1,6955.691814249871,True,4189.875732126313,0.5,0.0
2019-01-04 13:00:00+00:00,39.92434350252513,1.0212350694602974,0.982,1.0515092691427772,0.02484456401854481,1.2137041845796865,1,2,6807.0797901673295,True,4508.0240015682275,0.5,0.0
2019-01-04 14:00:00+00:00,39.01344825142051,1.020863711706092,0.982,1.0511260796237436,0.024814210177947018,1.0479274269225511,1,2,6772.645056163234,True,4933.563386485943,0.5,0.0
2019-01-04 15:00:00+00:00,41.352738170993874,1.0192894070272094,0.982,1.0496410431344265,0.024168117380429125,1.0203742203759414,2,0,6897.8849768588625,True,5231.787198919329,0.5,0.0
2019-01-04 16:00:00+00:00,43.89749531012274,1.01776338855372,0.982,1.0482611512903208,0.023540232282111308,1.0478790852311959,2,0,7070.912331068755,True,5391.06630381937,0.5,0.0
2019-01-04 17:00:00+00:00,42.82488232711838,1.0183991105523553,0.982,1.0488077281342942,0.023806181394141843,1.0355371125800676,2,0,6998.918158337916,True,5328.354954727758,0.5,0.0
2019-01-04 18:00:00+00:00,40.046733287601334,1.0205197960825705,0.982,1.0506666194786836,0.024685179473949815,1.0175340533053308,1,2,6751.953246304404,True,5102.7537850571225,0.5,0.0
2019-01-04 19:00:00+00:00,35.84030371542318,1.0243777095720115,0.982,1.0538988443681638,0.027088032060736136,1.0114034542826567,1,5,6301.612528049969,True,4666.422224541868,0.5,0.0
2019-01-04 20:00:00+00:00,33.59905743462734,1.0265602069326367,0.982,1.0562924284593869,0.028819883131922054,1.0119776515525276,2,6,6023.783649416313,True,4386.913538962344,0.5,0.0
2019-01-04 21:00:00+00:00,32.273014904508585,1.027847141129406,0.982,1.05735199887923,0.030048040546394737,1.0125799390787211,2,6,5867.307811163655,True,4216.323317772612,0.5,0.0
2019-01-04 22:00:00+00:00,30.61777309325722,1.030803049415692,0.982,1.0602236198662687,0.032888421899981125,1.0769963103550553,2,6,5452.939998938164,True,3722.073049734182,0.5,0.0
2019-01-04 23:00:00+00:00,29.800199111841245,1.032624267993685,0.982,1.0618665381963674,0.0346432348080845,1.1287545858726524,2,7,5153.779697621409,True,3361.8340191521484,0.5,0.0
2019-01-05 00:00:00+00:00,29.300671775697452,1.0338545656981155,0.982,1.063345367785516,0.03582396978264626,1.1522395006662363,2,8,4952.817179519777,True,3124.4398562778365,0.5,0.0
2019-01-05 01:00:00+00:00,29.67560258067123,1.03428403945629,0.982,1.0641737144880514,0.036235750511283374,1.1833464595004033,2,8,4839.336492725456,True,2955.065402497246,0.5,0.0
2019-01-05 02:00:00+00:00,30.67014024798608,1.0342181211521182,0.982,1.0643523478368344,0.036173681886272374,1.2202524791412386,2,8,4787.79450454978,True,2844.9430003359803,0.5,0.0
2019-01-05 03:00:00+00:00,31.429858634615144,1.0334804709472087,0.982,1.064084529944807,0.03544909013772222,1.23433758989199,2,8,4868.114440627338,True,2881.41941874662,0.5,0.0
2019-01-05 04:00:00+00:00,31.212052551146243,1.0336255241190875,0.982,1.0639773307223879,0.03560112732000272,1.230194243658211,2,8,4848.805284442678,True,2882.6657118712383,0.5,0.0
2019-01-05 05:00:00+00:00,32.60626525619186,1.0329687112360364,0.982,1.0630031491913614,0.03496895986616076,1.2640579621488202,2,8,4908.651724910659,True,2910.843826430296,0.5,0.0
2019-01-05 06:00:00+00:00,32.07698493492242,1.0322081022141991,0.982,1.0617670856837031,0.03424630622160148,1.2213868929996545,2,6,5081.374834030843,True,3159.3310226343388,0.5,0.0
2019-01-05 07:00:00+00:00,32.0405652723,1.0302281381101812,0.982,1.0597052752447134,0.03234761238511834,1.1666797309711996,2,6,5428.107056737052,True,3552.822108315656,0.5,0.0
2019-01-05 08:00:00+00:00,33.18625364552509,1.028678309451281,0.982,1.0580576518205496,0.030865091335542702,1.178221991447919,2,6,5732.5531709928855,True,3729.9055637870274,0.5,0.0
2019-01-05 09:00:00+00:00,34.07046446808453,1.027411023444312,0.982,1.056731099777028,0.029647414977208204,1.217645276261504,1,5,5995.163190147998,True,3739.1582284792485,0.5,0.0
2019-01-05 10:00:00+00:00,35.404917827418956,1.026536097592318,0.982,1.0557960290538104,0.028799230721140726,1.2711764766024896,2,5,6154.921612658575,True,3621.5086640122286,0.5,0.0
2019-01-05 11:00:00+00:00,35.249277056315435,1.026790858314909,0.982,1.0559646888363505,0.029046406814265006,1.2576671357262281,2,5,6173.4911122174335,True,3594.97100803113,0.5,0.0
2019-01-05 12:00:00+00:00,31.90983665988619,1.0281268935074446,0.982,1.05718616559919,0.030344643537912466,1.163987914403431,2,6,6034.062357006527,True,3700.385245888556,0.5,0.0
2019-01-05 13:00:00+00:00,28.239654381900166,1.029250745413697,0.982,1.0582010322765363,0.03143284705534385,0.9949055640512177,0,6,5897.0977387355015,True,3993.312382524168,0.5,0.0
2019-01-05 14:00:00+00:00,27.610565361020193,1.028957599070219,0.982,1.057931276368624,0.031125762642713932,0.8261624492411471,0,6,5871.208370849695,True,4390.861645739021,0.5,0.0
2019-01-05 15:00:00+00:00,29.026015874201917,1.0279891762507305,0.982,1.0565596364896666,0.03017032953914591,0.7911144411153493,0,6,5962.319918762792,True,4679.286469918734,0.5,0.0
2019-01-05 16:00:00+00:00,31.686038986326572,1.0258099562019523,0.982,1.0537550016488444,0.02812133809786463,0.8130655321372348,0,5,6238.833550560107,True,4990.999345220429,0.5,0.0
2019-01-05 17:00:00+00:00,31.540189686686094,1.0259321719832115,0.982,1.053908558450141,0.02821944816526425,0.810153300216507,0,5,6223.3966501727555,True,4986.208707193928,0.5,0.0
2019-01-05 18:00:00+00:00,29.66665284538337,1.0271798758545074,0.982,1.0556010810610763,0.029397743904936748,0.7901172388595916,0,6,6056.746315082104,True,4871.208718526156,0.5,0.0
2019-01-05 19:00:00+00:00,26.28370972806212,1.0302019539896934,0.982,1.0595256903808425,0.03231406192239415,0.7556797174071695,0,6,5685.012787570566,True,4509.816320529139,0.5,0.0
2019-01-05 20:00:00+00:00,24.2905588072184,1.032136161812557,0.982,1.062074103622263,0.03419860645193714,0.7255920724221363,0,6,5435.1312987438,True,4290.318015763012,0.5,0.0
2019-01-05 21:00:00+00:00,23.111150097995004,1.0331452994377643,0.982,1.0631189082786736,0.03517682686874218,0.7036336963161666,0,7,5315.511305012451,True,4235.6436905485925,0.5,0.0
2019-01-05 22:00:00+00:00,20.33553952249631,1.0358960061679774,0.982,1.0665175596181478,0.03784244249392092,0.6607055646881841,0,10,4951.8854893381,True,3904.3010316582686,0.5,0.0
2019-01-05 23:00:00+00:00,17.77372944762978,1.0381211969292012,0.982,1.069505075204748,0.04000324821125242,0.6265341944422946,0,13,4634.342704513749,True,3628.4877620709003,0.5,0.0
2019-01-06 00:00:00+00:00,16.250088056065863,1.0395315659611966,0.982,1.071449720184231,0.041413617243247845,0.6000196273486055,0,13,4427.868298453725,True,3477.631762486444,0.5,0.0
2019-01-06 01:00:00+00:00,15.142614611494231,1.0403707426037856,0.982,1.0727972956221588,0.04225279388583683,0.5798940349599417,0,15,4289.987517790749,True,3407.7629287247178,0.5,0.0
2019-01-06 02:00:00+00:00,14.886025932050867,1.040435021222621,0.982,1.0730379129152194,0.04231707250467232,0.5739158136040421,0,15,4267.860545342515,True,3425.428706822699,0.5,0.0
2019-01-06 03:00:00+00:00,14.78284463306096,1.0406006736670137,0.982,1.0730051900226802,0.04248272494906492,0.5685425805866404,0,15,4259.944172889126,True,3459.1428103007797,0.5,0.0
2019-01-06 04:00:00+00:00,14.157406263996748,1.0410207237727649,0.982,1.0733528572185818,0.04290277505481589,0.5518903681760515,0,15,4193.015563102425,True,3431.6381013706664,0.5,0.0
2019-01-06 05:00:00+00:00,13.834515955788518,1.0411412304051122,0.982,1.0735967316677788,0.04302328168716352,0.5341083437586094,0,15,4150.2452389447135,True,3471.637908475719,0.5,0.0
2019-01-06 06:00:00+00:00,14.768637590801713,1.0403695326193594,0.982,1.0725300507243776,0.04225158390141042,0.5429298707157025,0,15,4264.122594185676,True,3659.0622060038086,0.5,0.0
2019-01-06 07:00:00+00:00,16.437208482559175,1.038356692170713,0.982,1.0698155271630194,0.04023874345276405,0.5573151599124473,0,13,4553.914455877494,True,3932.3440272074645,0.5,0.0
2019-01-06 08:00:00+00:00,16.639827473771433,1.0367621317345481,0.982,1.067319850473023,0.038647693780844816,0.5080252215634562,0,10,4941.625688465381,True,3963.814440992695,0.5,0.0
2019-01-06 09:00:00+00:00,17.499394488330918,1.0354728851490544,0.982,1.064986413468759,0.03741718726905027,0.7352323070699418,0,9,5253.520550351988,True,3657.1226223116064,0.5,0.0
2019-01-06 10:00:00+00:00,20.98808991725651,1.0336150171622462,0.982,1.0621898270844228,0.03562326555629655,1.0592796699076525,1,8,5512.68779234271,True,3487.0050825813505,0.5,0.0
2019-01-06 11:00:00+00:00,22.53609712802281,1.033136205549005,0.982,1.0616380265843657,0.035171273792593764,1.1529154870893448,1,7,5576.551456655941,True,3425.4497530911794,0.5,0.0
2019-01-06 12:00:00+00:00,20.18464325086753,1.0342810735702477,0.982,1.0633120803648544,0.036283233167216815,0.9905896423614322,0,8,5440.03255197415,True,3500.3473800496195,0.5,0.0
2019-01-06 13:00:00+00:00,18.419055089332183,1.0342240972811874,0.982,1.0641555165174577,0.03623650312344952,0.5724685552074541,0,8,5392.308044830567,True,3991.9371331461766,0.5,0.0
2019-01-06 14:00:00+00:00,20.88852529107894,1.0335654888037993,0.982,1.0636110120513638,0.03557197306364009,0.5726152163168454,0,8,5292.552759052532,True,4502.221280315989,0.5,0.0
2019-01-06 15:00:00+00:00,25.128487102411995,1.031389184932986,0.982,1.060812015690713,0.03345601889922911,0.6488530235151295,0,6,5440.825113318597,True,4906.845800844871,0.5,0.0
2019-01-06 16:00:00+00:00,28.312507877181876,1.0287873414786584,0.982,1.0571163812023134,0.030944428915415798,0.6920828951494239,0,6,5789.274364115376,True,5205.118939504611,0.5,0.0
2019-01-06 17:00:00+00:00,29.09201198517839,1.0281788456749457,0.982,1.0563348576088423,0.030353884679269447,0.7102633245193601,0,5,5883.612469479162,True,5251.079416044895,0.5,0.0
2019-01-06 18:00:00+00:00,27.489389924490876,1.0294449902429534,0.982,1.058063267008841,0.03157232919286219,0.703008009285366,0,6,5740.125405981826,True,5079.227789122761,0.5,0.0
2019-01-06 19:00:00+00:00,25.66648565751695,1.0311525835067157,0.982,1.060596961902779,0.0332263045395235,0.6819637157379471,0,6,5515.988353607674,True,4884.458906644915,0.5,0.0
2019-01-06 20:00:00+00:00,24.160780727407232,1.0327155618309019,0.982,1.0627051669214544,0.03474437162435852,0.666347830483753,0,7,5331.358047631287,True,4705.2473142026665,0.5,0.0
2019-01-06 21:00:00+00:00,24.178858957011393,1.0328853502714417,0.982,1.0629712549974504,0.03489028643485443,0.6718734605069592,0,7,5312.668752669933,True,4688.385179772383,0.5,0.0
2019-01-06 22:00:00+00:00,21.880638196761463,1.0349845130546078,0.982,1.065917438014109,0.03691597097379399,0.6500343216371395,0,8,5040.105933818451,True,4413.149847270698,0.5,0.0
2019-01-06 23:00:00+00:00,18.753558524645946,1.0374125635145441,0.982,1.0691149867792806,0.03929461479659549,0.6148560887763554,0,12,4710.031497649999,True,4057.6155223292185,0.5,0.0
2019-01-07 00:00:00+00:00,16.854789187561515,1.0389447613497207,0.982,1.070786250246354,0.04082681263177178,0.5875594071880658,0,13,4508.321939326263,True,3841.406000706436,0.5,0.0
2019-01-07 01:00:00+00:00,16.363636134934282,1.0394190667967556,0.982,1.071391764851323,0.041301118078806966,0.5843665254833069,0,13,4447.092132459944,True,3756.728410203315,0.5,0.0
2019-01-07 02:00:00+00:00,16.888033408433188,1.0389242533895253,0.982,1.0709018575578224,0.04080630467157657,0.5907334192717083,0,13,4509.1978809679795,True,3817.2999450900693,0.5,0.0
2019-01-07 03:00:00+00:00,18.46663624134244,1.0375499715098913,0.982,1.0691419184300979,0.039432022791942224,0.6129315829163464,0,12,4704.9176831407485,True,4004.8043528084763,0.5,0.0
2019-01-07 04:00:00+00:00,22.166039697668843,1.0342213193387415,0.982,1.0647914937358525,0.036206025771097786,0.6589472374918022,0,8,5153.229357829683,True,4435.168825484424,0.5,0.0
2019-01-07 05:00:00+00:00,31.720898351619898,1.0270120572065873,0.982,1.0552762593971026,0.029248026079296847,0.7461051707403179,0,5,6057.211354500923,True,5377.588615126579,0.5,0.0
2019-01-07 06:00:00+00:00,41.32552061497987,1.020661374061301,0.982,1.0512735037423104,0.024427819869664077,0.809349142922538,0,1,6738.50116530828,True,6145.961676706298,0.5,0.0
2019-01-07 07:00:00+00:00,44.8762171282747,1.018177555069467,0.982,1.0495537999706923,0.023324080691414933,0.8109988660472189,0,0,7014.255651560723,True,6432.6779241748145,0.5,0.0
2019-01-07 08:00:00+00:00,40.10576577663984,1.019962583884382,0.982,1.0497785532071024,0.024063930034843996,0.744653770915686,0,0,7047.414063347629,True,6122.1723282194835,0.5,0.0
2019-01-07 09:00:00+00:00,36.42144720745324,1.0209708552641896,0.982,1.0488692799275576,0.02462426367995438,0.7108920896193139,0,0,7176.530479802936,True,5655.996487027775,0.5,0.0
2019-01-07 10:00:00+00:00,36.93858235392727,1.0209821746475392,0.982,1.0491122455231734,0.02460122103312117,0.9187468389176655,0,0,7267.628878112501,True,5236.142586649828,0.5,0.0
2019-01-07 11:00:00+00:00,38.078301543620576,1.0213218258532555,0.982,1.0495886412876758,0.024728788690132057,1.090143966015359,1,0,7220.175115948582,True,4942.8076707983255,0.5,0.0
2019-01-07 12:00:00+00:00,38.675215816622355,1.0211555533924006,0.982,1.0494723258391747,0.024652238735277745,1.0012339155912868,1,0,7223.332469110946,True,5023.9250107751595,0.5,0.0
2019-01-07 13:00:00+00:00,38.36790169925959,1.0209585151101106,0.982,1.0490617178830297,0.024588842723176775,0.8700577078304147,0,0,7174.658269112903,True,5356.161014751992,0.5,0.0
2019-01-07 14:00:00+00:00,40.71922882591458,1.0199862986990218,0.982,1.0480286597066995,0.024087858322706907,0.8356518782941837,0,0,7111.293538454773,True,5712.1493666006345,0.5,0.0
2019-01-07 15:00:00+00:00,44.28183843550032,1.0181595644529529,0.982,1.0467861520251305,0.02339593720455382,0.910280642568312,0,0,7186.230662030387,True,5891.827124147893,0.5,0.0
2019-01-07 16:00:00+00:00,48.299195731259346,1.01551726659863,0.9787025545033202,1.0452528136927468,0.02262506525922777,0.9597959906302822,0,0,7424.257962984398,True,5963.470608547883,0.5,0.0
2019-01-07 17:00:00+00:00,49.197829674019935,1.0155817880027203,0.97821888403976,1.0462020842352828,0.022795681308388417,1.0751367735704338,2,0,7350.489697629093,True,5667.95908975768,0.5,0.0
2019-01-07 18:00:00+00:00,50.27259945959958,1.016823499384978,0.9804486089965954,1.0479840384414247,0.023121530100512072,1.2201071074182293,2,0,7111.115215269044,True,5208.452279216026,0.5,0.0
2019-01-07 19:00:00+00:00,51.071044894091,1.0179820792772698,0.982,1.0502343810259485,0.023581968593757746,1.3497195798565127,2,1,6801.311988555751,True,4680.548539454079,0.5,0.0
2019-01-07 20:00:00+00:00,51.90040142903375,1.0193200373579479,0.982,1.0519300778817462,0.02395888578482308,1.4331596364805854,2,2,6513.694381812941,True,4270.430781994141,0.5,0.0
2019-01-07 21:00:00+00:00,48.370415365390954,1.0218193003386682,0.982,1.0536243520452866,0.02524834246022591,1.4111421143051388,2,2,6229.036151166146,True,4014.431753825267,0.5,0.0
2019-01-07 22:00:00+00:00,46.3579828978193,1.0244080209391524,0.982,1.0564143737687077,0.02705004438614022,1.437754454440593,2,4,5855.019866864801,True,3588.310171946683,0.5,0.0
2019-01-07 23:00:00+00:00,44.26669337400608,1.0272956568161,0.982,1.0586784788911798,0.02944995001521466,1.456548274169133,2,5,5479.3243717151545,True,3193.493060777079,0.5,0.0
2019-01-08 00:00:00+00:00,42.98120687807349,1.0285978440943353,0.982,1.060224967010445,0.030722410231925838,1.4494654290746893,2,6,5280.864053521718,True,3002.5431390003428,0.5,0.0
2019-01-08 01:00:00+00:00,42.29806261569324,1.0290448263926397,0.982,1.060708941831291,0.031151297112240028,1.4443899801336537,2,6,5221.018816063806,True,2944.010986027117,0.5,0.0
2019-01-08 02:00:00+00:00,42.723144695084045,1.0285229933896194,0.982,1.0603888531512462,0.03064742614182245,1.4484683216323702,2,6,5277.903322185986,True,2987.5341194482417,0.5,0.0
2019-01-08 03:00:00+00:00,42.90539604002503,1.0274447663729291,0.982,1.0595803033773543,0.029608129623958597,1.4284764187382044,2,6,5450.501651200183,True,3175.036886817155,0.5,0.0
2019-01-08 04:00:00+00:00,45.47878949048378,1.0250495145750496,0.982,1.0571530238274067,0.027536713143909923,1.4388178047261038,2,5,5758.6691746758215,True,3481.036760469663,0.5,0.0
2019-01-08 05:00:00+00:00,54.27947687003615,1.018319027059335,0.982,1.0518062032326454,0.02379972974043894,1.4990846700219405,2,2,6539.3048782180995,True,4169.476453232459,0.5,0.0
2019-01-08 06:00:00+00:00,62.08213214979973,1.0126831568169778,0.970903962580519,1.0477290321983155,0.023166756045344534,1.5350968617392717,3,0,7171.945554398094,True,4761.199326806794,0.5,0.0
2019-01-08 07:00:00+00:00,66.57968835343013,1.0100847875633094,0.9656635636981077,1.0460086649116298,0.02324435465672244,1.5818646864815962,3,0,7432.634722277835,True,4932.242156796181,0.5,0.0
2019-01-08 08:00:00+00:00,72.0501941855119,1.0091551607706326,0.965588630957597,1.0457400358236921,0.022720854331896904,1.7709111201380168,3,0,7464.13382185981,True,4468.8186307701,0.5,0.0
2019-01-08 09:00:00+00:00,86.6834963816789,1.0061288949736538,0.963187697550536,1.0439936141693413,0.02191243110740939,2.036262612815723,3,0,7500.158334815438,True,3799.92447345985,0.5,0.0
2019-01-08 10:00:00+00:00,103.62670009786345,1.0019953900804508,0.9576909371826953,1.0418088243173764,0.022883598947479347,2.2512487063580138,3,0,7536.438803747671,True,3333.4930947424346,0.5,0.0
2019-01-08 11:00:00+00:00,114.78449121474374,0.9990513678482037,0.9529195192466365,1.040513119283895,0.024684775097914474,2.472634787163195,3,0,7545.692222890388,True,3054.624838588999,0.5,0.0
2019-01-08 12:00:00+00:00,107.68734230646979,1.0011200928751667,0.9561712715101026,1.0417233139177846,0.02340305873030284,2.3351598703483676,3,0,7506.194315962492,True,3192.118029725465,0.5,0.0
2019-01-08 13:00:00+00:00,86.09091846936288,1.0067008083931048,0.9642859329097752,1.0448840654886942,0.021870237957923148,2.032106692106721,3,0,7402.275937039293,True,3710.933313879823,0.5,0.0
2019-01-08 14:00:00+00:00,72.44213755571832,1.0092516457004983,0.9659451871902249,1.046155269545012,0.022773662582889525,1.772373331176996,3,0,7384.1877628907705,True,4432.144143345589,0.5,0.0
2019-01-08 15:00:00+00:00,70.4108538698288,1.0084905146892444,0.96275718543968,1.0453467058491719,0.023388196224133084,1.653369625551153,3,0,7468.007098635487,True,4882.253951576073,0.5,0.0
2019-01-08 16:00:00+00:00,72.32279809966676,1.0068253874627369,0.9596554386590145,1.0439365908359197,0.023466079716266627,1.6479604986556011,3,0,7636.363478270472,True,5090.632275401204,0.5,0.0
2019-01-08 17:00:00+00:00,70.5228436106405,1.0075062069737357,0.9611412106469952,1.0444121279670036,0.023436927017681984,1.6285917806359396,3,0,7581.118327284008,True,5054.859482505057,0.5,0.0
2019-01-08 18:00:00+00:00,68.01864562007408,1.009138666549632,0.9641742215845035,1.0457977533263034,0.023408765450014957,1.6141222305229548,3,0,7415.053728423785,True,4892.029843300323,0.5,0.0
2019-01-08 19:00:00+00:00,62.845149841428174,1.0125745366743761,0.970967912944123,1.0484481898263063,0.02328816170388674,1.5875671210399667,3,0,7055.3784560466265,True,4546.207630250034,0.5,0.0
2019-01-08 20:00:00+00:00,58.95978254502532,1.0158999047707507,0.9777930575114655,1.050848021822426,0.023366530144381614,1.5705731088922055,2,1,6687.88578033034,True,4203.650139809764,0.5,0.0
2019-01-08 21:00:00+00:00,53.28529489385172,1.0196649249552932,0.982,1.0526917851661604,0.024098541645055135,1.5192567904279655,2,2,6338.989860814276,True,3951.5112202438795,0.5,0.0
2019-01-08 22:00:00+00:00,48.51327098111403,1.0228539618597445,0.982,1.0550751571826362,0.025880538528983348,1.4805423442782966,2,3,5993.564539644932,True,3651.4691224328335,0.5,0.0
2019-01-08 23:00:00+00:00,45.6258875438623,1.0263800584021447,0.982,1.0578646931826075,0.0285725909225314,1.4795055828716708,2,5,5554.707607615229,True,3239.5434738656168,0.5,0.0
2019-01-09 00:00:00+00:00,41.361073790730075,1.0280826689131335,0.982,1.0596365673886625,0.030227638254080293,1.4072406742781167,2,6,5403.878454097059,True,3171.0983106314925,0.5,0.0
2019-01-09 01:00:00+00:00,39.39478673925177,1.028903644469712,0.982,1.0605246003145645,0.03101667896866032,1.3736390801910514,2,6,5330.851916653914,True,3131.2890177963413,0.5,0.0
2019-01-09 02:00:00+00:00,38.906036307860745,1.028617881027398,0.982,1.060364125070259,0.030739003749675316,1.3520459904145736,2,6,5396.222353984171,True,3216.320138606689,0.5,0.0
2019-01-09 03:00:00+00:00,39.21533869999353,1.0276672666830895,0.982,1.0595370277454914,0.02982337119374125,1.332552118503395,2,6,5549.269165951191,True,3389.8256868769167,0.5,0.0
2019-01-09 04:00:00+00:00,40.1443011004654,1.025933827002039,0.982,1.057315286170318,0.028275728191240548,1.3038185056530502,2,5,5840.767481939248,True,3733.4687090434063,0.5,0.0
2019-01-09 05:00:00+00:00,46.61999184239027,1.0203731307579267,0.982,1.0521079539902776,0.02462932928721421,1.3096359706089544,2,2,6556.711420643198,True,4450.585855881268,0.5,0.0
2019-01-09 06:00:00+00:00,53.83471444202647,1.0150946834678185,0.9757556523463965,1.047955723929226,0.023143210564367047,1.3193581954195608,3,0,7189.357879750605,True,5088.762719581216,0.5,0.0
2019-01-09 07:00:00+00:00,56.46040628098223,1.0129187440766616,0.9714529409092187,1.046227150879814,0.02301549904826487,1.3234940961055617,3,0,7457.206423766097,True,5328.324298784259,0.5,0.0
2019-01-09 08:00:00+00:00,57.02850981659018,1.0135475204646904,0.974162979726558,1.0466978170281998,0.022550781578750623,1.455562074251791,2,0,7486.486672967343,True,4938.100871584677,0.5,0.0
2019-01-09 09:00:00+00:00,64.98684468381964,1.011687215197622,0.9723299124292578,1.0461039210311063,0.02187749998873642,1.686894699831229,3,0,7615.53641520152,True,4324.243171125322,0.5,0.0
2019-01-09 10:00:00+00:00,78.19970947821841,1.0080432875044505,0.9667857459997791,1.0443258074144,0.02130784212233086,2.011879832535487,3,0,7730.48194280055,True,3871.108625897619,0.5,0.0
2019-01-09 11:00:00+00:00,79.8235111831388,1.0083476425416624,0.967850223272814,1.0445572773886518,0.02111825516738437,2.0477337829726237,3,0,7630.715448079171,True,3745.0097786380716,0.5,0.0
2019-01-09 12:00:00+00:00,72.81887699570815,1.0097151243838238,0.9692562780981989,1.045425528302311,0.02155045712793385,1.8203762031711566,3,0,7643.367953673696,True,4019.9159938716625,0.5,0.0
2019-01-09 13:00:00+00:00,61.37883021797099,1.0123174314652856,0.9726324432152953,1.0467817101456045,0.02227186159687169,1.6087482260445902,3,0,7577.714462888981,True,4512.269143308336,0.5,0.0
2019-01-09 14:00:00+00:00,55.417639927184766,1.0135984899159478,0.9736272471801972,1.0469930396098646,0.022800649247043985,1.38586632993652,2,0,7483.116790433776,True,5067.721138533063,0.5,0.0
2019-01-09 15:00:00+00:00,55.11780359158522,1.0130647110507662,0.9718850877520783,1.0460308335133626,0.02299301049624893,1.2572536572969062,3,0,7485.401251600226,True,5462.770420554464,0.5,0.0
2019-01-09 16:00:00+00:00,56.762078331038005,1.0112098255844604,0.9684136629435847,1.0442135037490627,0.02295913024594773,1.2088123825850794,3,0,7700.5686744902205,True,5778.506625751927,0.5,0.0
2019-01-09 17:00:00+00:00,54.88778021454194,1.0121514331562498,0.9704153481846536,1.044884092545537,0.022933687510297587,1.1869306904625174,3,0,7609.1569160920935,True,5714.1035039134,0.5,0.0
2019-01-09 18:00:00+00:00,51.70747989639048,1.0139468058008072,0.9738818297675376,1.046362195123614,0.02303046657071737,1.1456696038754441,3,0,7430.6466790420245,True,5586.435906996945,0.5,0.0
2019-01-09 19:00:00+00:00,45.406166074781,1.018409627724552,0.982,1.0495205549466329,0.023838612905205968,1.087211379683542,2,0,6974.9443008086655,True,5234.224795997278,0.5,0.0
2019-01-09 20:00:00+00:00,40.19390021419681,1.021889204593024,0.982,1.0519064224340497,0.025463845270433483,0.9891863708992271,0,3,6626.411047851588,True,5043.858123647027,0.5,0.0
2019-01-09 21:00:00+00:00,35.47186802243898,1.0246681893906917,0.982,1.0539120691184654,0.027336204480944558,0.8780962122720583,0,5,6350.157215724161,True,4944.102400216522,0.5,0.0
2019-01-09 22:00:00+00:00,29.93217251510993,1.02905611006007,0.982,1.0582174814011278,0.031241548544476794,0.7905629807621039,0,6,5857.779192318368,True,4591.223176162651,0.5,0.0
2019-01-09 23:00:00+00:00,26.644539089792747,1.0312112336091104,0.982,1.0608604473956174,0.03333146989201925,0.7434403453250795,0,6,5590.395533726529,True,4469.021397162697,0.5,0.0
2019-01-10 00:00:00+00:00,24.28397703340533,1.0328214517775451,0.982,1.0631761900930772,0.03488589343652695,0.7106242884114377,0,7,5368.259929814903,True,4358.123123297342,0.5,0.0
2019-01-10 01:00:00+00:00,23.155775535241432,1.0334656292379545,0.982,1.0640574115699335,0.0355114749459014,0.6848558510882249,0,7,5266.321057909413,True,4370.837317187774,0.5,0.0
2019-01-10 02:00:00+00:00,23.313876854288377,1.0333256787921896,0.982,1.0640026329670562,0.035381379130593145,0.674297628467015,0,7,5266.246848457238,True,4463.433935022937,0.5,0.0
2019-01-10 03:00:00+00:00,24.495812185618377,1.0325734688208865,0.982,1.0630657852878516,0.03464431446652705,0.6820894969733985,0,7,5359.91180221124,True,4623.532551257844,0.5,0.0
2019-01-10 04:00:00+00:00,27.677375462873442,1.0302953949449072,0.982,1.0599025246034157,0.032439230034363484,0.7025024887518516,0,6,5643.517817902368,True,4985.989676146337,0.5,0.0
2019-01-10 05:00:00+00:00,36.70830767119162,1.0241142760406858,0.982,1.0539119448340746,0.026705339981619607,0.7641158686139619,0,4,6362.785958552075,True,5788.21159468441,0.5,0.0
2019-01-10 06:00:00+00:00,45.425915222498006,1.018628708979183,0.982,1.0501909104115503,0.023353700803645273,0.800459358508197,0,1,6945.626358594279,True,6462.30118451873,0.5,0.0
2019-01-10 07:00:00+00:00,47.320595228533676,1.015421496148012,0.979502409015193,1.0478123417261564,0.022746312922784426,0.7756381333036045,0,0,7231.332354087564,True,6767.359629437555,0.5,0.0
2019-01-10 08:00:00+00:00,43.74330813201374,1.0183696967534426,0.982,1.0490782828681138,0.023189924786896052,0.7354507538897787,0,0,7221.10485055817,True,6413.331624123738,0.5,0.0
2019-01-10 09:00:00+00:00,40.12573312394457,1.0195546841130174,0.982,1.0486279104191796,0.023759289559958242,0.6920695835566559,0,0,7338.203521396002,True,6011.430857777161,0.5,0.0
2019-01-10 10:00:00+00:00,38.84613080620311,1.0199883429315952,0.982,1.047832576321558,0.023977231432748145,0.7407520697460108,0,0,7382.64832486456,True,5700.913025303166,0.5,0.0
2019-01-10 11:00:00+00:00,38.549499933947054,1.020273854851079,0.982,1.0483307535713293,0.02416728477141684,0.8313907242354724,0,0,7359.285565289813,True,5561.992530636147,0.5,0.0
2019-01-10 12:00:00+00:00,38.59650275376594,1.0203063146387994,0.982,1.0486768993979487,0.024173584041752166,0.7051828712348622,0,0,7313.846511386624,True,5756.34687853245,0.5,0.0
2019-01-10 13:00:00+00:00,40.55668875335758,1.0198549275674713,0.982,1.0497325579301375,0.02386314174495791,0.7051794380121676,0,0,7196.983039580215,True,6146.166498768705,0.5,0.0
2019-01-10 14:00:00+00:00,46.55434024458155,1.0171579478450186,0.982,1.0492591977540957,0.022880021092388552,0.7655589468757799,0,0,7154.601405790936,True,6678.6986629602125,0.5,0.0
2019-01-10 15:00:00+00:00,48.22425545775968,1.0145785989005394,0.9768374372173535,1.0476146121673273,0.023136056219412258,0.7981094550771872,0,0,7153.535113354417,True,6964.222592444667,0.5,0.0
2019-01-10 16:00:00+00:00,50.41944096917215,1.0107377465135596,0.9663416229417857,1.0446312247520433,0.024264842394480717,0.805555555555554,0,0,7353.320419484493,True,7169.432511339104,0.5,0.0
2019-01-10 17:00:00+00:00,48.8223761181842,1.01256480672502,0.9716268379438079,1.045760794252842,0.023575065757076286,0.8055555555555557,0,0,7278.8188599473,True,7061.144698414439,0.5,0.0
2019-01-10 18:00:00+00:00,47.8972412247385,1.0148918580281117,0.9777531373750723,1.0477799564669488,0.023004407736454038,0.7915919204738068,0,0,7154.66695220855,True,6907.059956810382,0.5,0.0
2019-01-10 19:00:00+00:00,47.49650492575323,1.0187854767726994,0.982,1.051213026363187,0.02335933332912769,0.7622138162403786,0,1,6827.984412763405,True,6563.632558194484,0.5,0.0
2019-01-10 20:00:00+00:00,43.01015757312909,1.0223389300937489,0.982,1.0536837861973798,0.025323527314291387,0.7671604249696814,0,1,6483.721240187717,True,6172.587941707177,0.5,0.0
2019-01-10 21:00:00+00:00,39.365652782786626,1.0243087058595066,0.982,1.054646183800408,0.02677523332045089,0.7549491782146338,0,4,6296.344191444442,True,5928.7910906861935,0.5,0.0
2019-01-10 22:00:00+00:00,34.27907895052561,1.0277374687780922,0.982,1.0569143749094405,0.029936464661899642,0.7325740682975508,0,5,5928.457740411612,True,5495.057853312449,0.5,0.0
2019-01-10 23:00:00+00:00,30.85841910550339,1.0296124371081288,0.982,1.0591844509965047,0.03175690054144334,0.7115846994913532,0,6,5706.417623714773,True,5218.256568586322,0.5,0.0
2019-01-11 00:00:00+00:00,27.78650372281713,1.031542929240575,0.982,1.0617438441532172,0.033619809673670294,0.6950168646743986,0,6,5483.429450719777,True,4935.5534896851295,0.5,0.0
2019-01-11 01:00:00+00:00,26.562703079117213,1.0321527250371025,0.982,1.0628551294413735,0.03421178088578587,0.7005202911643963,0,7,5414.813116719339,True,4771.578693216217,0.5,0.0
2019-01-11 02:00:00+00:00,26.19198443694746,1.0321221349836078,0.982,1.0629035308906098,0.0341839861483766,0.7169506678242986,0,7,5441.2667905661865,True,4673.084498212755,0.5,0.0
2019-01-11 03:00:00+00:00,27.04497018742958,1.0315162700601048,0.982,1.0620420510812358,0.033609418682872254,0.7334185752526429,0,6,5540.312949793601,True,4696.565511490628,0.5,0.0
2019-01-11 04:00:00+00:00,29.487078600814947,1.0295905464380728,0.982,1.0592426032226048,0.031751460506651515,0.7661248743060383,0,6,5808.925729232927,True,4882.219238284281,0.5,0.0
2019-01-11 05:00:00+00:00,38.4715333653842,1.0228529798637442,0.982,1.052221104676633,0.025978790705183726,0.8549073871107095,0,4,6610.816970557664,True,5602.578437151748,0.5,0.0
2019-01-11 06:00:00+00:00,46.08592298717224,1.0171918897322834,0.982,1.047820612993429,0.023173905477125688,0.9179423137944004,0,0,7246.75232742277,True,6182.124099455602,0.5,0.0
2019-01-11 07:00:00+00:00,48.49270597120906,1.0147287778321534,0.9772601966074701,1.0458031540570685,0.022595786463316156,0.9266043847861909,0,0,7519.302531604209,True,6372.4987001003865,0.5,0.0
2019-01-11 08:00:00+00:00,46.956976668206934,1.015257439523695,0.9784337403553667,1.0454796072449684,0.02261521716496976,0.9055954262206164,0,0,7565.638567913284,True,6189.704412153244,0.5,0.0
2019-01-11 09:00:00+00:00,45.76263884251526,1.0155581802795661,0.9792399217373406,1.045477324164478,0.022608964924719335,0.8817583861650327,0,0,7638.280100190295,True,5933.896633201345,0.5,0.0
2019-01-11 10:00:00+00:00,46.27250291961989,1.0152012064969307,0.9786944159075152,1.0455207918553195,0.022509198535112625,0.9762381796383308,0,0,7714.86531682342,True,5784.151477806741,0.5,0.0
2019-01-11 11:00:00+00:00,46.985315197192485,1.0154833613110499,0.9790274144156413,1.0462237706444089,0.0225707733805342,1.0813542511564316,1,0,7670.170162897946,True,5540.502086929852,0.5,0.0
2019-01-11 12:00:00+00:00,47.2339570540739,1.0161135144071436,0.9799083377835255,1.0470603762172157,0.022774223855679766,1.1250010047414196,1,0,7544.2954320637655,True,5393.810745367735,0.5,0.0
2019-01-11 13:00:00+00:00,46.54038021500736,1.0173433160869252,0.9819265227919578,1.0480572177563618,0.02326084152464689,1.1122189131947384,1,0,7332.097104620663,True,5321.081384244801,0.5,0.0
2019-01-11 14:00:00+00:00,47.26326338301208,1.0172236909146046,0.9808623715463867,1.0481466005647113,0.023355475681108677,1.0636073888305928,1,0,7247.196961071067,True,5435.564363749847,0.5,0.0
2019-01-11 15:00:00+00:00,48.47335772934694,1.0166364212136978,0.9795750309795358,1.0474600748694616,0.023156487010382,1.0397972259752986,2,0,7250.108767021469,True,5575.011888556328,0.5,0.0
2019-01-11 16:00:00+00:00,51.42299859392199,1.0144246184704504,0.9751983376046224,1.0456023723417367,0.022796483092719918,1.058852771531403,3,0,7480.827900744621,True,5792.787075400587,0.5,0.0
2019-01-11 17:00:00+00:00,50.49608264473212,1.0151198731190219,0.9763644538306904,1.0463616419430404,0.02293180524588026,1.0561148147115873,2,0,7398.871378911197,True,5702.792072708769,0.5,0.0
2019-01-11 18:00:00+00:00,47.90959714498393,1.0164016298423786,0.9786670555304822,1.047657512826187,0.02323611870320941,0.9947068118143024,0,0,7258.066569053583,True,5633.448387415177,0.5,0.0
2019-01-11 19:00:00+00:00,42.50001537411674,1.0205614157924938,0.982,1.0508298589170377,0.024724574040833402,0.9789145633798093,0,2,6798.871606336659,True,5206.772189109959,0.5,0.0
2019-01-11 20:00:00+00:00,38.71710978908454,1.0236183769184697,0.982,1.053527226463799,0.026606138489762676,0.9518492142041748,0,4,6450.836408855265,True,4887.891860359976,0.5,0.0
2019-01-11 21:00:00+00:00,35.66952259463947,1.0258909258518856,0.982,1.0553621661747288,0.028276828683431787,0.9368652822151885,0,5,6194.771555015471,True,4674.630298345767,0.5,0.0
2019-01-11 22:00:00+00:00,31.74299265325485,1.0287834033980812,0.982,1.058298728585829,0.03096623293228235,0.9121592129530468,0,6,5834.473438621165,True,4338.040943718743,0.5,0.0
2019-01-11 23:00:00+00:00,27.892234349199715,1.0317529272129708,0.982,1.0619968151671195,0.03379978399268095,0.8730824066397244,0,6,5476.277822531711,True,4020.784951823699,0.5,0.0
2019-01-12 00:00:00+00:00,25.725833616520433,1.0336350704441815,0.982,1.0645556093408681,0.03561375872801923,0.8417863404603386,0,8,5233.128618750008,True,3817.327768836434,0.5,0.0
2019-01-12 01:00:00+00:00,24.04334906525446,1.0347942354114705,0.982,1.066327193978869,0.036731851798175646,0.7998310228239108,0,8,5076.094094751689,True,3709.265064728018,0.5,0.0
2019-01-12 02:00:00+00:00,22.910020255784325,1.0356667837530353,0.982,1.067437167353653,0.03758612676980096,0.7794206790375661,0,10,4955.0313114801065,True,3623.4377451213472,0.5,0.0
2019-01-12 03:00:00+00:00,22.909766674780013,1.0359487275538426,0.982,1.06766240341301,0.03787395205677203,0.7955284364095464,0,10,4910.161198175486,True,3568.6486166517925,0.5,0.0
2019-01-12 04:00:00+00:00,23.381429725387186,1.0356910007266031,0.982,1.0668837728389597,0.037630583200403786,0.8439532430243977,0,10,4928.249728787181,True,3531.7510804517633,0.5,0.0
2019-01-12 05:00:00+00:00,25.079985464911033,1.0346947545082619,0.982,1.06524572734858,0.03667968553228033,0.9062353860043414,0,8,5037.765541583966,True,3567.794960254546,0.5,0.0
2019-01-12 06:00:00+00:00,27.806388283585516,1.0325253205562768,0.982,1.0621722241833806,0.03457627001120243,0.9462176751916116,0,7,5335.803729237566,True,3815.721871094227,0.5,0.0
2019-01-12 07:00:00+00:00,30.80176993867298,1.0295314284516923,0.982,1.0585864351291352,0.03167595720014954,0.9853637729004712,0,6,5724.281286378057,True,4112.091787393254,0.5,0.0
2019-01-12 08:00:00+00:00,34.60760764560894,1.0274189788771422,0.982,1.0564212526358616,0.029652483364385473,1.1323230449691135,1,6,6031.448623440688,True,4066.097317788944,0.5,0.0
2019-01-12 09:00:00+00:00,40.948070153489454,1.024858593572991,0.982,1.0542415305559663,0.027241380513322346,1.3509487166452891,3,4,6282.179463068505,True,3784.3376840063056,0.5,0.0
2019-01-12 10:00:00+00:00,47.19319982304499,1.0222664142268978,0.982,1.0527851004791653,0.02521597615457631,1.503335295701546,3,2,6455.774515685226,True,3633.82860729518,0.5,0.0
2019-01-12 11:00:00+00:00,52.37738190442664,1.0209690554643553,0.982,1.0525092386188482,0.024328589616389527,1.613160798952328,3,2,6449.769260719586,True,3435.5507157097536,0.5,0.0
2019-01-12 12:00:00+00:00,52.005955437099026,1.021621837882246,0.982,1.0532203602807964,0.024756242096777785,1.6153800567656578,3,2,6300.205659221949,True,3360.383555468503,0.5,0.0
2019-01-12 13:00:00+00:00,48.83657951693722,1.022470569838985,0.982,1.0540003244626752,0.025447280247989684,1.5431358279981557,3,2,6182.6611896807,True,3493.7498390741794,0.5,0.0
2019-01-12 14:00:00+00:00,46.57209751626205,1.0228827263640556,0.982,1.054485057011279,0.025871484538463368,1.4461239054524695,2,3,6130.95772911248,True,3753.0028965172132,0.5,0.0
2019-01-12 15:00:00+00:00,47.39349825889603,1.0217445655026727,0.982,1.0534070457541311,0.02517632203390212,1.4105337800400202,2,2,6252.575963188587,True,4015.080611094704,0.5,0.0
2019-01-12 16:00:00+00:00,50.06869055192007,1.0195803784704087,0.982,1.0515972840119783,0.02405519813428013,1.417164208914019,2,2,6525.319316841056,True,4298.751504203423,0.5,0.0
2019-01-12 17:00:00+00:00,49.98066831124899,1.0196140776776361,0.982,1.0517018213920044,0.02412232136559846,1.4190047849084946,2,2,6521.515371740771,True,4282.695017938902,0.5,0.0
2019-01-12 18:00:00+00:00,47.41516279210118,1.0214877383506489,0.982,1.0531075548492879,0.02501156629972686,1.402244272378377,2,2,6298.882663094406,True,4079.392937838502,0.5,0.0
2019-01-12 19:00:00+00:00,44.13659450213472,1.0244913152861443,0.982,1.0557680894191834,0.027098162938503763,1.3902099982452474,2,4,5925.2892188487,True,3727.848077524517,0.5,0.0
2019-01-12 20:00:00+00:00,40.540576880130025,1.0271856610822534,0.982,1.058328914696271,0.029380868790514426,1.3364603122934247,2,6,5642.3298568263945,True,3524.0738087126533,0.5,0.0
2019-01-12 21:00:00+00:00,38.527804059282325,1.0283135396477243,0.982,1.0591547203017244,0.0304745749928799,1.300562669853168,2,6,5540.426214071639,True,3478.671848268855,0.5,0.0
2019-01-12 22:00:00+00:00,36.748901700999056,1.0301341766763994,0.982,1.0609193788347662,0.032232961041059854,1.297748802776843,2,6,5286.605974919395,True,3230.246653815344,0.5,0.0
2019-01-12 23:00:00+00:00,34.874274537803636,1.0325611681363274,0.982,1.0631899481323637,0.03456065842306071,1.30279736651503,2,8,4943.964675987115,True,2879.866805775648,0.5,0.0
2019-01-13 00:00:00+00:00,32.0857692536273,1.0344788873453927,0.982,1.064912750047906,0.03642448799138039,1.260096144397188,2,8,4704.48813964697,True,2706.8459487945643,0.5,0.0
2019-01-13 01:00:00+00:00,29.335593776250185,1.0356745578609687,0.982,1.0664197978249093,0.03758654335060024,1.2021169647546988,2,8,4580.118458549055,True,2658.8890384472897,0.5,0.0
2019-01-13 02:00:00+00:00,27.65347389998334,1.0361244740996483,0.982,1.0673967199319268,0.038018720273589726,1.1573135551027443,2,10,4550.730196133035,True,2675.2290888842585,0.5,0.0
2019-01-13 03:00:00+00:00,26.745366480146696,1.036383367380014,0.982,1.0679120055221414,0.03826774360969723,1.1283994109250621,2,10,4541.797734469472,True,2700.5096693092273,0.5,0.0
2019-01-13 04:00:00+00:00,26.682097541227918,1.036979520223162,0.982,1.0683146601765965,0.038861571505213174,1.1335879560713646,2,10,4463.483188704472,True,2633.0487305621145,0.5,0.0
2019-01-13 05:00:00+00:00,28.085788128790636,1.0371719831104969,0.982,1.067852497388463,0.03905403439254799,1.1936777352293892,2,10,4382.18625022762,True,2487.217551889823,0.5,0.0
2019-01-13 06:00:00+00:00,30.73146340771389,1.035400539688678,0.982,1.06557099999522,0.03730611579685855,1.24965794295126,2,8,4582.274312532268,True,2602.741046111879,0.5,0.0
2019-01-13 07:00:00+00:00,35.348222254675484,1.0323738094745434,0.982,1.062528274604837,0.034386027628471524,1.3412764767670216,2,7,4929.818420574105,True,2794.7828318649244,0.5,0.0
2019-01-13 08:00:00+00:00,41.68039693887256,1.0285003185516712,0.982,1.0590877890632835,0.030651406605564386,1.4716461272164614,3,5,5368.702408576471,True,2929.9707262688903,0.5,0.0
2019-01-13 09:00:00+00:00,50.115269996860015,1.0249428558254625,0.982,1.0557809049067308,0.027212546813852132,1.6414651275669592,3,5,5693.504013501798,True,2852.80549845552,0.5,0.0
2019-01-13 10:00:00+00:00,58.07182064713057,1.0213043848136425,0.982,1.0533297231808971,0.024301888221410953,1.7688962696264028,3,2,6002.720866372542,True,2854.0055610535187,0.5,0.0
2019-01-13 11:00:00+00:00,62.777737306024946,1.0200227289223212,0.982,1.052816242846625,0.023506664064646982,1.8369934848375085,3,2,6042.228960071336,True,2761.866359507189,0.5,0.0
2019-01-13 12:00:00+00:00,61.679283912157544,1.0206427316093014,0.982,1.0533696243729997,0.023873409290602245,1.8235615513576178,3,2,5931.732519789553,True,2734.2028715117153,0.5,0.0
2019-01-13 13:00:00+00:00,57.72209701690092,1.021740315168105,0.982,1.054191814638594,0.024692893133740988,1.7508517988642545,3,2,5830.721946411347,True,2879.7739020054673,0.5,0.0
2019-01-13 14:00:00+00:00,55.472551648067935,1.0220465125457163,0.982,1.0545162348466919,0.025038031087613363,1.6875606613280816,3,2,5799.761124600981,True,3082.6094500325835,0.5,0.0
2019-01-13 15:00:00+00:00,55.18755765982856,1.0213372971839318,0.982,1.0540214550576141,0.024649976167328017,1.6485711604656041,3,2,5884.603314300006,True,3316.2917203680613,0.5,0.0
2019-01-13 16:00:00+00:00,58.94023130285317,1.0186626464554995,0.982,1.0522580155197425,0.02355198205615574,1.683345404230431,3,2,6160.59999168178,True,3552.5786175242783,0.5,0.0
2019-01-13 17:00:00+00:00,61.70544399592835,1.0170053985732908,0.982,1.0515583831916488,0.023256201836702912,1.7182584048220626,3,2,6285.197854728001,True,3612.6937375709394,0.5,0.0
2019-01-13 18:00:00+00:00,62.11298142267797,1.0177683381526832,0.982,1.052157841281631,0.023345424851919535,1.74336836449504,3,2,6141.387146277206,True,3435.85373504386,0.5,0.0
2019-01-13 19:00:00+00:00,58.63637463315218,1.0202227934615422,0.982,1.0539307544574883,0.024142786749634857,1.7109399299191161,3,2,5887.071779329846,True,3214.929610714447,0.5,0.0
2019-01-13 20:00:00+00:00,57.74973376613809,1.0213792991362123,0.982,1.0548905747759398,0.02471219223987619,1.704017849711688,3,2,5749.922545091483,True,3088.808725956706,0.5,0.0
2019-01-13 21:00:00+00:00,53.86687258577403,1.0226648182658398,0.982,1.0556463645652365,0.025624010893509647,1.6334173650845438,3,3,5746.343858014432,True,3182.967697448388,0.5,0.0
2019-01-13 22:00:00+00:00,48.32954795175786,1.0255323496875888,0.982,1.0581087526111166,0.027853129245530264,1.5547487298162046,2,5,5509.661236274335,True,3046.1735818079264,0.5,0.0
2019-01-13 23:00:00+00:00,47.313163094566384,1.0274002814045071,0.982,1.0598482476675728,0.02952708494543895,1.5609691451599126,2,5,5238.330596878675,True,2773.7641753987214,0.5,0.0
2019-01-14 00:00:00+00:00,44.043064941781246,1.0293066632489758,0.982,1.0615464003733301,0.03137363867411384,1.5133958575414366,2,6,5048.999525624173,True,2648.348579757094,0.5,0.0
2019-01-14 01:00:00+00:00,41.434309173891215,1.030219998487605,0.982,1.062545999196746,0.032261353434184126,1.4627388415049403,2,6,4992.619704406365,True,2650.49450814554,0.5,0.0
2019-01-14 02:00:00+00:00,39.61945395701049,1.0304615153491625,0.982,1.0626276466025368,0.032500541233192286,1.4161771127092615,2,6,5036.568555544884,True,2758.2545241164103,0.5,0.0
2019-01-14 03:00:00+00:00,39.122091741081576,1.0299695895581753,0.982,1.0620123479416113,0.03202797736127004,1.380289540054948,2,6,5176.9817149557775,True,2950.8208545046123,0.5,0.0
2019-01-14 04:00:00+00:00,42.445273366755785,1.0268312480014161,0.982,1.0588200969330215,0.02900517986859671,1.4026336408990068,2,5,5585.7442256208615,True,3338.452744651169,0.5,0.0
2019-01-14 05:00:00+00:00,48.79901857849184,1.0202548600215842,0.982,1.052632625143184,0.02461130961052343,1.386322155976549,2,2,6477.031035204946,True,4248.133054076172,0.5,0.0
2019-01-14 06:00:00+00:00,54.9424850262791,1.014867864886458,0.974899845065772,1.04815089952166,0.023209456711577068,1.3538261850144246,3,0,7177.971879827096,True,5015.228991836021,0.5,0.0
2019-01-14 07:00:00+00:00,56.51415385610666,1.0132553497623082,0.9721721149312553,1.0466179183447313,0.022971223091095772,1.364924150249561,3,0,7441.1913127946045,True,5191.411475989295,0.5,0.0
2019-01-14 08:00:00+00:00,60.92908863883652,1.0130486337160074,0.9741125522337561,1.047052609569263,0.02220967018660631,1.6181095552761502,3,0,7502.501785769953,True,4413.876810746862,0.5,0.0
2019-01-14 09:00:00+00:00,93.92591255982578,1.0063972815697337,0.9658768353763177,1.0434118171195745,0.020724060181623316,2.4151010704079963,3,0,7444.563380281347,True,3139.048447155775,0.5,0.0
2019-01-14 10:00:00+00:00,148.47352420933655,0.9913879578416381,0.9391703372794395,1.04,0.029244713786503975,3.2030043383301807,5,4,7547.720702709697,True,2275.1724999418834,0.5,0.0
2019-01-14 11:00:00+00:00,170.88357989881226,0.985316531824455,0.9275932204010735,1.04,0.03331275622602704,3.4239801951905147,7,7,7516.0114052212975,True,1991.164551487072,0.5,0.0
2019-01-14 12:00:00+00:00,142.2874703378779,0.9930149853679379,0.9430448100399407,1.0400000000000003,0.028267330937590856,3.082710473482216,4,4,7516.7064903587225,True,2369.287193174343,0.5,0.0
2019-01-14 13:00:00+00:00,102.81830447336365,1.0038439823541052,0.9620601328817364,1.0425724849763076,0.0217897301783656,2.5098988214067823,3,0,7411.5641637100725,True,2961.791134413441,0.5,0.0
2019-01-14 14:00:00+00:00,64.4275811691174,1.0127965032007125,0.9744140464915705,1.0473406830788974,0.022045116268950216,1.7066831970296883,3,0,7375.012810122189,True,4171.117939317978,0.5,0.0
2019-01-14 15:00:00+00:00,55.42164610619107,1.0133790871560338,0.9722427496553656,1.0469383681383013,0.02311271582552088,1.3470839876429725,3,0,7402.692570157757,True,5178.614795683134,0.5,0.0
2019-01-14 16:00:00+00:00,57.38660558393145,1.0105852391511365,0.966493544433447,1.0442877394727634,0.02324785582152074,1.2487871581098018,3,0,7725.64906032498,True,5707.14491604194,0.5,0.0
2019-01-14 17:00:00+00:00,55.47134434898029,1.0117181756697684,0.9690360465955942,1.0448400514531153,0.023088366376658738,1.2229660265532556,3,0,7632.919037246576,True,5659.660535865073,0.5,0.0
2019-01-14 18:00:00+00:00,52.36161573516009,1.0138094908244757,0.9731037316468243,1.046456122018628,0.023133111514573708,1.1931741514235061,3,0,7426.301020847249,True,5485.61537969593,0.5,0.0
2019-01-14 19:00:00+00:00,47.70445656481661,1.0173055644423454,0.9799990527221137,1.0493184999803211,0.02363620560353823,1.1752068280155723,2,0,7039.890824464,True,5111.640732784414,0.5,0.0
2019-01-14 20:00:00+00:00,44.12684098917042,1.020636475408118,0.982,1.051803663369863,0.02480674778282358,1.1767143252049141,2,2,6653.284173346961,True,4738.36202828832,0.5,0.0
2019-01-14 21:00:00+00:00,40.11235454761578,1.0233544726267898,0.982,1.0536955414325768,0.02636249159825709,1.1484916429304324,2,4,6360.095026468103,True,4486.822127543214,0.5,0.0
2019-01-14 22:00:00+00:00,36.203777254436886,1.027198838862309,0.982,1.0574045201184108,0.029390319371447798,1.1468007872318826,2,6,5880.195503835698,True,4025.9706582017357,0.5,0.0
2019-01-14 23:00:00+00:00,33.876357827553804,1.0292206170274107,0.982,1.059238816887546,0.031336034096026595,1.1419776490925029,2,6,5622.494022128741,True,3777.4824545082647,0.5,0.0
2019-01-15 00:00:00+00:00,33.090935828875686,1.0303197864637639,0.982,1.0604791252877261,0.03240109910599319,1.1673587018567446,2,6,5434.102545959677,True,3552.5605853491134,0.5,0.0
2019-01-15 01:00:00+00:00,32.04915737181929,1.0308775504486825,0.982,1.0613468601617229,0.032946905407667745,1.1433849872234885,2,6,5361.7302044067355,True,3503.600267483233,0.5,0.0
2019-01-15 02:00:00+00:00,33.26160803418233,1.0304562895942961,0.982,1.061099691626393,0.0325396325814696,1.1833331170065224,2,6,5373.622008161515,True,3457.878156028069,0.5,0.0
2019-01-15 03:00:00+00:00,35.265507112509525,1.0294965167340302,0.982,1.060321775759942,0.031602636478572595,1.2187744809694079,2,6,5479.4142507520155,True,3510.2789499825344,0.5,0.0
2019-01-15 04:00:00+00:00,38.5353156082374,1.026890626163317,0.982,1.057528743240374,0.029079821694900445,1.250184300353796,2,6,5812.5413466615955,True,3806.8760437553296,0.5,0.0
2019-01-15 05:00:00+00:00,46.018019308539266,1.0212291045412678,0.982,1.05224661459639,0.024917949977150102,1.2910775653308224,2,2,6501.191611870161,True,4454.101408375218,0.5,0.0
2019-01-15 06:00:00+00:00,53.58065322592835,1.0154650036992858,0.9769912157322891,1.0478496682940273,0.02303142538400861,1.3161908722910276,3,0,7165.362591972822,True,5095.018241119375,0.5,0.0
2019-01-15 07:00:00+00:00,55.59158333119062,1.0130588577842456,0.972011324836808,1.046011474311321,0.02293608499824677,1.3034761129195287,3,0,7485.938516419084,True,5373.443746921711,0.5,0.0
2019-01-15 08:00:00+00:00,56.588892033077784,1.0140239404087452,0.9756414553032107,1.0469211205235305,0.02243392750694512,1.4755436057605857,3,0,7462.334519272162,True,4826.45858700756,0.5,0.0
2019-01-15 09:00:00+00:00,65.65091825641156,1.0119726073195743,0.9736047337297824,1.0459897754689174,0.021664793569170233,1.7049849139146362,3,0,7571.749899111324,True,4258.110387231761,0.5,0.0
2019-01-15 10:00:00+00:00,76.128753145656,1.0088216742922749,0.9687289644248226,1.044374793777993,0.021209079101539772,1.9625688013560523,3,0,7680.059801009499,True,3898.892096898645,0.5,0.0
2019-01-15 11:00:00+00:00,86.85119235074694,1.0068000671888018,0.9661762033012858,1.0435408849265673,0.020965068549591816,2.2416998508858317,3,0,7599.498668589666,True,3482.027052365595,0.5,0.0
2019-01-15 12:00:00+00:00,86.73939657836522,1.0071413656686268,0.9663793826811665,1.0440095148434048,0.02094359882085093,2.194680030058551,3,0,7565.521997858756,True,3507.987164906337,0.5,0.0
2019-01-15 13:00:00+00:00,74.15398351048665,1.0105631167291753,0.9718245243023612,1.0458402959472348,0.02133224249631838,1.8589317043001843,3,0,7451.398275967318,True,3866.01293832987,0.5,0.0
2019-01-15 14:00:00+00:00,63.21568290748309,1.012251808646363,0.972007722541008,1.0467363699555376,0.02245711856257567,1.6233876522192354,3,0,7413.636335917896,True,4598.257047815316,0.5,0.0
2019-01-15 15:00:00+00:00,61.10870647249995,1.0119561320678774,0.9697844926992909,1.046253323008401,0.022984590029212448,1.4832708760783928,3,0,7389.128885325113,True,5039.765974200515,0.5,0.0
2019-01-15 16:00:00+00:00,63.46245752790541,1.0099506004125693,0.9658123804945292,1.0446649393989547,0.023130505681847494,1.4828422523663924,3,0,7578.25294030551,True,5263.957432163025,0.5,0.0
2019-01-15 17:00:00+00:00,62.43990165042926,1.0105346552523087,0.9671498442631962,1.0452117705060613,0.023100867932635303,1.4804221506914572,3,0,7503.186984036086,True,5188.492741503472,0.5,0.0
2019-01-15 18:00:00+00:00,60.19448685689763,1.0120276187747972,0.9698687662048152,1.046618120080207,0.0231181759348242,1.462937499885412,3,0,7342.172812003113,True,5034.777623384698,0.5,0.0
2019-01-15 19:00:00+00:00,55.391234123457735,1.0153637644398616,0.9766571689764331,1.049176994149857,0.023238796151643187,1.4328584387837033,3,0,6984.423966654984,True,4709.0933749815185,0.5,0.0
2019-01-15 20:00:00+00:00,51.367930354905795,1.0185523157676855,0.982,1.0513858654118253,0.02384776242531198,1.4030151971335934,2,2,6644.208542986866,True,4419.127116597135,0.5,0.0
2019-01-15 21:00:00+00:00,46.33645086763012,1.0217491410736892,0.982,1.0531749603814147,0.025231646950253636,1.350844815244674,2,2,6333.219447454307,True,4191.377281465928,0.5,0.0
2019-01-15 22:00:00+00:00,42.201840674905334,1.0252567095601677,0.982,1.0563680983684343,0.027718678652026804,1.3346668779323612,2,5,5908.733468173577,True,3788.2086085107408,0.5,0.0
2019-01-15 23:00:00+00:00,38.479058495681215,1.0281184386730133,0.982,1.0587457146095767,0.030263335784337257,1.3043574923789756,2,6,5580.8685094514485,True,3506.2770576784005,0.5,0.0
2019-01-16 00:00:00+00:00,35.51412687830689,1.03010418611926,0.982,1.0604540889074785,0.032190810305773865,1.263666437488449,2,6,5351.830101642279,True,3341.6464384453457,0.5,0.0
2019-01-16 01:00:00+00:00,33.21251940650299,1.0311364714861606,0.982,1.061690799499644,0.033198008156074335,1.2074250059920129,2,6,5254.306904950468,True,3313.186811968268,0.5,0.0
2019-01-16 02:00:00+00:00,32.32932279815365,1.0312430801950878,0.982,1.0617897935288747,0.03331066067996848,1.176824450909563,2,6,5261.830759825566,True,3363.682120509014,0.5,0.0
2019-01-16 03:00:00+00:00,32.57373348548088,1.029971777017957,0.982,1.0610871951197907,0.03208540787743307,1.133383458947881,2,6,5456.631531753793,True,3592.2265167764613,0.5,0.0
2019-01-16 04:00:00+00:00,33.50014166967176,1.0280035585792204,0.982,1.0587289935320259,0.0302030881347288,1.0683923507816229,2,6,5778.846922038895,True,4019.1098279131775,0.5,0.0
2019-01-16 05:00:00+00:00,40.760489215479836,1.02227897089552,0.982,1.0524959390607567,0.025687176901397928,1.0810947225528227,2,3,6522.163182429918,True,4782.225247663671,0.5,0.0
2019-01-16 06:00:00+00:00,48.33691641552181,1.0164458687497397,0.9793096522993274,1.0477390910495623,0.023159116228143515,1.0885957616800424,2,0,7212.630310680491,True,5488.128953803352,0.5,0.0
2019-01-16 07:00:00+00:00,49.38872691370807,1.0152103362013352,0.9776043073595637,1.0466025340186413,0.02278832062658188,1.1310176658079172,2,0,7423.8661985057415,True,5521.237826504792,0.5,0.0
2019-01-16 08:00:00+00:00,52.855655106705946,1.0156660702434226,0.9810926729316642,1.0477652343598767,0.0222704590228145,1.4623615844580478,3,0,7426.382825193833,True,4537.801103678646,0.5,0.0
2019-01-16 09:00:00+00:00,87.26786136555205,1.0076696219479777,0.9705799395825608,1.0438590372694465,0.02021315731552913,2.4771377425142442,3,0,7466.534632089674,True,3192.3590611057084,0.5,0.0
2019-01-16 10:00:00+00:00,153.6150516857696,0.9900699796844791,0.9380765732269142,1.04,0.029957547481352414,3.431271366553621,5,4,7511.730131629429,True,2102.701909884574,0.5,0.0
2019-01-16 11:00:00+00:00,198.89410705906025,0.9773306806162382,0.9128420830875948,1.04,0.039085544179694925,3.8383020280158204,7,12,7497.693891801309,True,1627.3754807606979,0.5,0.0
2019-01-16 12:00:00+00:00,177.0673600134028,0.9836307849620266,0.925749558116044,1.04,0.03452037949931602,3.660916035175708,7,7,7487.8295190133595,True,1814.663861815637,0.5,0.0
2019-01-16 13:00:00+00:00,104.74173199922805,1.0040346469217758,0.9644490627841098,1.042560887352606,0.021354872477005068,2.8166895712383204,2,0,7355.415481683274,True,2672.7052963622054,0.5,0.0
2019-01-16 14:00:00+00:00,54.044739574670004,1.016193853033788,0.982,1.0485109891591666,0.022216727861310015,1.5282650157147635,3,0,7284.597136701343,True,4205.490905704766,0.5,0.0
2019-01-16 15:00:00+00:00,47.42232213869449,1.0159089526593386,0.9790733741316833,1.047281401895157,0.022959250652005315,1.130220879521911,2,0,7318.920119512826,True,5404.682100343323,0.5,0.0
2019-01-16 16:00:00+00:00,52.70113008829673,1.0123091895393952,0.9712873176024375,1.0444694849452691,0.022860513375853476,1.120311539951022,3,0,7633.258766354068,True,5875.505187708519,0.5,0.0
2019-01-16 17:00:00+00:00,52.57977735966892,1.0128563639905086,0.9724199074450619,1.0451063711988795,0.022864453259308144,1.1593490352306717,2,0,7550.334291937889,True,5737.188777146076,0.5,0.0
2019-01-16 18:00:00+00:00,51.52106321649575,1.0141529174800272,0.9747136682641032,1.0466237965258653,0.022986340739309188,1.1940347535546725,2,0,7369.803093705854,True,5476.7478292857,0.5,0.0
2019-01-16 19:00:00+00:00,48.27662709677912,1.01789895606977,0.982,1.0497972044741364,0.023613169585563323,1.232439924083259,2,0,6910.943609341761,True,4944.651138379051,0.5,0.0
2019-01-16 20:00:00+00:00,46.29639645254737,1.020333634376994,0.982,1.0520608642858784,0.024538114734220916,1.261711327317686,2,2,6581.951251923139,True,4566.455264032453,0.5,0.0
2019-01-16 21:00:00+00:00,42.92651776991582,1.0229820396923464,0.982,1.0537727412209374,0.02607207544400872,1.2536594375919772,2,3,6287.893354316913,True,4293.044614849842,0.5,0.0
2019-01-16 22:00:00+00:00,40.63147871073365,1.025696365564582,0.982,1.0566049742981365,0.02805577599564024,1.2884404450121667,2,5,5899.809017733547,True,3851.0752025402817,0.5,0.0
2019-01-16 23:00:00+00:00,38.93515486110089,1.0276916618607375,0.982,1.0586899736783784,0.02988505912008943,1.301919225459752,2,6,5602.569525488667,True,3536.6062315115073,0.5,0.0
2019-01-17 00:00:00+00:00,37.69662747452611,1.0288800992839087,0.982,1.0599237170418463,0.031029296442663022,1.3018121896835977,2,6,5433.745812601321,True,3363.300119524271,0.5,0.0
2019-01-17 01:00:00+00:00,37.40182587914341,1.0295827102041646,0.982,1.060645389226955,0.0317010801115914,1.3201297841839728,2,6,5308.5571952142445,True,3209.7447337936965,0.5,0.0
2019-01-17 02:00:00+00:00,37.919605674995125,1.0294032950427812,0.982,1.0605940654359025,0.031520047619906025,1.333376566743415,2,6,5318.2562125966915,True,3194.696760899096,0.5,0.0
2019-01-17 03:00:00+00:00,39.06030340541828,1.0281733481470088,0.982,1.0596565265134774,0.030326484153517325,1.3287619427998147,2,6,5498.806825359838,True,3369.7131815225566,0.5,0.0
2019-01-17 04:00:00+00:00,40.219570640107385,1.0262575019670528,0.982,1.0574692683312754,0.028523890409116077,1.302888457747732,2,5,5791.694102500005,True,3711.73159796216,0.5,0.0
2019-01-17 05:00:00+00:00,45.559217453780924,1.0208148643278558,0.982,1.052060248570284,0.024727775729730166,1.2763920173179204,2,2,6536.2942239817085,True,4502.9059663024545,0.5,0.0
2019-01-17 06:00:00+00:00,51.908091513272986,1.0153372201770574,0.9770231878473921,1.0474984648849888,0.023006567848618566,1.240410554970036,2,0,7227.187708614197,True,5264.401937770787,0.5,0.0
2019-01-17 07:00:00+00:00,52.8634616666131,1.01390626109188,0.9745510504617236,1.0464198526425386,0.022786860195994765,1.260126150428865,2,0,7481.079277693876,True,5362.604451387641,0.5,0.0
2019-01-17 08:00:00+00:00,54.556433903976526,1.015172101378632,0.9791313842304072,1.0476078052226483,0.02229863670322841,1.4747726306029878,3,0,7453.873044711008,True,4607.464232597136,0.5,0.0
2019-01-17 09:00:00+00:00,69.80902147360176,1.0119538491770972,0.974726842679492,1.0462931983379382,0.02120587629401493,1.92700314506607,3,0,7510.46477973329,True,3852.245589778951,0.5,0.0
2019-01-17 10:00:00+00:00,89.13975745981638,1.0066542497002031,0.9661416239707771,1.0437686669807154,0.020755701729466083,2.404404881619778,3,0,7605.852242618367,True,3347.794205440985,0.5,0.0
2019-01-17 11:00:00+00:00,91.23683943398314,1.0062417461237807,0.9659772420793531,1.0438360966782707,0.02085689693678868,2.466451809450623,3,0,7578.961702009867,True,3266.35488138067,0.5,0.0
2019-01-17 12:00:00+00:00,83.610355324768,1.0082731862840046,0.9691658474068111,1.044911835730102,0.02062606016514454,2.3079983954233216,3,0,7565.643068753805,True,3452.4052547223514,0.5,0.0
2019-01-17 13:00:00+00:00,65.44460464992346,1.0129968421521602,0.9770616456604746,1.047145636516587,0.021396662535870168,1.8533299407210249,3,0,7468.156512531257,True,3931.0335027106976,0.5,0.0
2019-01-17 14:00:00+00:00,50.27460916102992,1.0166967444333563,0.982,1.0484139203234435,0.022690567885937415,1.368742417824078,3,0,7341.675258372832,True,4728.946503220088,0.5,0.0
2019-01-17 15:00:00+00:00,49.43194187109038,1.0159194179381876,0.9789420922800953,1.0472266592650876,0.02289050172846557,1.1435999141223678,2,0,7306.317340816658,True,5433.527734821528,0.5,0.0
2019-01-17 16:00:00+00:00,54.76951730529305,1.0125050207204787,0.9718136922071924,1.0446838869992376,0.022723801602062006,1.19464286819914,3,0,7589.186419107798,True,5739.990387336662,0.5,0.0
2019-01-17 17:00:00+00:00,54.778075872101105,1.0122164224032961,0.9711369801971848,1.0447882477503214,0.022813219482130515,1.2062541118516015,3,0,7594.284023575961,True,5725.321409351922,0.5,0.0
2019-01-17 18:00:00+00:00,52.32319929497067,1.0137024899701583,0.9737835145595753,1.0463396847943942,0.022977373408340662,1.1925362615980148,2,0,7420.285476184871,True,5545.99840656123,0.5,0.0
2019-01-17 19:00:00+00:00,48.21318040136032,1.016908676608042,0.9801483859069461,1.048952228774564,0.023387739788872285,1.1797831362067488,2,0,7063.668765964747,True,5190.449395759046,0.5,0.0
2019-01-17 20:00:00+00:00,44.04391600357411,1.020188788613043,0.982,1.0513708825626047,0.02451338716332433,1.1471475264618034,2,2,6708.774501855905,True,4871.559970775069,0.5,0.0
2019-01-17 21:00:00+00:00,39.1152435476544,1.0234269710550759,0.982,1.0534712750575514,0.026419711742533058,1.0775854627633628,2,3,6385.323652982028,True,4651.101566050499,0.5,0.0
2019-01-17 22:00:00+00:00,32.93842125623207,1.02752610980185,0.982,1.057281077142739,0.029762044555308897,0.9915071263893022,0,6,5925.2509782494,True,4327.020985062774,0.5,0.0
2019-01-17 23:00:00+00:00,29.548564162031624,1.0296604633644435,0.982,1.0591861251554335,0.031819598455905616,0.9062723291660624,0,6,5702.502409816257,True,4229.077874346536,0.5,0.0
2019-01-18 00:00:00+00:00,26.569659491996298,1.0317154124408867,0.982,1.0616123699907778,0.03380063044057483,0.8407169226190613,0,6,5466.109349793699,True,4092.4493079477857,0.5,0.0
2019-01-18 01:00:00+00:00,24.29086812256013,1.0327881290454342,0.982,1.063464048155872,0.03484232981282272,0.7356534727734281,0,7,5333.321307402519,True,4123.942810219089,0.5,0.0
2019-01-18 02:00:00+00:00,23.73440691894249,1.0328822169024297,0.982,1.063816235576127,0.0349366978977282,0.7142293938344138,0,7,5322.75022317556,True,4268.271578418292,0.5,0.0
2019-01-18 03:00:00+00:00,24.84338309578338,1.0320771086032685,0.982,1.0626712870477475,0.03415792235658568,0.7151814311379232,0,7,5438.300029390215,True,4508.696543089675,0.5,0.0
2019-01-18 04:00:00+00:00,27.24304246494039,1.030238911159559,0.982,1.0596079868182966,0.03237396596469537,0.7266830841619665,0,6,5695.85485299621,True,4865.3433559709965,0.5,0.0
2019-01-18 05:00:00+00:00,35.82851016917499,1.0239808016208918,0.982,1.0531720145665238,0.02666367180922185,0.7935706699729644,0,4,6429.498644795429,True,5655.794016130875,0.5,0.0
2019-01-18 06:00:00+00:00,44.81606688258809,1.0180982084773054,0.982,1.0490132821259273,0.02334694652653067,0.8596073729475184,0,0,7090.038798879109,True,6334.429520583641,0.5,0.0
2019-01-18 07:00:00+00:00,44.836576094208006,1.0171228427313226,0.982,1.0478625291966452,0.022938372371796214,0.8204614667726545,0,0,7311.767466985993,True,6395.4736595765335,0.5,0.0
2019-01-18 08:00:00+00:00,37.92511260236981,1.0199717810032258,0.982,1.0489519369823412,0.024220502935872357,0.9198830622352855,0,0,7365.949256628041,True,5298.487219537705,0.5,0.0
2019-01-18 09:00:00+00:00,64.65355540700368,1.0144989454572924,0.9805226607391454,1.0481213334900912,0.021759329481732925,2.2977515237586292,2,0,7327.313207538165,True,3573.7160168257055,0.5,0.0
2019-01-18 10:00:00+00:00,179.77948079711769,0.9827356022369711,0.9186880792117539,1.0400000000000005,0.036223730723374856,3.9116575825926105,9,8,7331.114331446355,True,1727.4578673526187,0.5,0.0
2019-01-18 11:00:00+00:00,212.24171648908194,0.9740294409624127,0.9016109779044209,1.04,0.042634068881350365,4.26943867847927,9,14,7235.236071994963,True,935.765323688581,0.5,0.0
2019-01-18 12:00:00+00:00,195.3678678772089,0.9799238355187752,0.9137612676060675,1.0400000000000005,0.03828915868828353,4.165653596570469,9,10,7091.498242230117,True,904.517692100225,0.5,0.0
2019-01-18 13:00:00+00:00,140.0739065046725,0.996137527587494,0.9453775850331478,1.0403853658602142,0.027283018573583426,3.5732291985935656,6,3,6981.999026221858,True,1792.609433658165,0.5,0.0
2019-01-18 14:00:00+00:00,38.14252048577418,1.0226291882065701,0.982,1.0525058762197717,0.025645724802749223,1.4581319420612282,1,2,6941.199760234904,True,4298.500171708629,0.5,0.0
2019-01-18 15:00:00+00:00,42.07242695149235,1.019954892417537,0.982,1.050872529036626,0.023985440987665228,0.7381287809840484,0,1,6907.984878747318,True,6273.168014085851,0.5,0.0
2019-01-18 16:00:00+00:00,46.7574659556851,1.0154600510294107,0.9796078797090063,1.047434777912986,0.02274670880267691,0.7767079086286691,0,0,7195.424951590903,True,6776.125387398886,0.5,0.0
2019-01-18 17:00:00+00:00,46.703647742453015,1.0156823353871482,0.980209905008032,1.0476831900002486,0.02271075560527634,0.7717780147605119,0,0,7187.118694366678,True,6733.080837491865,0.5,0.0
2019-01-18 18:00:00+00:00,46.387427791754845,1.0175152536409355,0.982,1.0495128918138483,0.023057819271979633,0.794109962941496,0,0,7010.831613805839,True,6554.668454614306,0.5,0.0
2019-01-18 19:00:00+00:00,41.9293480927642,1.0211677229298897,0.982,1.0522767421259647,0.024649817370673677,0.7835452068210012,0,1,6619.905970994712,True,6179.309401772891,0.5,0.0
2019-01-18 20:00:00+00:00,38.35691427573229,1.0236858236661908,0.982,1.0540564422661822,0.02633422774299435,0.7558627309107104,0,4,6339.933649840336,True,5910.48683380911,0.5,0.0
2019-01-18 21:00:00+00:00,35.22334957376874,1.0259773080575967,0.982,1.0554299040270492,0.028234054660795822,0.7266278536518644,0,5,6086.2981203735435,True,5684.846431653464,0.5,0.0
2019-01-18 22:00:00+00:00,30.878988728204078,1.0289785596517877,0.982,1.0575246915748933,0.031142591231986927,0.6824162759797616,0,5,5750.844840666182,True,5370.0016504029845,0.5,0.0
2019-01-18 23:00:00+00:00,27.31663803124029,1.0316898244965134,0.982,1.0609143411788915,0.03376930425847264,0.6469191213980764,0,6,5433.6828580915335,True,5060.568485841585,0.5,0.0
2019-01-19 00:00:00+00:00,26.008668720431018,1.0328571296945617,0.982,1.0628742629333363,0.03488864453587684,0.6343276448177628,0,7,5258.344193603594,True,4899.829299777074,0.5,0.0
2019-01-19 01:00:00+00:00,25.82000842575498,1.0331657502605398,0.982,1.0638633154422816,0.03517648747675356,0.6241315386657308,0,7,5155.407242514979,True,4843.053624654691,0.5,0.0
2019-01-19 02:00:00+00:00,24.33495389971457,1.0342922536097399,0.982,1.0649717165136774,0.036275919595309465,0.6027324446754603,0,8,5031.355160540432,True,4735.607311376588,0.5,0.0
2019-01-19 03:00:00+00:00,23.950987778236602,1.0345865812925668,0.982,1.065381227467865,0.03656021040985575,0.6006297997065808,0,8,4996.324201339622,True,4693.517496183351,0.5,0.0
2019-01-19 04:00:00+00:00,23.066693729284793,1.0348926761611492,0.982,1.0654564929287105,0.03686169824155688,0.5886333193115657,0,8,4965.114918395023,True,4656.807640213642,0.5,0.0
2019-01-19 05:00:00+00:00,23.403173574858997,1.034494345375167,0.982,1.064738969400738,0.036481216848691496,0.5921124653003781,0,8,5028.458173595422,True,4711.878638790549,0.5,0.0
2019-01-19 06:00:00+00:00,26.251523007142758,1.032210462556517,0.982,1.0619180638516892,0.034272564196746104,0.6276206732730436,0,6,5316.941456257013,True,4973.82827884778,0.5,0.0
2019-01-19 07:00:00+00:00,25.31696308695303,1.0305253623185275,0.982,1.0595777495657583,0.03265456899253643,0.5906573997113184,0,6,5723.2473742536595,True,4959.790080172276,0.5,0.0
2019-01-19 08:00:00+00:00,37.72158570554059,1.027456818457559,0.982,1.0570153246560374,0.029686274885188324,1.7810239087125292,2,5,6088.960616874571,True,3114.269205784225,0.5,0.0
2019-01-19 09:00:00+00:00,121.70011613605257,1.0047789221202874,0.9640112780014697,1.0447831698709555,0.022010244178740392,3.5540570248235612,4,0,6233.818154173466,True,745.0819315532865,0.5,0.0
2019-01-19 10:00:00+00:00,127.87306992506778,1.0024379294649999,0.9589017342240932,1.043876670791506,0.023334550636701045,3.6179074286658723,5,0,6290.729320060966,True,756.9460019308767,0.5,0.0
2019-01-19 11:00:00+00:00,121.526277531429,1.0048578746553738,0.9634902195978153,1.0454280321902685,0.02228610632718722,3.550871620669567,4,0,6164.680223069452,True,737.9942998382526,0.5,0.0
2019-01-19 12:00:00+00:00,107.56875529687512,1.0100071233250827,0.9738010979319953,1.0481171656423416,0.020945107692017607,3.391873744289006,4,0,5917.684951949825,True,699.3372504918466,0.5,0.0
2019-01-19 13:00:00+00:00,95.77124091966601,1.0140810868898484,0.9818903682234983,1.0503953128893937,0.021202179255057338,3.253618574362746,3,1,5718.843350251285,True,667.6555759447929,0.5,0.0
2019-01-19 14:00:00+00:00,32.25311115041528,1.030231610202748,0.982,1.0599902651243907,0.032402347659533724,1.6773819369657605,1,6,5738.213983159259,True,2998.7651412205323,0.5,0.0
2019-01-19 15:00:00+00:00,28.4270987200275,1.0283680163973021,0.982,1.057295780038582,0.030571055271030653,0.6059761896201012,0,5,5883.053594357546,True,5268.943186831517,0.5,0.0
2019-01-19 16:00:00+00:00,37.87410945986454,1.0231860447529049,0.982,1.053482995837716,0.025897169829422164,0.7144839714402388,0,3,6306.445744629334,True,5985.872029804183,0.5,0.0
2019-01-19 17:00:00+00:00,37.60238292014918,1.0230367264794382,0.982,1.0531017242811078,0.02582557455151808,0.7347971641305988,0,2,6382.684969956499,True,5965.583873720017,0.5,0.0
2019-01-19 18:00:00+00:00,34.96498340649052,1.0247732024347682,0.982,1.0543672808700033,0.027177690735183033,0.7282136132017357,0,5,6201.159490815427,True,5730.829072764903,0.5,0.0
2019-01-19 19:00:00+00:00,30.082298947931648,1.028346558283615,0.982,1.0572652435836192,0.030545077851256108,0.6914120551896777,0,5,5802.037880361405,True,5309.108247662505,0.5,0.0
2019-01-19 20:00:00+00:00,27.205349648301727,1.030756568578416,0.982,1.0602605035700035,0.03288478284810556,0.6644845904188862,0,6,5534.29855189467,True,5039.053409017197,0.5,0.0
2019-01-19 21:00:00+00:00,26.598303852426863,1.0313607646662555,0.982,1.0609090213257062,0.033465788666569345,0.6546600800294345,0,6,5462.688444624545,True,4990.978147322534,0.5,0.0
2019-01-19 22:00:00+00:00,24.826351028081397,1.032627840535414,0.982,1.0628720929743027,0.034691392989048234,0.629950869134469,0,7,5264.7253301261935,True,4821.186511518486,0.5,0.0
2019-01-19 23:00:00+00:00,22.727381684285653,1.0345187749559877,0.982,1.0651805500567495,0.03650724916728708,0.5997882444175269,0,8,5016.375563942471,True,4624.511187848455,0.5,0.0
2019-01-20 00:00:00+00:00,21.57341114365208,1.0358322903298618,0.982,1.067008267046458,0.037769883035124865,0.5743840287591835,0,10,4816.772814390505,True,4494.246295364875,0.5,0.0
2019-01-20 01:00:00+00:00,21.075657834961522,1.0364836139952494,0.982,1.0679153516696933,0.03839344631767618,0.5570268151717777,0,10,4703.42143277413,True,4437.352061861951,0.5,0.0
2019-01-20 02:00:00+00:00,21.097616195185292,1.036641132388562,0.982,1.0684026281826458,0.03854296132987976,0.5451116241870135,0,10,4636.350595067686,True,4419.896990435341,0.5,0.0
2019-01-20 03:00:00+00:00,21.161108048355896,1.0368170178225624,0.982,1.0686326750040491,0.03870927391074112,0.5369320130574884,0,10,4595.963003632316,True,4418.811262150545,0.5,0.0
2019-01-20 04:00:00+00:00,20.63566390022308,1.0372559118888676,0.982,1.0689025688405511,0.039137963170918645,0.5219636519315902,0,11,4536.884217794281,True,4392.643863667411,0.5,0.0
2019-01-20 05:00:00+00:00,19.76680124656916,1.0378379647718925,0.982,1.0694288995361145,0.03972001605394364,0.5054142727797369,0,11,4458.746358541805,True,4330.605086106109,0.5,0.0
2019-01-20 06:00:00+00:00,21.36998089725514,1.0364973295527704,0.982,1.0676772397710703,0.038397499060127904,0.5208648109024355,0,10,4623.318483362766,True,4504.0791019319695,0.5,0.0
2019-01-20 07:00:00+00:00,19.722271785754927,1.035460950353391,0.982,1.065932300139354,0.037409919823513,0.5144546898986825,0,9,4958.252097055672,True,4462.132691957371,0.5,0.0
2019-01-20 08:00:00+00:00,27.088136997406238,1.0333432792830097,0.982,1.062194942782446,0.035373195544637435,1.5310705755143645,1,7,5349.257135466393,True,2844.6860394555474,0.5,0.0
2019-01-20 09:00:00+00:00,87.7476203538188,1.0166918827073845,0.982,1.0513792072167474,0.022047753199911875,3.1322582600839066,3,1,5534.6078779227955,True,641.6159913877902,0.5,0.0
2019-01-20 10:00:00+00:00,96.77741374369427,1.0134566118682569,0.980261942415587,1.049626706851755,0.021231092952259976,3.2579288844742345,4,0,5696.803418958121,True,666.4577556395027,0.5,0.0
2019-01-20 11:00:00+00:00,97.05558962842883,1.0134870562091485,0.9802231544687635,1.0499866142533383,0.021276834214864728,3.2608532474494325,4,0,5698.174034751533,True,666.8729931035828,0.5,0.0
2019-01-20 12:00:00+00:00,89.06497652933339,1.0163229678410386,0.982,1.051780764047204,0.022034303394546068,3.1503878153178473,4,2,5542.953298209874,True,643.3603063503201,0.5,0.0
2019-01-20 13:00:00+00:00,78.69157481788878,1.020510644359686,0.982,1.0536914686648136,0.023624142461392352,2.988662823091169,3,2,5347.600564340328,True,729.6949033290591,0.5,0.0
2019-01-20 14:00:00+00:00,22.273544599344667,1.0347641221740655,0.982,1.0641459629733607,0.03678373559020357,1.2549896464610086,1,8,5292.00847963441,True,3183.4485450008224,0.5,0.0
2019-01-20 15:00:00+00:00,26.719930702361673,1.0308815361548618,0.982,1.0602555291964837,0.03299224229624975,0.5892946983886229,0,6,5448.891017164375,True,5121.766454358122,0.5,0.0
2019-01-20 16:00:00+00:00,37.05445932272411,1.0250324715553656,0.982,1.0552322154157,0.027313916071792635,0.7068489370089024,0,5,5950.045118080185,True,5882.110421769297,0.5,0.0
2019-01-20 17:00:00+00:00,38.872483491504,1.0235504448284634,0.982,1.0541417278059462,0.026092994528330127,0.7137532383479614,0,4,6138.775920656733,True,6034.980430925398,0.5,0.0
2019-01-20 18:00:00+00:00,37.06078306408478,1.0246792967764717,0.982,1.0550409754573067,0.02699213000919075,0.6851361519661525,0,5,6019.922912188861,True,5889.113334106161,0.5,0.0
2019-01-20 19:00:00+00:00,33.70439880871477,1.0271106735406945,0.982,1.0567731480548515,0.029333352386925783,0.6484378947507982,0,5,5764.736317057158,True,5612.3547674073125,0.5,0.0
2019-01-20 20:00:00+00:00,31.168926235847955,1.029082279724079,0.982,1.0580973395033102,0.03125020102558801,0.6289103225831235,0,5,5580.038881502248,True,5407.093418409093,0.5,0.0
2019-01-20 21:00:00+00:00,32.18437414135606,1.0284491527729347,0.982,1.0576346612714773,0.03063057195544457,0.6451977939031922,0,5,5665.518398540552,True,5474.437063818621,0.5,0.0
2019-01-20 22:00:00+00:00,28.918656439944176,1.0308995181310383,0.982,1.0602418164390053,0.033001423631490646,0.6219938730040426,0,6,5414.862384679602,True,5208.101284715776,0.5,0.0
2019-01-20 23:00:00+00:00,27.407366452343553,1.0319405141411764,0.982,1.0616982037260867,0.03399445375312124,0.6154537672018238,0,6,5288.077142159132,True,5060.840579083002,0.5,0.0
2019-01-21 00:00:00+00:00,24.762705134066934,1.0338122007075663,0.982,1.064110830269902,0.035808455001633405,0.5971615834177563,0,7,5077.064114596941,True,4816.366108734109,0.5,0.0
2019-01-21 01:00:00+00:00,23.385297009819812,1.03471457911973,0.982,1.0652328716234427,0.036682383995282244,0.5938856514011482,0,8,4988.9559284740435,True,4681.092017869851,0.5,0.0
2019-01-21 02:00:00+00:00,23.22523957941757,1.0345984113221884,0.982,1.0652348958984583,0.036577395187879475,0.5986047931216466,0,8,5005.66669316662,True,4660.525346877725,0.5,0.0
2019-01-21 03:00:00+00:00,24.52761855612068,1.0336790968306908,0.982,1.063880653952955,0.03568591518131073,0.6168225763084844,0,7,5145.485268411344,True,4786.36267475914,0.5,0.0
2019-01-21 04:00:00+00:00,28.51876579294137,1.0305569689393046,0.982,1.0596274150441545,0.032673663418076114,0.6580428000543604,0,6,5550.708592591655,True,5173.805776322015,0.5,0.0
2019-01-21 05:00:00+00:00,39.49255231424819,1.0229696227377418,0.982,1.053218937282164,0.025743357908217385,0.7487750702307269,0,1,6439.415947406624,True,6055.832769765146,0.5,0.0
2019-01-21 06:00:00+00:00,46.773229436507485,1.0158442066449969,0.9804866862305198,1.0478330197783625,0.02279081967104774,0.7773631701630682,0,0,7142.312739728761,True,6781.855304889507,0.5,0.0
2019-01-21 07:00:00+00:00,45.35674718259189,1.0161023785342047,0.982,1.047132855281673,0.02262083709142765,0.769298296387986,0,0,7302.542275062479,True,6710.109757977971,0.5,0.0
2019-01-21 08:00:00+00:00,39.10056734862186,1.0201433142076968,0.982,1.048628482661151,0.024109953727417435,1.1149556074960547,1,0,7376.88101088669,True,5173.737882420969,0.5,0.0
2019-01-21 09:00:00+00:00,96.68763718877847,1.0056016006810553,0.9633383792213572,1.0436242197602266,0.021749527714369592,2.9190640989227195,4,0,7433.689519655406,True,2985.9608089349363,0.5,0.0
2019-01-21 10:00:00+00:00,245.3480224943113,0.9621311094075423,0.8766908950927658,1.0400000000000003,0.05214347894603312,4.38626580475281,9,18,7466.440516228694,True,1237.0331831620156,0.5,0.0
2019-01-21 11:00:00+00:00,235.7406017255171,0.9661260471011636,0.885476135533433,1.0400000000000005,0.048834655056722666,4.394249341008973,9,18,7359.776384854377,True,971.718240210917,0.5,0.0
2019-01-21 12:00:00+00:00,230.35629646601305,0.9679141424282537,0.8887558049613469,1.0400000000000003,0.04738567872237297,4.36400347005331,9,18,7340.179785115904,True,964.3742749775976,0.5,0.0
2019-01-21 13:00:00+00:00,137.96478511089265,0.9957497499632677,0.9440267730117787,1.0400000000000005,0.027433698770140576,3.50484707383738,6,3,7210.241039934663,True,2111.8499845090764,0.5,0.0
2019-01-21 14:00:00+00:00,41.23257905882743,1.0216710269718083,0.982,1.050852966362337,0.02491991964445262,1.4981004046023416,1,1,7101.104212477464,True,4450.744455081793,0.5,0.0
2019-01-21 15:00:00+00:00,43.86108275192626,1.0186395269559472,0.982,1.0494751102890887,0.023257557462756238,0.7404131022330969,0,0,7108.684326280947,True,6456.723147149189,0.5,0.0
2019-01-21 16:00:00+00:00,49.15576727347701,1.01086697685449,0.9675274001677088,1.0439616822699462,0.023973532528703365,0.8055555555555548,0,0,7401.242118011671,True,7108.980387493892,0.5,0.0
2019-01-21 17:00:00+00:00,50.07668412613948,1.009334678099904,0.9633614665265328,1.0431570378294304,0.024518573092874196,0.8055555555555528,0,0,7464.312329159064,True,7160.557467976954,0.5,0.0
2019-01-21 18:00:00+00:00,49.39836762861534,1.0113834634085488,0.9684339309816493,1.0451868806169902,0.0239494635239283,0.805555555555555,0,0,7369.1269598858735,True,7061.886585531563,0.5,0.0
2019-01-21 19:00:00+00:00,47.454277112257024,1.0159938417775947,0.9807790469977137,1.0490556254814223,0.022893623892415376,0.7726060169979899,0,0,7047.429260357462,True,6741.051991953458,0.5,0.0
2019-01-21 20:00:00+00:00,45.65664240615776,1.0193139312346473,0.982,1.0518582433241956,0.02370700576006359,0.7700158771705407,0,1,6726.375971208915,True,6416.080075260799,0.5,0.0
2019-01-21 21:00:00+00:00,42.737204064579025,1.0214135713572223,0.982,1.053250533895884,0.02476657313198596,0.7539481490264917,0,1,6496.6844251423545,True,6203.868053357857,0.5,0.0
2019-01-21 22:00:00+00:00,38.20661208447533,1.0246190801520432,0.982,1.0555165059996847,0.027029215871147566,0.7248917036471164,0,5,6140.612975551436,True,5847.133704983105,0.5,0.0
2019-01-21 23:00:00+00:00,33.12718868945841,1.0278194915890373,0.982,1.057124968631818,0.03002045916151955,0.6930752400893347,0,5,5828.974897655673,True,5497.915104406548,0.5,0.0
2019-01-22 00:00:00+00:00,30.70355761523652,1.0292774572003403,0.982,1.0584677946286383,0.03142203360026591,0.6858564544852113,0,5,5687.16963657986,True,5301.160443336909,0.5,0.0
2019-01-22 01:00:00+00:00,28.448669240972073,1.0306831569467074,0.982,1.0602323828093243,0.032779624814553106,0.680080842144012,0,6,5550.209091737893,True,5097.441868635377,0.5,0.0
2019-01-22 02:00:00+00:00,26.831983068767865,1.031584545370331,0.982,1.0610446906345405,0.033657591249828665,0.6746351356259819,0,6,5481.443553148803,True,4965.114170738246,0.5,0.0
2019-01-22 03:00:00+00:00,27.339030862137108,1.0311706740637965,0.982,1.0603757528854199,0.033265334204913365,0.686370016834393,0,6,5559.759244833419,True,4998.9593812727835,0.5,0.0
2019-01-22 04:00:00+00:00,30.337444770090983,1.0286405319302132,0.982,1.0570066342946762,0.03083390655233714,0.7156990967409549,0,6,5875.003545256683,True,5282.954295837423,0.5,0.0
2019-01-22 05:00:00+00:00,40.0196446784748,1.0218033519980725,0.982,1.05199421236551,0.025082233076995374,0.7958584094252803,0,1,6650.713301717577,True,6044.2043610024975,0.5,0.0
2019-01-22 06:00:00+00:00,47.04573197553543,1.0160071497505077,0.9812324463132911,1.0473875409068647,0.0225284522348335,0.8134184566054479,0,0,7277.871301460675,True,6616.413805570191,0.5,0.0
2019-01-22 07:00:00+00:00,45.814353479785275,1.015386236873096,0.9807062767764387,1.0460003820466555,0.02229978376775395,0.8036395351070549,0,0,7495.584586638168,True,6539.324785002157,0.5,0.0
2019-01-22 08:00:00+00:00,42.01116504370551,1.0182424539979635,0.982,1.047412861222365,0.023150432961836925,1.1633221463651893,1,0,7593.091555176519,True,5221.960779755955,0.5,0.0
2019-01-22 09:00:00+00:00,74.01249034826509,1.0109252749984599,0.9751281523481393,1.0451985562477146,0.020746873149400068,2.451515464653272,2,0,7619.47737472115,True,3653.3848032478986,0.5,0.0
2019-01-22 10:00:00+00:00,138.29807512662535,0.9934780765785766,0.9426515266764586,1.04,0.028328838888335747,3.466412457821563,6,3,7663.4968747718885,True,2501.7659375338835,0.5,0.0
2019-01-22 11:00:00+00:00,182.4573698113583,0.9807565375582649,0.917281753474691,1.0400000000000005,0.03723986352446524,3.9004740971568026,8,8,7649.543540627146,True,1989.4200039290808,0.5,0.0
2019-01-22 12:00:00+00:00,148.1731510928215,0.9909079131197183,0.9372965221490767,1.0400000000000005,0.030150780866603784,3.581834246954016,6,4,7608.5556777902875,True,2294.9016296434975,0.5,0.0
2019-01-22 13:00:00+00:00,73.33410484709086,1.0111420530247863,0.9754740794168442,1.0458407127866445,0.020871880336018427,2.46614215112273,2,0,7555.7539123029455,True,3540.6919502937562,0.5,0.0
2019-01-22 14:00:00+00:00,39.90352894549787,1.0188959826485258,0.982,1.0481290812640063,0.023550746737023138,1.0491020799666866,1,0,7481.5742677371545,True,5223.529366024215,0.5,0.0
2019-01-22 15:00:00+00:00,45.36423671604074,1.0165566146131335,0.982,1.0467386672642418,0.022696908244510303,0.855687298359933,0,0,7412.658587843579,True,6318.549381621616,0.5,0.0
2019-01-22 16:00:00+00:00,50.40465854385995,1.01202486015893,0.9717728146688102,1.0434117774394467,0.022665498109290867,0.8368003129668498,0,0,7691.131364561004,True,6731.506659549581,0.5,0.0
2019-01-22 17:00:00+00:00,50.75985230005824,1.0118646969063383,0.9713460397975855,1.043460973795402,0.022679416093639392,0.8700279930481264,0,0,7716.534513724202,True,6686.461264118335,0.5,0.0
2019-01-22 18:00:00+00:00,49.73700517769069,1.0133521612103875,0.9745976029263264,1.0451160224855622,0.02258178774834902,0.9105699607537143,0,0,7590.368423816501,True,6559.0227984949615,0.5,0.0
2019-01-22 19:00:00+00:00,45.5059185001697,1.0172353227350106,0.982,1.0484145709328812,0.02322317931912961,0.9009528794095574,0,0,7199.161447525852,True,6236.946141958817,0.5,0.0
2019-01-22 20:00:00+00:00,41.66918603174615,1.0204485772245673,0.982,1.0510595710452848,0.024506091879867433,0.8659072407197351,0,1,6842.78277237709,True,5956.455119902961,0.5,0.0
2019-01-22 21:00:00+00:00,38.445549183124335,1.0227865025655487,0.982,1.0527021193208488,0.02585514412222633,0.8317805794438803,0,4,6572.488168364484,True,5762.973175344722,0.5,0.0
2019-01-22 22:00:00+00:00,35.056748587468114,1.0257960598162819,0.982,1.0550054931602082,0.028086071579031098,0.7984800545188594,0,5,6222.153498133037,True,5478.7434177534,0.5,0.0
2019-01-22 23:00:00+00:00,32.39941163744045,1.0278463110590303,0.982,1.0569641804841252,0.030031904660023763,0.7675526881366713,0,5,5976.785550766183,True,5286.924449078753,0.5,0.0
2019-01-23 00:00:00+00:00,30.151639606256303,1.0294932972131936,0.982,1.0590157153890039,0.03161760595541647,0.7424615882581531,0,6,5770.415429622304,True,5112.866266076595,0.5,0.0
2019-01-23 01:00:00+00:00,29.230835407234068,1.0300925878349831,0.982,1.0597310435623453,0.03219706035112496,0.7254968509163248,0,6,5681.520078802274,True,5065.095679029644,0.5,0.0
2019-01-23 02:00:00+00:00,28.96360983117586,1.030336305584878,0.982,1.0599719841576585,0.03244617693572348,0.7111710555829133,0,6,5641.610333641717,True,5069.0852693082325,0.5,0.0
2019-01-23 03:00:00+00:00,29.892533208098264,1.0300637904524168,0.982,1.05947104022811,0.03219078312262405,0.7089100765565947,0,6,5677.404867063447,True,5155.464915910882,0.5,0.0
2019-01-23 04:00:00+00:00,34.34989138408601,1.0269875192769058,0.982,1.0562788377147958,0.02921081085479324,0.7415724800368526,0,5,6011.256775237067,True,5528.521039097598,0.5,0.0
2019-01-23 05:00:00+00:00,45.058273463972256,1.0200075819790113,0.982,1.0518020215520125,0.02406500961907961,0.8119256753457694,0,1,6756.999553548173,True,6315.102777154166,0.5,0.0
2019-01-23 06:00:00+00:00,49.62055785583151,1.0120719411597452,0.9700460388883194,1.0455420406612195,0.023655447128893847,0.8016596903407355,0,0,7406.6810902794205,True,6996.578427795541,0.5,0.0
2019-01-23 07:00:00+00:00,48.86100474861772,1.0115150012673912,0.9695660290227822,1.0443518781477976,0.023578527781975417,0.8014352796556652,0,0,7586.392754350372,True,6993.861919871637,0.5,0.0
2019-01-23 08:00:00+00:00,42.54386653428467,1.0167791129051105,0.982,1.046186456224713,0.022830975520299373,0.7890473613979491,0,0,7666.259762751241,True,6082.089685387508,0.5,0.0
2019-01-23 09:00:00+00:00,48.16196889405631,1.0159358472580904,0.982,1.0471543238907137,0.022625630820882092,1.5394945175161598,1,0,7737.20013591492,True,4949.141981512686,0.5,0.0
2019-01-23 10:00:00+00:00,66.85113111172674,1.0114229968139743,0.9742511263424602,1.0458316434444797,0.021673468670286886,2.244585006216225,4,0,7747.66114679863,True,4109.747678055644,0.5,0.0
2019-01-23 11:00:00+00:00,72.71408477381122,1.0100969916900202,0.9716068766735013,1.045613327081138,0.021624577805511268,2.4095033945341804,4,0,7708.653878123411,True,3875.655482014964,0.5,0.0
2019-01-23 12:00:00+00:00,58.318788307974,1.0144353513684672,0.9801916022014113,1.0472608948706714,0.021980664808448177,2.0152056987718536,3,0,7625.533176301563,True,4286.096725228348,0.5,0.0
2019-01-23 13:00:00+00:00,42.84686805559788,1.0184214767304205,0.982,1.0483618152473275,0.023414059460630143,1.3048422308268997,1,0,7535.780620681803,True,5078.525792597369,0.5,0.0
2019-01-23 14:00:00+00:00,41.747035803772064,1.0180928242273903,0.982,1.048043937589578,0.023244428500048493,0.7283948250861925,0,0,7442.130362162086,True,6155.082643734773,0.5,0.0
2019-01-23 15:00:00+00:00,47.91745170518667,1.0133809868453052,0.974265447318373,1.0461824789221157,0.023149381170350886,0.7924223440783188,0,0,7398.695030009219,True,6914.321807644252,0.5,0.0
2019-01-23 16:00:00+00:00,53.32428024099475,1.0064990498259543,0.9550411334430926,1.0413972346441986,0.025463167296652725,0.8055555555554992,0,0,7665.980705375904,True,7259.48617030129,0.5,0.0
2019-01-23 17:00:00+00:00,51.855560377575145,1.0081250230116305,0.959928883851765,1.0421688099379092,0.02476237796268478,0.8055555555555458,0,0,7628.775903802674,True,7171.031694500524,0.5,0.0
2019-01-23 18:00:00+00:00,49.89712408032946,1.0107370254474586,0.9668532342166121,1.0444227280491758,0.023995485508941733,0.8055555555555554,0,0,7485.565341577478,True,7043.017786767971,0.5,0.0
2019-01-23 19:00:00+00:00,47.9260523036627,1.0156124206356039,0.979621550330563,1.0486427015763258,0.022869378555034552,0.7720590863257071,0,0,7134.548701462069,True,6736.754303537376,0.5,0.0
2019-01-23 20:00:00+00:00,47.218134853705195,1.0188726973799216,0.982,1.0515389672420847,0.023551241757195664,0.7961439687039852,0,1,6816.774985284873,True,6464.123549353018,0.5,0.0
2019-01-23 21:00:00+00:00,44.919071380156126,1.0208066000536422,0.982,1.052831695738456,0.024412698448500744,0.7858989701286794,0,1,6604.119137664564,True,6281.8568839918225,0.5,0.0
2019-01-23 22:00:00+00:00,40.05928835683886,1.0243261140193487,0.982,1.0552730465282034,0.02678800651911699,0.7467813313572926,0,5,6211.829508690351,True,5920.8267358770045,0.5,0.0
2019-01-23 23:00:00+00:00,36.45914989040685,1.0267749735537928,0.982,1.0565614527727747,0.02899115646008601,0.7152240667294609,0,5,5955.073301644367,True,5685.111338952043,0.5,0.0
2019-01-24 00:00:00+00:00,34.296584342621045,1.0283421574838387,0.982,1.0577002869623524,0.030500978916183055,0.6891389094897938,0,5,5748.945985239581,True,5516.0598282952205,0.5,0.0
2019-01-24 01:00:00+00:00,32.935319883378824,1.0293380748213534,0.982,1.058760424576096,0.03145822613092998,0.6737491115982542,0,5,5607.997250830151,True,5393.587352591572,0.5,0.0
2019-01-24 02:00:00+00:00,33.18878351939781,1.0291691129953435,0.982,1.0586486582766697,0.03129659591943779,0.6693097666178088,0,5,5604.463224013984,True,5412.3900699214055,0.5,0.0
2019-01-24 03:00:00+00:00,34.49887797224107,1.0285509845043486,0.982,1.0582187636828142,0.03069953742845897,0.6792918635612734,0,5,5666.593615680873,True,5501.5320011541835,0.5,0.0
2019-01-24 04:00:00+00:00,37.28575320387675,1.026477171555665,0.982,1.0564447953508016,0.028709863904335615,0.7099337330934242,0,5,5927.956805038182,True,5785.956263951284,0.5,0.0
2019-01-24 05:00:00+00:00,47.55035896216653,1.019613684823106,0.982,1.0520118617737235,0.02368945106807643,0.7638774056071863,0,1,6640.260595556658,True,6516.759103807017,0.5,0.0
2019-01-24 06:00:00+00:00,50.176809620824066,1.0111783227435585,0.967138809394992,1.0455273259880464,0.024365825956351925,0.8055555555555548,0,0,7258.242552266171,True,7149.378096481293,0.5,0.0
2019-01-24 07:00:00+00:00,51.466884237822356,1.0085212118296822,0.9601542021979629,1.0432581417906528,0.025158908094378964,0.8471878897069725,0,0,7465.497283767687,True,7258.784112807699,0.5,0.0
2019-01-24 08:00:00+00:00,46.573899765291735,1.0139441827354017,0.9772044354052069,1.0458298613262333,0.02281285136339739,0.7851025638403933,0,0,7530.653545016727,True,6849.146717606005,0.5,0.0
2019-01-24 09:00:00+00:00,43.215046692889516,1.0169777064631915,0.982,1.0466668503642813,0.02272015056992282,0.7554721138481989,0,0,7614.99649443445,True,6227.512708225691,0.5,0.0
2019-01-24 10:00:00+00:00,41.88748585372114,1.0177283708584282,0.982,1.0465236131788427,0.023056482979095117,0.9524671703612091,0,0,7632.920983729444,True,5685.8469773302595,0.5,0.0
2019-01-24 11:00:00+00:00,42.0308876212212,1.018215243709208,0.982,1.0474120738064463,0.023269445514429984,1.1129630148277354,1,0,7573.474796533004,True,5427.280628461241,0.5,0.0
2019-01-24 12:00:00+00:00,41.22743335102277,1.018437264008716,0.982,1.0470024655581103,0.02331892869508939,0.8725807871371857,0,0,7544.8223021736,True,5714.628037257238,0.5,0.0
2019-01-24 13:00:00+00:00,43.091135403970036,1.0177704639768046,0.982,1.0480454703881856,0.023028165735997884,0.732917615165127,0,0,7463.562042924683,True,6244.566630926232,0.5,0.0
2019-01-24 14:00:00+00:00,47.471261011136,1.0141074282281852,0.9770234734896914,1.0468692411397889,0.02298836710753178,0.7897388507392903,0,0,7422.702200346786,True,6890.474435256344,0.5,0.0
2019-01-24 15:00:00+00:00,51.845217622694264,1.0090771093555462,0.9612599411772006,1.0443042636518416,0.025144378043883395,0.8511918217853989,0,0,7378.740417625524,True,7260.902452273021,0.5,0.0
2019-01-24 16:00:00+00:00,56.716092606027196,1.003154684445364,0.9440641344329468,1.0409766025203595,0.02735650828187181,0.9664190774879048,0,2,7545.555377708624,True,7513.630481001599,0.5,0.0
2019-01-24 17:00:00+00:00,56.622518765265994,1.0029476357669256,0.9433236997897125,1.0410342178418543,0.02747111644910344,0.9619973168438288,0,2,7547.8365808458,True,7510.761112780042,0.5,0.0
2019-01-24 18:00:00+00:00,53.493661009144766,1.0068207860500415,0.9544136259318777,1.043119614526475,0.026078855691841544,0.8897835043682738,0,0,7397.701758648395,True,7361.0532153244485,0.5,0.0
2019-01-24 19:00:00+00:00,48.77920848625112,1.0142994775381133,0.9759473216495936,1.0482392853320428,0.02342834532389649,0.8005627917696081,0,0,7017.615899429731,True,6986.171665168032,0.5,0.0
2019-01-24 20:00:00+00:00,48.713670973118454,1.0178765710927713,0.982,1.0512963440150251,0.023236381121903966,0.7666761404619876,0,1,6708.510851357521,True,6690.600387912631,0.5,0.0
2019-01-24 21:00:00+00:00,47.31557201167364,1.020332727980759,0.982,1.0529871514029128,0.024016596546995766,0.7827830858079596,0,1,6448.119560126866,True,6446.901820740462,0.5,0.0
2019-01-24 22:00:00+00:00,42.467529283507936,1.0237715175321416,0.982,1.055328058713873,0.02622655995236866,0.7683857359500061,0,4,6082.019539359615,True,6084.063436527513,0.5,0.0
2019-01-24 23:00:00+00:00,38.42984879721575,1.0261270350925007,0.982,1.0567010025162982,0.02835639075558217,0.7380225051957264,0,5,5834.858682319107,True,5827.12574135466,0.5,0.0
2019-01-25 00:00:00+00:00,35.885204668085564,1.0276543960728786,0.982,1.057620295799083,0.029828510875700116,0.7186972700658636,0,5,5663.658592836529,True,5648.951875211575,0.5,0.0
2019-01-25 01:00:00+00:00,34.57229379432702,1.0284939970304812,0.982,1.058387362399485,0.03064596859549357,0.6915060560349738,0,5,5556.003584777588,True,5534.806237967339,0.5,0.0
2019-01-25 02:00:00+00:00,33.17335729540888,1.0293579337393657,0.982,1.0587869033270163,0.0314908042272485,0.6747471512956881,0,5,5479.918394254345,True,5458.19546102068,0.5,0.0
2019-01-25 03:00:00+00:00,34.16222490178333,1.0287238418185403,0.982,1.0583987330226339,0.030889299632277538,0.6748403437631907,0,5,5561.4876508346715,True,5544.496514107914,0.5,0.0
2019-01-25 04:00:00+00:00,37.65983575019289,1.0262091695827529,0.982,1.0564567018448248,0.028464458269876848,0.7126660337218361,0,5,5864.777751953223,True,5850.847551037342,0.5,0.0
2019-01-25 05:00:00+00:00,47.480410403352394,1.0193198401667278,0.982,1.051893707456961,0.023522766834232413,0.7540899327635933,0,1,6597.693371682572,True,6579.6101441945775,0.5,0.0
2019-01-25 06:00:00+00:00,49.6133024463243,1.0120743421965546,0.9697748347864866,1.0461792880013145,0.024047665177998123,0.8055555555555555,0,0,7184.971089573701,True,7134.119963892956,0.5,0.0
2019-01-25 07:00:00+00:00,50.99781472799519,1.0095905245517234,0.9632030864223529,1.0439533547002575,0.024748279496724528,0.8386456872168906,0,0,7425.17763190171,True,7227.5057825175245,0.5,0.0
2019-01-25 08:00:00+00:00,46.74490330151091,1.0140238598708666,0.9772674752117545,1.0459888075345694,0.022778891911417687,0.7846262708639044,0,0,7532.115049242038,True,6845.164247638023,0.5,0.0
2019-01-25 09:00:00+00:00,42.94490004760046,1.0168200755421144,0.982,1.046610015424997,0.022755412521962882,0.7635126704225994,0,0,7630.221854465925,True,6200.328768628502,0.5,0.0
2019-01-25 10:00:00+00:00,41.12339697334014,1.018164943856454,0.982,1.0471531196331796,0.023220245020183845,1.0827489445702392,1,0,7606.1297729176495,True,5444.355570866508,0.5,0.0
2019-01-25 11:00:00+00:00,42.86624268717823,1.0181333315330006,0.982,1.0480376702758691,0.023249921095447552,1.3598841123526655,1,0,7560.625018859136,True,5018.819589803852,0.5,0.0
2019-01-25 12:00:00+00:00,40.89440145721126,1.019525547515632,0.982,1.0489857497678832,0.023876248088865452,1.2926620818208525,1,0,7417.860476151482,True,4947.823789897958,0.5,0.0
2019-01-25 13:00:00+00:00,37.337632054912795,1.0206709034239991,0.982,1.0493316791890184,0.024506544601682567,0.9187527447983179,0,0,7299.246121719077,True,5287.639172617036,0.5,0.0
2019-01-25 14:00:00+00:00,38.122786491984954,1.0203692581726855,0.982,1.0492209844743534,0.02429093237550564,0.6930675825166518,0,0,7184.692277942828,True,5848.868886937524,0.5,0.0
2019-01-25 15:00:00+00:00,43.31178753092921,1.0185638972799602,0.982,1.0489065119433056,0.023382491694190932,0.809180619248115,0,0,7138.860751113263,True,6310.897854947655,0.5,0.0
2019-01-25 16:00:00+00:00,47.82457044463386,1.0146314867488537,0.977891626919863,1.0459454773377885,0.02249401239754758,0.8243353460141422,0,0,7430.356514338961,True,6659.988957849581,0.5,0.0
2019-01-25 17:00:00+00:00,48.20911084103187,1.0146650930024335,0.9779187006682006,1.0459565612223063,0.02245781925494452,0.8817574345947548,0,0,7463.582897888561,True,6546.927320562747,0.5,0.0
2019-01-25 18:00:00+00:00,46.15230763120536,1.016184750790975,0.9804546521085976,1.0472420608486723,0.02279126699798398,0.9049730183184229,0,0,7313.8619506264085,True,6299.580118854477,0.5,0.0
2019-01-25 19:00:00+00:00,40.33223305886693,1.0202436888765325,0.982,1.049935444636981,0.024401199268183436,0.8674534607126246,0,0,6876.423107564767,True,5781.899298266914,0.5,0.0
2019-01-25 20:00:00+00:00,36.89844645899932,1.022806190103471,0.982,1.0518032198502463,0.02600123264383952,0.8321259894706722,0,4,6567.454241546486,True,5445.417136394706,0.5,0.0
2019-01-25 21:00:00+00:00,34.80432558828659,1.0241584919841757,0.982,1.0528174431277688,0.026894056543826633,0.8134038529984865,0,4,6406.506802269459,True,5297.2849096970185,0.5,0.0
2019-01-25 22:00:00+00:00,30.89588495201712,1.0268879541147975,0.982,1.0557415297995807,0.02918042580507728,0.7804029340031549,0,6,6078.21583275346,True,4962.527831463364,0.5,0.0
2019-01-25 23:00:00+00:00,28.027180411415376,1.0292981498481468,0.982,1.0587095721821054,0.03150836223410758,0.7511148719552863,0,6,5781.030997716617,True,4641.326743603212,0.5,0.0
2019-01-26 00:00:00+00:00,25.886780663103732,1.031245883127925,0.982,1.0610118458906552,0.03336664392680983,0.746710496689637,0,6,5546.636582822956,True,4367.175493520333,0.5,0.0
2019-01-26 01:00:00+00:00,24.57376879860712,1.0323978008149572,0.982,1.0626326089245481,0.03448004938787656,0.7499093220704488,0,7,5384.779840487137,True,4193.088863362864,0.5,0.0
2019-01-26 02:00:00+00:00,23.8777049119315,1.032864529471196,0.982,1.0633770173895967,0.03492524439037577,0.7373840406220569,0,7,5316.693210224027,True,4130.107709007443,0.5,0.0
2019-01-26 03:00:00+00:00,23.638226631768866,1.0331026421581806,0.982,1.0637536825518106,0.03515350259342996,0.713885392341764,0,7,5294.636610330312,True,4147.9857343558715,0.5,0.0
2019-01-26 04:00:00+00:00,22.792121325877545,1.0334604642317686,0.982,1.0637169845705954,0.03549869571326606,0.6939593731107281,0,7,5259.760229446494,True,4188.369469124558,0.5,0.0
2019-01-26 05:00:00+00:00,23.281767488117435,1.0330084144383598,0.982,1.0629308613270971,0.03506786086988449,0.7050118199030035,0,7,5316.996202815463,True,4218.085504057144,0.5,0.0
2019-01-26 06:00:00+00:00,26.012049387762524,1.0304987773246743,0.982,1.0599449122079725,0.032641735254692716,0.7343791855548392,0,6,5632.712372836828,True,4496.985717444826,0.5,0.0
2019-01-26 07:00:00+00:00,28.678260068085677,1.027747808613794,0.982,1.0565982590415306,0.030008850906803535,0.7465891060399126,0,6,5989.677339712496,True,4797.475743641769,0.5,0.0
2019-01-26 08:00:00+00:00,30.254969925690467,1.02584696735059,0.982,1.0545021694717076,0.028179691503201144,0.7690402505754661,0,5,6336.501999428276,True,4854.586605293653,0.5,0.0
2019-01-26 09:00:00+00:00,30.443255136229297,1.025304427250748,0.982,1.053737781728996,0.027670653795746115,0.883780202381823,0,5,6511.486532160898,True,4668.812620647595,0.5,0.0
2019-01-26 10:00:00+00:00,31.752945521786526,1.0251655858033777,0.982,1.053623459140136,0.027526491677712494,1.0485816568802075,2,4,6549.743121509126,True,4270.420763091626,0.5,0.0
2019-01-26 11:00:00+00:00,34.43322313320703,1.0252879342833132,0.982,1.0540280783566998,0.027665064051136213,1.3195396510600506,2,4,6481.036605510942,True,3868.883745010663,0.5,0.0
2019-01-26 12:00:00+00:00,35.2908940160894,1.0265571709128891,0.982,1.0553138625609615,0.02889805632177687,1.449407819058892,2,5,6257.293059731652,True,3506.974075667446,0.5,0.0
2019-01-26 13:00:00+00:00,31.57666307336314,1.0278674888015884,0.982,1.0567314901629656,0.03016192773835998,1.2571047672429976,2,5,6141.010271467161,True,3635.907491325441,0.5,0.0
2019-01-26 14:00:00+00:00,27.71506794211079,1.028413096344273,0.982,1.0572321182670363,0.0306753368554343,0.9368669381957876,0,6,6075.061995971532,True,4162.549700963227,0.5,0.0
2019-01-26 15:00:00+00:00,29.36303246382763,1.0272225146124334,0.982,1.0558689286184249,0.029493380678787443,0.8134277631528016,0,6,6083.126537253896,True,4640.31364178847,0.5,0.0
2019-01-26 16:00:00+00:00,33.880512971018824,1.024166422925236,0.982,1.0524330197209097,0.026867494376399962,0.8581628546924582,0,4,6399.25555818988,True,5070.439340805684,0.5,0.0
2019-01-26 17:00:00+00:00,35.32776954929224,1.02345162051142,0.982,1.052036779250643,0.02636917908331551,0.9074964596944568,0,4,6470.152097899268,True,5058.338790569092,0.5,0.0
2019-01-26 18:00:00+00:00,33.70559988256164,1.0251020111778495,0.982,1.0540610776990393,0.027609394275773056,0.9422146891058812,0,5,6249.663422033936,True,4760.059341930296,0.5,0.0
2019-01-26 19:00:00+00:00,31.300565136670237,1.0277556367097047,0.982,1.0570989305397631,0.029983970040494506,0.9836501978106059,0,6,5884.952950442166,True,4319.457664863926,0.5,0.0
2019-01-26 20:00:00+00:00,31.014391600021735,1.028796384514434,0.982,1.0586235312875691,0.03100731520564131,1.0305779986761128,1,6,5705.88585326524,True,4083.8356963597444,0.5,0.0
2019-01-26 21:00:00+00:00,30.036442681754313,1.029644031351657,0.982,1.0593092574636416,0.031809529909982676,1.025859256714513,2,6,5597.733857002875,True,3960.6073856573053,0.5,0.0
2019-01-26 22:00:00+00:00,28.448575474159945,1.0318640177661145,0.982,1.0615031395990087,0.03394887059599502,1.0460535990582214,2,6,5277.092564941018,True,3601.4479945783987,0.5,0.0
2019-01-26 23:00:00+00:00,27.795731989536286,1.0334792697348603,0.982,1.063082014733983,0.03549759692753201,1.07735301603136,2,8,5037.638633165816,True,3320.3561478677784,0.5,0.0
2019-01-27 00:00:00+00:00,26.49715623993407,1.0348259527695187,0.982,1.0648409526217497,0.03679858276753578,1.0728989409134349,2,8,4835.790405093861,True,3122.7613552471516,0.5,0.0
2019-01-27 01:00:00+00:00,26.061164958371982,1.0358078241567243,0.982,1.0661265394255144,0.037741114264361254,1.0881929503674141,2,8,4675.379761716793,True,2937.4609184441956,0.5,0.0
2019-01-27 02:00:00+00:00,26.47146858220066,1.0358410642167406,0.982,1.0664080984475426,0.037767234482070484,1.1109175497359194,2,8,4636.976426228604,True,2854.2408290427843,0.5,0.0
2019-01-27 03:00:00+00:00,26.999196504571476,1.0355707735263275,0.982,1.0662203380786062,0.037498318377100825,1.1267844493915644,2,8,4660.772718736344,True,2845.8766037496475,0.5,0.0
2019-01-27 04:00:00+00:00,26.33904694221395,1.0359757469264288,0.982,1.0663517592558165,0.03789599866013211,1.117667890723811,2,9,4604.701755856026,True,2816.593636570673,0.5,0.0
2019-01-27 05:00:00+00:00,25.829000774720008,1.036621203236253,0.982,1.0667946609841414,0.03851908055869139,1.1134566629913782,2,10,4525.356760773611,True,2757.761379306711,0.5,0.0
2019-01-27 06:00:00+00:00,25.986086088643432,1.035415618764615,0.982,1.065262337357839,0.037353347606781565,1.0862188830738664,2,8,4741.499926754066,True,3009.4987343569546,0.5,0.0
2019-01-27 07:00:00+00:00,26.50421652394935,1.0342480437238168,0.982,1.0632778177200355,0.03622808555608736,1.106340733588278,2,8,4983.68198818801,True,3129.481717908578,0.5,0.0
2019-01-27 08:00:00+00:00,32.144937933581836,1.0317464987535747,0.982,1.0604992311210246,0.033833904446765165,1.3012428964158345,2,6,5342.657162058032,True,2832.3568534172496,0.5,0.0
2019-01-27 09:00:00+00:00,44.836428499362206,1.0283285239833846,0.982,1.0567805041698684,0.030546141940148503,1.7937714437087242,2,5,5544.86642463737,True,2321.9968144715003,0.5,0.0
2019-01-27 10:00:00+00:00,65.05684023011214,1.0224417287419452,0.982,1.0525955191250442,0.024850443296582637,2.354812371664729,2,2,5795.259393811975,True,1868.3443390676057,0.5,0.0
2019-01-27 11:00:00+00:00,83.86921384333272,1.0179845652763855,0.982,1.0501767304178131,0.021449715404166146,2.7562246160852157,2,1,5801.537850908197,True,1408.0487197511336,0.5,0.0
2019-01-27 12:00:00+00:00,77.43254697374093,1.0212411779238801,0.982,1.0518216836412186,0.023700816160000897,2.762366198476124,2,2,5573.918758295293,True,1078.984691543575,0.5,0.0
2019-01-27 13:00:00+00:00,61.71898768693918,1.0252691291848224,0.982,1.054731866984726,0.02760610531314704,2.4022392534867567,2,3,5453.624250200723,True,1565.3095129492342,0.5,0.0
2019-01-27 14:00:00+00:00,29.234376729848442,1.0325810962577413,0.982,1.0612288142561956,0.03469857285854521,1.3825995919671468,2,6,5391.1202246675,True,2791.3888685311535,0.5,0.0
2019-01-27 15:00:00+00:00,22.96233544160815,1.0325381187575486,0.982,1.0616636266681678,0.034631680774428,0.8256777491960706,0,6,5448.527209740117,True,3912.6290296332254,0.5,0.0
2019-01-27 16:00:00+00:00,27.436583247150093,1.029029216107902,0.982,1.057277368691136,0.03122012249881506,0.7828033358577349,0,6,5818.1707869959,True,4612.266089701501,0.5,0.0
2019-01-27 17:00:00+00:00,29.529932326651142,1.0277025884853204,0.982,1.0556130236239991,0.02993467873051323,0.8208541250629611,0,6,5989.86198742487,True,4722.966113229018,0.5,0.0
2019-01-27 18:00:00+00:00,29.12602971981712,1.0281887359772246,0.982,1.0566617128456155,0.03040961167409013,0.8323835110136284,0,6,5910.881278815572,True,4613.638070816133,0.5,0.0
2019-01-27 19:00:00+00:00,27.423685800577086,1.029736431093281,0.982,1.0590909901557635,0.03190614142922502,0.8205390310303821,0,6,5703.062267279053,True,4404.802918991965,0.5,0.0
2019-01-27 20:00:00+00:00,26.52187311999169,1.031026520868115,0.982,1.060838911176001,0.03315461931298581,0.8109982240636939,0,6,5551.250948446178,True,4261.259963282505,0.5,0.0
2019-01-27 21:00:00+00:00,26.669237115728876,1.0309072232283396,0.982,1.0605724010891289,0.033029243941421656,0.7927557374775153,0,6,5583.859079042717,True,4309.735759253076,0.5,0.0
2019-01-27 22:00:00+00:00,24.453915726886763,1.033243472988823,0.982,1.0634695315639706,0.03527627519144201,0.7667123481194634,0,8,5297.860231950144,True,4043.4801069826117,0.5,0.0
2019-01-27 23:00:00+00:00,22.434606136714166,1.0350882532371388,0.982,1.065476122721765,0.03705980376803369,0.7523055101743846,0,8,5060.606587293268,True,3841.6364417314926,0.5,0.0
2019-01-28 00:00:00+00:00,21.038882829814867,1.0361579093645052,0.982,1.0668015823348842,0.038091270529086896,0.7612576826959359,0,10,4891.777927769066,True,3657.1265469336063,0.5,0.0
2019-01-28 01:00:00+00:00,20.66896774354583,1.0364079070018062,0.982,1.0672640776900864,0.03833537648676233,0.7625590224732042,0,10,4844.536372156419,True,3607.7683760815435,0.5,0.0
2019-01-28 02:00:00+00:00,20.944626219526548,1.0359303943295826,0.982,1.0669068212232704,0.03787572709866242,0.7462974946822343,0,10,4909.258525355261,True,3694.3504110773583,0.5,0.0
2019-01-28 03:00:00+00:00,22.048633295489367,1.0347090980353155,0.982,1.065578315764238,0.03670208207338188,0.7094937912824953,0,8,5088.689719674907,True,3939.5759002876157,0.5,0.0
2019-01-28 04:00:00+00:00,24.7782967157954,1.0323195583180778,0.982,1.0620610605033967,0.03439065057561246,0.7225611081086192,0,6,5441.352542365178,True,4333.707700508983,0.5,0.0
2019-01-28 05:00:00+00:00,34.03149165856287,1.025226367640011,0.982,1.0535640929265249,0.027703596352323518,0.8197134702593968,0,5,6322.84726719303,True,5184.219134608977,0.5,0.0
2019-01-28 06:00:00+00:00,43.04225344724462,1.018775389707094,0.982,1.0485923183372585,0.023776073388895907,0.8980772536282883,0,0,7070.292555683354,True,5938.620617498908,0.5,0.0
2019-01-28 07:00:00+00:00,43.584773860621695,1.0178001911076353,0.982,1.0468650356240095,0.023310765590147713,0.8693689987377682,0,0,7315.202315422909,True,5907.64724461767,0.5,0.0
2019-01-28 08:00:00+00:00,42.97728662836676,1.0185973151320689,0.982,1.048410287308487,0.023403508951202745,1.1179820008259236,2,0,7411.082079186035,True,5035.8331977399375,0.5,0.0
2019-01-28 09:00:00+00:00,57.57150740659272,1.015482041482516,0.982,1.0475863962142153,0.02167660300848438,1.88904734952892,2,0,7490.047797357064,True,4071.298504606093,0.5,0.0
2019-01-28 10:00:00+00:00,84.63594356180461,1.0088503398836193,0.9719504900300927,1.0442542477761732,0.02013407683467679,2.581229968743802,2,0,7539.235108342226,True,3292.817636673971,0.5,0.0
2019-01-28 11:00:00+00:00,98.28384412725843,1.0050715210096008,0.9651536660756486,1.0426483607989931,0.02098622737109464,2.817464548258268,2,0,7574.551373764265,True,3020.9651858343927,0.5,0.0
2019-01-28 12:00:00+00:00,76.72447872375909,1.0104291607628857,0.9737187385779718,1.0455029375999676,0.020599541688981,2.3572251128176425,2,0,7584.409820514235,True,3550.4165947062947,0.5,0.0
2019-01-28 13:00:00+00:00,56.13745407056551,1.0156843141617269,0.982,1.0479714928676112,0.021930507402236957,1.7232818279323063,2,0,7498.713146443426,True,4233.481517008233,0.5,0.0
2019-01-28 14:00:00+00:00,45.58351478707337,1.0178237779839987,0.982,1.0483977727016283,0.023192354007936355,1.168576386512517,1,0,7414.439629850627,True,5068.157442370357,0.5,0.0
2019-01-28 15:00:00+00:00,46.05270015577038,1.0170146452211555,0.9816369187657902,1.0471420418813329,0.023066176170100237,0.9788898152193781,0,0,7337.7872166166635,True,5654.365651134727,0.5,0.0
2019-01-28 16:00:00+00:00,49.7018620209999,1.0144825561941602,0.9764224863320959,1.0447050716895514,0.022587939429128564,0.9612599149471289,0,0,7527.815623028888,True,6105.759720615628,0.5,0.0
2019-01-28 17:00:00+00:00,49.12693449213447,1.014622881480421,0.976931847523075,1.0447559119250487,0.02258162019728843,0.9498548576779433,0,0,7505.602922192318,True,6154.250626753234,0.5,0.0
2019-01-28 18:00:00+00:00,46.7119912215383,1.0162527804205177,0.9797475359719677,1.0463764323368427,0.022941846033539437,0.9405371373536009,0,0,7326.391452040586,True,5999.074244221382,0.5,0.0
2019-01-28 19:00:00+00:00,41.560064993492546,1.0198928939099556,0.982,1.0492361428220567,0.02427846531881019,0.8976194552008219,0,0,6924.99825680349,True,5627.275979374124,0.5,0.0
2019-01-28 20:00:00+00:00,37.69916574106925,1.0229795627810334,0.982,1.051712378288814,0.02612303295393801,0.8588953584757134,0,4,6576.246438288479,True,5327.251412645986,0.5,0.0
2019-01-28 21:00:00+00:00,34.513242171198954,1.0250901429031933,0.982,1.053627083938614,0.0276106765690807,0.8259028250176225,0,5,6334.022221349211,True,5129.501233458336,0.5,0.0
2019-01-28 22:00:00+00:00,30.272548679726142,1.0285808794718236,0.982,1.057669327695013,0.030792399086384065,0.7883128227050771,0,6,5920.652640601613,True,4723.743567401315,0.5,0.0
2019-01-28 23:00:00+00:00,27.438497853124066,1.0309581372955672,0.982,1.0608829752776172,0.03307181569963113,0.7658590368300024,0,6,5617.464293288672,True,4409.673872127642,0.5,0.0
2019-01-29 00:00:00+00:00,25.68192740104795,1.0322375578316063,0.982,1.0626803859962914,0.03430636614461481,0.7478929091953563,0,7,5430.066234439737,True,4197.9992872807425,0.5,0.0
2019-01-29 01:00:00+00:00,24.67574320430397,1.0329214952060015,0.982,1.0637528001783327,0.034962923845078986,0.7385464122781266,0,7,5332.653351382165,True,4119.480125342594,0.5,0.0
2019-01-29 02:00:00+00:00,24.76684577545273,1.0328240957682773,0.982,1.0636224440601252,0.034866797521185745,0.7402856429856504,0,7,5348.174063586656,True,4141.267772802569,0.5,0.0
2019-01-29 03:00:00+00:00,25.754767919230968,1.031914391354718,0.982,1.0626478241291073,0.033982494245527586,0.7545234631930935,0,7,5472.028402513012,True,4302.853119237044,0.5,0.0
2019-01-29 04:00:00+00:00,28.62595905729537,1.0294658627332016,0.982,1.0591850436497485,0.03163152904715486,0.7740595568050028,0,6,5799.574610272942,True,4697.399366614743,0.5,0.0
2019-01-29 05:00:00+00:00,37.25730958233285,1.022875515170118,0.982,1.0520917869082482,0.02598610170082779,0.8395408451136775,0,4,6585.873041364986,True,5583.718995530234,0.5,0.0
2019-01-29 06:00:00+00:00,45.661127489469216,1.0174339686530174,0.982,1.0483491042555209,0.02320640860369878,0.8954972539189593,0,0,7197.170489611385,True,6273.013613400601,0.5,0.0
2019-01-29 07:00:00+00:00,45.309166026783736,1.016900438957391,0.982,1.0473029355847479,0.022929887721013932,0.8599695643140209,0,0,7388.210290593011,True,6281.94041778085,0.5,0.0
2019-01-29 08:00:00+00:00,40.085474518746814,1.0187080166206162,0.982,1.04765178639095,0.02363731865019088,0.7780029104161641,0,0,7472.876573029691,True,5619.360491128937,0.5,0.0
2019-01-29 09:00:00+00:00,49.43894417555498,1.0177250677831142,0.982,1.048456609153878,0.02285899538555299,1.717921594088918,2,0,7457.78100163645,True,4359.785077503334,0.5,0.0
2019-01-29 10:00:00+00:00,95.16862496159871,1.0059160430127834,0.9654594391121865,1.0431767148567153,0.021094420178543564,2.8872182291476705,4,0,7492.363981406641,True,2969.8111099728403,0.5,0.0
2019-01-29 11:00:00+00:00,140.26354558401175,0.9943174553494029,0.9436271412026835,1.0400000000000003,0.027897465572570772,3.512530025511457,6,3,7395.642414560515,True,2166.252416777345,0.5,0.0
2019-01-29 12:00:00+00:00,142.2380360230444,0.994195367538286,0.9430343456561242,1.04,0.028030393447994715,3.5326281946117963,6,3,7342.8212896729965,True,2097.2078182014093,0.5,0.0
2019-01-29 13:00:00+00:00,85.95327796692395,1.0099068937026174,0.9725303295510428,1.0458755561689734,0.02066908083805756,2.75450694367455,3,0,7248.9826189943815,True,2928.337233615453,0.5,0.0
2019-01-29 14:00:00+00:00,41.558339024494266,1.0209572535083267,0.982,1.0506390232090494,0.02455906866786045,1.4996814702516155,2,1,7176.561347669742,True,4423.238078676008,0.5,0.0
2019-01-29 15:00:00+00:00,37.63580267962116,1.0212800860788669,0.982,1.0499565036028013,0.02472502895905487,0.7017852635255656,0,0,7040.78825911521,True,5869.8757478063835,0.5,0.0
2019-01-29 16:00:00+00:00,46.87284620664386,1.0160251085666785,0.9813373240331419,1.0471518816874261,0.022521264708966766,0.79496980924573,0,0,7284.8269237178765,True,6650.127726549976,0.5,0.0
2019-01-29 17:00:00+00:00,47.87940849869376,1.0148719329129103,0.9784560448170891,1.0461588073621857,0.02248631314114336,0.8010867966812343,0,0,7400.772099566505,True,6692.5798703473265,0.5,0.0
2019-01-29 18:00:00+00:00,46.83114790785289,1.0165313210634344,0.9817702619612743,1.0475079175104014,0.022759262885132598,0.8795480098368587,0,0,7286.614237324406,True,6444.063096540538,0.5,0.0
2019-01-29 19:00:00+00:00,42.034565293955865,1.0197703535340468,0.982,1.0497952930656995,0.024085579290237514,0.8660395290414795,0,0,6949.031447257639,True,6038.365843308414,0.5,0.0
2019-01-29 20:00:00+00:00,37.216607519180926,1.0235856527104867,0.982,1.0524377761865702,0.026389703373808217,0.8264697268305952,0,4,6538.37748226461,True,5631.377892713029,0.5,0.0
2019-01-29 21:00:00+00:00,33.931977471509526,1.0259322137293503,0.982,1.053843859509299,0.02822646297565412,0.7934020856553264,0,5,6273.885538971682,True,5389.739439521262,0.5,0.0
2019-01-29 22:00:00+00:00,29.734653161858567,1.0291461309586942,0.982,1.0579796878704952,0.03132468431710233,0.7592223538143327,0,6,5882.828284167834,True,4987.99711698179,0.5,0.0
2019-01-29 23:00:00+00:00,26.911772250138437,1.0310480773589097,0.982,1.060347544698995,0.03315929551626556,0.7312300822512037,0,6,5638.438793851141,True,4734.421766624071,0.5,0.0
2019-01-30 00:00:00+00:00,25.07456117886938,1.032329549954735,0.982,1.0617399222753596,0.034398454487693075,0.7104002148191492,0,6,5476.417177942051,True,4552.721645222315,0.5,0.0
2019-01-30 01:00:00+00:00,24.21880536405376,1.0328875429321671,0.982,1.062679551608337,0.034932813958962736,0.7069098736586469,0,7,5390.475398249795,True,4432.612042508862,0.5,0.0
2019-01-30 02:00:00+00:00,24.14392832780566,1.032783454989018,0.982,1.0626215759027484,0.03483541751994472,0.7080315731116334,0,7,5392.620929943666,True,4401.557776405081,0.5,0.0
2019-01-30 03:00:00+00:00,25.27740425110595,1.0319719128250118,0.982,1.0617298732534446,0.03405606451882037,0.7239557915838387,0,6,5495.977154489933,True,4470.240123735208,0.5,0.0
2019-01-30 04:00:00+00:00,28.50437159006064,1.0293173669432854,0.982,1.0580758604800962,0.03150111787559523,0.7567666147888795,0,6,5839.473203073154,True,4776.726653986754,0.5,0.0
2019-01-30 05:00:00+00:00,37.03693533288792,1.023166638277791,0.982,1.05138268783659,0.02614764503793195,0.8384035547677463,0,4,6587.129967707739,True,5486.378899712554,0.5,0.0
2019-01-30 06:00:00+00:00,44.15985881871279,1.0186416377874132,0.982,1.0477768333597115,0.023583260832612186,0.905305539028813,0,0,7136.838238445747,True,5997.088604013158,0.5,0.0
2019-01-30 07:00:00+00:00,42.65574720884148,1.0188851173091105,0.982,1.0471458816125514,0.023599836116630787,0.8554226784720514,0,0,7306.85071702521,True,5727.944106584806,0.5,0.0
2019-01-30 08:00:00+00:00,45.93270671417544,1.019659120747641,0.982,1.0487924078074444,0.023649155723725675,1.381063738339111,2,0,7301.431643724114,True,4560.602143965436,0.5,0.0
2019-01-30 09:00:00+00:00,74.1458618728656,1.012486508857529,0.9786902868106171,1.0457456732944794,0.02044894632689655,2.3734055613744616,2,0,7422.05472411251,True,3477.942200643996,0.5,0.0
2019-01-30 10:00:00+00:00,141.504749529645,0.994329769283165,0.9461681259636477,1.0400000000000003,0.027375918466966336,3.4314759285880236,4,3,7506.974190869305,True,2299.577779783312,0.5,0.0
2019-01-30 11:00:00+00:00,211.60876360220513,0.974297020365737,0.9074082171515556,1.04,0.04164899851815693,4.038656634020343,8,15,7502.3331711115825,True,1596.7123190946422,0.5,0.0
2019-01-30 12:00:00+00:00,136.47146354516485,0.9951885769304639,0.9464251076256209,1.0400000000000003,0.02701697390701736,3.3546026070200328,3,3,7543.44987191696,True,2348.598921799079,0.5,0.0
2019-01-30 13:00:00+00:00,68.21907854819968,1.013491407921374,0.979372069949843,1.0472856785064382,0.021068105634699266,2.2192369785048673,2,0,7410.37299849605,True,3573.238695168928,0.5,0.0
2019-01-30 14:00:00+00:00,43.776489550503406,1.0195683112163385,0.982,1.0494229129927808,0.023794911421086442,1.1905668721328566,2,0,7273.129254299392,True,4745.667735644423,0.5,0.0
2019-01-30 15:00:00+00:00,42.6729472915989,1.0190224139904949,0.982,1.0478975496197336,0.02373135726993611,0.8724381011358743,0,0,7177.540949760606,True,5657.00336594622,0.5,0.0
2019-01-30 16:00:00+00:00,47.40193540138798,1.0161135646231998,0.9800101050718002,1.0452874828199397,0.022700675521166783,0.9419006407070698,0,0,7393.502460920533,True,6067.4738929488285,0.5,0.0
2019-01-30 17:00:00+00:00,48.20784876954883,1.0155588576548609,0.9786628617948167,1.0450886079155772,0.022629227852273864,0.9530032325291236,0,0,7447.474778722834,True,6125.209210906248,0.5,0.0
2019-01-30 18:00:00+00:00,46.38657492234521,1.0167251754139177,0.9805888530564162,1.0464580811560724,0.023078565873382542,0.9462368821614398,0,0,7310.1099177085825,True,6017.151768059747,0.5,0.0
2019-01-30 19:00:00+00:00,41.410055244784495,1.0204077909172171,0.982,1.0494612350087018,0.024481506606782142,0.8956343368598874,0,0,6903.627794261117,True,5692.716221850276,0.5,0.0
2019-01-30 20:00:00+00:00,37.70419246654316,1.0231195668297208,0.982,1.051989375934476,0.02616765322432318,0.8517573486487943,0,4,6583.787767356418,True,5496.429914753509,0.5,0.0
2019-01-30 21:00:00+00:00,34.38262588096211,1.0252810033195363,0.982,1.053471003804294,0.0277063274705679,0.8074744658988708,0,5,6331.906293466975,True,5358.131020242448,0.5,0.0
2019-01-30 22:00:00+00:00,30.017379454717087,1.0286082766302729,0.982,1.0574942458901133,0.03081766183767959,0.7595420770036507,0,6,5927.219131272459,True,5024.311482503511,0.5,0.0
2019-01-30 23:00:00+00:00,27.182275266616077,1.0308041271050012,0.982,1.0600369808594863,0.03291827883399389,0.7268658995831265,0,6,5659.962004793791,True,4827.518276120454,0.5,0.0
2019-01-31 00:00:00+00:00,25.416944223249338,1.032194106708966,0.982,1.0617646224240764,0.03425969262328623,0.6972643558192445,0,6,5471.084201168168,True,4717.472877089371,0.5,0.0
