timestamp,losses_mw,vm_mean,vm_min,vm_max,voltage_deviation_pu,max_line_loading,n_overloaded_lines,n_voltage_violations,total_load_mw,converged,ev_soc_mean,ev_p_total
2019-01-01 00:00:00+00:00,19.526866570384477,1.0440616993811578,0.982,1.074483305729302,0.04594375066320903,0.9477379269756218,0,16,4207.2643268392085,True,0.5,0.0
2019-01-01 01:00:00+00:00,19.12117601095142,1.0447099669694428,0.982,1.075720930321221,0.04659201825149426,0.9547254167148064,0,16,4058.7755091979243,True,0.5,0.0
2019-01-01 02:00:00+00:00,20.450092621693337,1.0450893882371641,0.982,1.0760561484068059,0.046971439519215244,1.0193465767506233,1,17,3939.2702026693996,True,0.5,0.0
2019-01-01 03:00:00+00:00,22.697419635527943,1.0445824119887703,0.982,1.075587283197815,0.04646446327082142,1.095489581044383,2,16,3936.577810614589,True,0.5,0.0
2019-01-01 04:00:00+00:00,24.53654876868575,1.0443822898743302,0.982,1.074723129952709,0.04626434115638151,1.1611555150028774,2,17,3909.7613648816036,True,0.5,0.0
2019-01-01 05:00:00+00:00,26.208316369762898,1.0442986705259456,0.982,1.074229912945113,0.046180721807997004,1.2172591260324221,2,17,3860.679846758464,True,0.5,0.0
2019-01-01 06:00:00+00:00,27.710565606826083,1.043655993721859,0.982,1.0732000855787418,0.04553804500391024,1.2573096244659627,2,16,3918.997314029536,True,0.5,0.0
2019-01-01 07:00:00+00:00,29.539608016480198,1.043007803644946,0.982,1.0718337383451932,0.04488985492699722,1.311082644904563,2,16,3962.4923308867706,True,0.5,0.0
2019-01-01 08:00:00+00:00,32.384993311341134,1.0411377734307012,0.982,1.0691731772614423,0.04301982471275242,1.3908634700709837,3,16,4243.3075273418435,True,0.5,0.0
2019-01-01 09:00:00+00:00,43.80582514244637,1.0376433372792828,0.982,1.063648246583172,0.03954665581695763,1.6199637453986344,3,11,4489.850944385337,True,0.5,0.0
2019-01-01 10:00:00+00:00,60.42569062636029,1.0324803734405994,0.982,1.0636000000000003,0.03453757194513154,1.9536147937407358,3,8,4791.043461155995,True,0.5,0.0
2019-01-01 11:00:00+00:00,63.38793576426676,1.030778997094128,0.982,1.0636000000000003,0.03289208637630395,2.0256555717384557,3,8,4977.9638378007885,True,0.5,0.0
2019-01-01 12:00:00+00:00,61.38532228394243,1.0314080157710066,0.982,1.0635999999999999,0.033503632155025144,1.9363810896676454,3,8,4938.223261992779,True,0.5,0.0
2019-01-01 13:00:00+00:00,50.899875501782155,1.0334770018422597,0.982,1.0636,0.0355080768913172,1.731210352598039,3,8,4913.129811627016,True,0.5,0.0
2019-01-01 14:00:00+00:00,41.75865280093009,1.0347888554067306,0.982,1.0636,0.03677160516571927,1.5412712600765965,3,10,4934.108528392197,True,0.5,0.0
2019-01-01 15:00:00+00:00,41.67235078352581,1.033451692792161,0.982,1.0636,0.03545117115798887,1.4966630137828212,2,9,5111.530284756181,True,0.5,0.0
2019-01-01 16:00:00+00:00,44.34882619563361,1.0310408457957354,0.982,1.0635999999999999,0.03311412134936261,1.5182620842035688,2,9,5431.9481214181405,True,0.5,0.0
2019-01-01 17:00:00+00:00,44.731056421844826,1.0305161136716663,0.982,1.0636000000000008,0.03261946655954431,1.5161457388527606,2,9,5490.714626617992,True,0.5,0.0
2019-01-01 18:00:00+00:00,43.07370949075418,1.0309939962350445,0.982,1.0636000000000003,0.03309077731366423,1.485878429905628,2,9,5435.7908000543475,True,0.5,0.0
2019-01-01 19:00:00+00:00,41.90116992107381,1.032490259454071,0.982,1.0636000000000005,0.03453971871255927,1.4802351475692772,2,9,5220.000495887898,True,0.5,0.0
2019-01-01 20:00:00+00:00,41.174688230421296,1.033900756050564,0.982,1.0635999999999999,0.035913165099293175,1.4731954607221613,2,10,5036.750214307851,True,0.5,0.0
2019-01-01 21:00:00+00:00,38.93550044729548,1.0350484428900943,0.982,1.0636159293882874,0.03701562752432679,1.4347686943469316,2,11,4951.751984769671,True,0.5,0.0
2019-01-01 22:00:00+00:00,37.27410642739103,1.0371313054115319,0.982,1.0660354661185818,0.039017686157630516,1.423387376327317,2,13,4676.284484249464,True,0.5,0.0
2019-01-01 23:00:00+00:00,33.30156960492158,1.0390934684449558,0.982,1.0687277143765017,0.040975519727007005,1.3418212538166332,2,15,4500.289559006105,True,0.5,0.0
2019-01-02 00:00:00+00:00,31.050575825924543,1.040214539194008,0.982,1.070224219362923,0.04209659047605918,1.3016057017923606,2,16,4338.148452994334,True,0.5,0.0
2019-01-02 01:00:00+00:00,30.0725277180081,1.0406409333690994,0.982,1.0710161918234944,0.042522984651150404,1.2762676645862778,2,16,4290.202786760663,True,0.5,0.0
2019-01-02 02:00:00+00:00,30.26026639421336,1.0409242625810606,0.982,1.0709878127332613,0.0428063138631118,1.2732527899741168,2,16,4254.002932933427,True,0.5,0.0
2019-01-02 03:00:00+00:00,30.978503628238357,1.0398061272783035,0.982,1.0700337926364913,0.04168817856035473,1.2757202563255536,2,16,4428.664898711964,True,0.5,0.0
2019-01-02 04:00:00+00:00,33.999887911401075,1.0375130621510193,0.982,1.0670566719005632,0.039444809847992174,1.3231264827235703,2,12,4716.317473786792,True,0.5,0.0
2019-01-02 05:00:00+00:00,37.93591469395544,1.0331261657642643,0.982,1.0635999999999997,0.035200713814104355,1.355502656719997,2,9,5304.592949211314,True,0.5,0.0
2019-01-02 06:00:00+00:00,41.314328325827546,1.0292591840355432,0.982,1.0636000000000003,0.031467624544503914,1.3592765818940775,2,9,5849.02441503919,True,0.5,0.0
2019-01-02 07:00:00+00:00,42.297230276454464,1.0274045817155382,0.982,1.0636000000000003,0.030003036277215518,1.333967711068351,2,8,6177.309075355394,True,0.5,0.0
2019-01-02 08:00:00+00:00,49.295754306329336,1.026061268794867,0.982,1.0635999999999999,0.028723460533552993,1.5819555231710487,3,7,6378.660302019243,True,0.5,0.0
2019-01-02 09:00:00+00:00,98.94843728498948,1.0141869840697295,0.9792532916185304,1.0636,0.022181411304476546,2.7662489441274976,3,1,6523.337805587276,True,0.5,0.0
2019-01-02 10:00:00+00:00,133.67687423073664,1.0050531101981737,0.9642795841560832,1.0636000000000005,0.02339583439812376,3.4926966209712456,4,1,6641.470777886624,True,0.5,0.0
2019-01-02 11:00:00+00:00,135.54310585967525,1.0044218472628388,0.9626298274197699,1.0636,0.02377996635514855,3.5388919270417447,4,1,6675.893677950953,True,0.5,0.0
2019-01-02 12:00:00+00:00,130.04134703599084,1.0062646276391785,0.9660120825970933,1.0636000000000003,0.022896527431612756,3.461225960178966,3,1,6591.812293989571,True,0.5,0.0
2019-01-02 13:00:00+00:00,92.5010858639296,1.0165013234246392,0.982,1.0636,0.022693199092009946,2.737226424542615,2,1,6427.415835258569,True,0.5,0.0
2019-01-02 14:00:00+00:00,39.2673499285535,1.028148534062707,0.982,1.0636,0.030470965030424353,1.3304459207260637,2,9,6430.974373176506,True,0.5,0.0
2019-01-02 15:00:00+00:00,36.6336875732552,1.0270096169066785,0.982,1.0636,0.029781588753536717,0.9778951482378078,0,8,6521.034900054082,True,0.5,0.0
2019-01-02 16:00:00+00:00,40.103903608224336,1.0236156088678523,0.982,1.0636,0.02760556712033841,0.935922697944491,0,4,6914.397851453557,True,0.5,0.0
2019-01-02 17:00:00+00:00,39.33200492408962,1.0238388751811978,0.982,1.0636000000000005,0.02772137171445971,0.889883837443344,0,6,6904.112281465346,True,0.5,0.0
2019-01-02 18:00:00+00:00,36.810813520703846,1.0256843567192777,0.982,1.0636000000000003,0.028892516568170715,0.862441176383437,0,8,6696.924103780704,True,0.5,0.0
2019-01-02 19:00:00+00:00,32.92302346195111,1.0286323430988276,0.982,1.0636,0.031047374933019515,0.8246799302172472,0,8,6345.085200151771,True,0.5,0.0
2019-01-02 20:00:00+00:00,30.026457296515506,1.0310926699359213,0.982,1.0636000000000003,0.03326521726157754,0.7908955243312871,0,9,6051.006769991158,True,0.5,0.0
2019-01-02 21:00:00+00:00,27.89315469034719,1.032817144885604,0.982,1.0635999999999999,0.034927099022820374,0.7607138462014288,0,9,5848.673425541228,True,0.5,0.0
2019-01-02 22:00:00+00:00,24.03142157727698,1.0362981499444204,0.982,1.0660132128691056,0.03830200876620675,0.7058927413900697,0,12,5417.942579556256,True,0.5,0.0
2019-01-02 23:00:00+00:00,21.05400573118994,1.038966232769835,0.982,1.0691921619769156,0.04087207912201701,0.6693728936702584,0,16,5077.289280924807,True,0.5,0.0
2019-01-03 00:00:00+00:00,19.84263745905293,1.0398667160283557,0.982,1.0702670441241418,0.041751586136246924,0.6487652894851915,0,16,4943.070856528018,True,0.5,0.0
2019-01-03 01:00:00+00:00,19.329508134050805,1.0401683129132562,0.982,1.0708402955661864,0.0420503641953073,0.6392590068413323,0,16,4885.027246097717,True,0.5,0.0
2019-01-03 02:00:00+00:00,19.094910967594963,1.040328090288451,0.982,1.0710000635084989,0.042210141570502055,0.6377386375666778,0,16,4860.218182232249,True,0.5,0.0
2019-01-03 03:00:00+00:00,19.79091237130146,1.0399585649134253,0.982,1.0705331400645024,0.04184566554841658,0.6508959150945686,0,16,4921.095143313869,True,0.5,0.0
2019-01-03 04:00:00+00:00,21.878338860909828,1.038083372345937,0.982,1.0680161529847567,0.04003684493834881,0.6798131816150599,0,14,5180.497443735432,True,0.5,0.0
2019-01-03 05:00:00+00:00,26.199291275361876,1.0342857319544674,0.982,1.0636000000000005,0.036383341630194216,0.7261554276656881,0,10,5672.888792066808,True,0.5,0.0
2019-01-03 06:00:00+00:00,30.934840800796017,1.0302311527932988,0.982,1.0636,0.03244729021553888,0.7794955998420617,0,9,6180.411747302674,True,0.5,0.0
2019-01-03 07:00:00+00:00,33.243516802966965,1.0278907413995035,0.982,1.0635999999999994,0.030396938308356408,0.7905624153719565,0,8,6505.065997837539,True,0.5,0.0
2019-01-03 08:00:00+00:00,30.63344140718855,1.0286927425558388,0.982,1.0636000000000003,0.030981592367929495,0.8608785284328716,0,8,6693.2806517359495,True,0.5,0.0
2019-01-03 09:00:00+00:00,41.16624506382689,1.0269947296436779,0.982,1.0636,0.029385162932713076,1.7306099496758027,2,7,6738.745723704599,True,0.5,0.0
2019-01-03 10:00:00+00:00,57.830194996076216,1.0223337495778502,0.982,1.0636,0.02628239517821157,2.282730529959383,2,5,6863.417890134779,True,0.5,0.0
2019-01-03 11:00:00+00:00,56.611431991690225,1.0224892988246201,0.982,1.0636,0.026439408051244475,2.251805881561005,2,5,6887.363946475142,True,0.5,0.0
2019-01-03 12:00:00+00:00,44.0598743665407,1.0261302535982328,0.982,1.0636,0.028711255543841095,1.886259028782503,2,7,6762.684272893349,True,0.5,0.0
2019-01-03 13:00:00+00:00,30.57551286396223,1.0294572317563795,0.982,1.0635999999999999,0.03174567015798661,1.1383233538415813,1,9,6660.97961125216,True,0.5,0.0
2019-01-03 14:00:00+00:00,32.518817406921784,1.0280454841787916,0.982,1.0636,0.03038681761429692,0.66141785817024,0,8,6592.18758110225,True,0.5,0.0
2019-01-03 15:00:00+00:00,40.20825154143713,1.024730229134892,0.982,1.0636,0.028028445849991337,0.775213055208848,0,3,6697.665671430191,True,0.5,0.0
2019-01-03 16:00:00+00:00,43.702431992342525,1.021782089622105,0.982,1.0636000000000003,0.026518089496514487,0.8046705741820303,0,2,7015.508979051993,True,0.5,0.0
2019-01-03 17:00:00+00:00,43.48649214859247,1.021810713093035,0.982,1.0636,0.026582135699858407,0.8104943552874262,0,2,7007.895568095963,True,0.5,0.0
2019-01-03 18:00:00+00:00,41.16370279104693,1.0237268566475353,0.982,1.0636,0.02746472396492834,0.8036958492302531,0,2,6803.333870398713,True,0.5,0.0
2019-01-03 19:00:00+00:00,36.821242510971786,1.0269241102088036,0.982,1.0636,0.029595448446239462,0.7716677656456555,0,8,6443.639694934531,True,0.5,0.0
2019-01-03 20:00:00+00:00,34.11559338499015,1.0292269527720503,0.982,1.0635999999999999,0.031464973835071956,0.7444233992292336,0,8,6163.713232818853,True,0.5,0.0
2019-01-03 21:00:00+00:00,31.80184380123598,1.0312556395867063,0.982,1.0636000000000003,0.03341373701071549,0.7144426669070696,0,9,5929.776979360462,True,0.5,0.0
2019-01-03 22:00:00+00:00,28.696596496540398,1.0337483197204085,0.982,1.0635999999999999,0.035823545700511265,0.6805999568960054,0,10,5602.710806033491,True,0.5,0.0
2019-01-03 23:00:00+00:00,24.752157898124295,1.036632953383673,0.982,1.066701767751296,0.03860331984444842,0.6450979585999697,0,12,5258.1055778015725,True,0.5,0.0
2019-01-04 00:00:00+00:00,21.27413589687708,1.0389952040967156,0.982,1.069489316600999,0.040894999041518276,0.6236657672477126,0,15,4997.504934720478,True,0.5,0.0
2019-01-04 01:00:00+00:00,20.407026729734653,1.0394663023663848,0.982,1.070419990073818,0.04134981504461145,0.633284912408395,0,16,4941.310575044193,True,0.5,0.0
2019-01-04 02:00:00+00:00,20.124424413817366,1.0395330820016175,0.982,1.0705287907743162,0.041425890845550976,0.6428805422096335,0,16,4946.908971918018,True,0.5,0.0
2019-01-04 03:00:00+00:00,20.756535605314227,1.0390544898970007,0.982,1.0699046553858134,0.0409692656677019,0.663474252482268,0,16,5027.173559705716,True,0.5,0.0
2019-01-04 04:00:00+00:00,22.328918765663143,1.037672672817294,0.982,1.0675955492993374,0.03964688795655315,0.6836318472135469,0,12,5228.832162081872,True,0.5,0.0
2019-01-04 05:00:00+00:00,26.8456569788002,1.0336710203925752,0.982,1.0635999999999999,0.035783582421448,0.7410884599767074,0,10,5747.416703798261,True,0.5,0.0
2019-01-04 06:00:00+00:00,32.45762715491532,1.028992995594346,0.982,1.0636,0.031277052982594485,0.8126562443860519,0,8,6322.021596982263,True,0.5,0.0
2019-01-04 07:00:00+00:00,35.62735850796317,1.0264338423451598,0.982,1.0635999999999999,0.029339341667782987,0.8381179638825542,0,8,6644.073234617963,True,0.5,0.0
2019-01-04 08:00:00+00:00,35.77851313922231,1.026034159702895,0.982,1.0635999999999999,0.029029942607279882,0.9448183524689853,0,8,6835.764289898182,True,0.5,0.0
2019-01-04 09:00:00+00:00,38.395133276656274,1.0258129337378876,0.982,1.0636,0.02870318161961552,1.1862656619558312,2,7,6913.704227645953,True,0.5,0.0
2019-01-04 10:00:00+00:00,44.247744931586865,1.0243354414476986,0.982,1.0636000000000005,0.027556846889088858,1.4320407624155491,2,5,6992.71474663886,True,0.5,0.0
2019-01-04 11:00:00+00:00,46.81053443389413,1.0232698762156416,0.982,1.0636,0.02693513950570531,1.4714995682110583,2,5,7040.075631696187,True,0.5,0.0
2019-01-04 12:00:00+00:00,44.45834636714219,1.0240073736903876,0.982,1.0635999999999999,0.027468298610830937,1.3837108663846827,2,5,6955.691814249871,True,0.5,0.0
2019-01-04 13:00:00+00:00,39.642429182636825,1.025359909862161,0.982,1.0635999999999999,0.02853338650739663,1.2141598165667546,1,6,6807.0797901673295,True,0.5,0.0
2019-01-04 14:00:00+00:00,38.7696179670174,1.0249879572013698,0.982,1.0636,0.02843415082169957,1.048338852181446,1,8,6772.645056163234,True,0.5,0.0
2019-01-04 15:00:00+00:00,41.09614842228517,1.0234272721285056,0.982,1.0636,0.027564908368424363,1.020590693280956,2,5,6897.8849768588625,True,0.5,0.0
2019-01-04 16:00:00+00:00,43.61581366503481,1.0219152522652304,0.982,1.0636,0.02689188825540759,1.0481082873762855,2,1,7070.912331068755,True,0.5,0.0
2019-01-04 17:00:00+00:00,42.55410166608293,1.0225440214723212,0.982,1.0636000000000005,0.02715436118223061,1.0357610303705174,2,2,6998.918158337916,True,0.5,0.0
2019-01-04 18:00:00+00:00,39.80423688395388,1.0246467851856556,0.982,1.0635999999999999,0.028230344295097975,1.017740760149142,1,7,6751.953246304404,True,0.5,0.0
2019-01-04 19:00:00+00:00,35.635325260260416,1.0284767696308221,0.982,1.0635999999999999,0.030918187794306988,1.0115995976974514,1,8,6301.612528049969,True,0.5,0.0
2019-01-04 20:00:00+00:00,33.41311771613997,1.0306452890978712,0.982,1.0636000000000003,0.03284208535189798,1.0121663055410481,2,9,6023.783649416313,True,0.5,0.0
2019-01-04 21:00:00+00:00,32.09622596516378,1.0319242133944928,0.982,1.0636,0.034062482589481066,1.0131242384892096,2,9,5867.307811163655,True,0.5,0.0
2019-01-04 22:00:00+00:00,30.447472560755216,1.034863510148287,0.982,1.0636,0.03688672037510054,1.077618923362683,2,11,5452.939998938164,True,0.5,0.0
2019-01-04 23:00:00+00:00,29.626033548087253,1.0366769696327232,0.982,1.065334407384988,0.03863398757438347,1.1294061125186745,2,12,5153.779697621409,True,0.5,0.0
2019-01-05 00:00:00+00:00,29.127246459377304,1.037901342728203,0.982,1.0668966053190967,0.039808967844054896,1.1529187026260717,2,13,4952.817179519777,True,0.5,0.0
2019-01-05 01:00:00+00:00,29.494711707847667,1.0383302869394848,0.982,1.067724463109999,0.04022024325079861,1.1840441885357835,2,15,4839.336492725456,True,0.5,0.0
2019-01-05 02:00:00+00:00,30.47502858543102,1.03826745353259,0.982,1.0678295751917135,0.040161182590109236,1.2209605801496688,2,15,4787.79450454978,True,0.5,0.0
2019-01-05 03:00:00+00:00,31.22828793552946,1.03753421677947,0.982,1.067372827834566,0.039440936892902595,1.2350412976684766,2,13,4868.114440627338,True,0.5,0.0
2019-01-05 04:00:00+00:00,31.01030402471792,1.037678522228964,0.982,1.0672607923929314,0.039592201148098395,1.2308900003338996,2,13,4848.805284442678,True,0.5,0.0
2019-01-05 05:00:00+00:00,32.38508922712935,1.037028911736469,0.982,1.0659591803975064,0.038967068254264096,1.2647414061497182,2,12,4908.651724910659,True,0.5,0.0
2019-01-05 06:00:00+00:00,31.865568746415885,1.0362704086684351,0.982,1.0646846190428638,0.038246433427244306,1.2220390053655295,2,11,5081.374834030843,True,0.5,0.0
2019-01-05 07:00:00+00:00,31.836423245689012,1.0342987466561102,0.982,1.0636,0.036355786103168426,1.1672728960380294,2,10,5428.107056737052,True,0.5,0.0
2019-01-05 08:00:00+00:00,32.97143828234512,1.0327570611194732,0.982,1.0635999999999999,0.034881149428120345,1.1788028594437674,2,9,5732.5531709928855,True,0.5,0.0
2019-01-05 09:00:00+00:00,33.837686079587364,1.0314962073939054,0.982,1.0636000000000005,0.033669681241979596,1.2181948608660442,1,9,5995.163190147998,True,0.5,0.0
2019-01-05 10:00:00+00:00,35.14495057902057,1.0306273697468866,0.982,1.0635999999999999,0.032827386596815056,1.2716911904265573,2,9,6154.921612658575,True,0.5,0.0
2019-01-05 11:00:00+00:00,34.99346369653017,1.030879104408911,0.982,1.0636000000000003,0.033071587491488814,1.2581869004039694,2,9,6173.4911122174335,True,0.5,0.0
2019-01-05 12:00:00+00:00,31.69945550088775,1.0322013370975462,0.982,1.0636000000000005,0.034356347239522966,1.164511956283521,2,9,6034.062357006527,True,0.5,0.0
2019-01-05 13:00:00+00:00,28.087003929315603,1.0333122376952357,0.982,1.0636000000000008,0.03543192605636528,0.9954107082444144,0,9,5897.0977387355015,True,0.5,0.0
2019-01-05 14:00:00+00:00,27.48711597143069,1.0330188673183318,0.982,1.0636000000000003,0.03512469045480728,0.8266168701856622,0,9,5871.208370849695,True,0.5,0.0
2019-01-05 15:00:00+00:00,28.900354998959696,1.0320578917086243,0.982,1.0635999999999999,0.03417656850580329,0.7906359347066476,0,9,5962.319918762792,True,0.5,0.0
2019-01-05 16:00:00+00:00,31.538997233988184,1.0298950065669317,0.982,1.0636000000000003,0.032091692849444624,0.8125923948168163,0,9,6238.833550560107,True,0.5,0.0
2019-01-05 17:00:00+00:00,31.39520118987306,1.0300152648086276,0.982,1.0635999999999999,0.032211393564178153,0.8096858563819331,0,9,6223.3966501727555,True,0.5,0.0
2019-01-05 18:00:00+00:00,29.540469838702602,1.0312523728131702,0.982,1.0635999999999999,0.03340760721375886,0.7896749350576917,0,9,6056.746315082104,True,0.5,0.0
2019-01-05 19:00:00+00:00,26.18672386446679,1.0342532421006927,0.982,1.0636,0.03630325129301189,0.7552427969299137,0,11,5685.012787570566,True,0.5,0.0
2019-01-05 20:00:00+00:00,24.21132505346609,1.0361758438107898,0.982,1.0656067788559036,0.03817644693176573,0.7251778815919131,0,12,5435.1312987438,True,0.5,0.0
2019-01-05 21:00:00+00:00,23.043515139436337,1.0371791696961772,0.982,1.0666473025205396,0.039148992372948985,0.7032435060512694,0,12,5315.511305012451,True,0.5,0.0
2019-01-05 22:00:00+00:00,20.290392028685297,1.0399126566467258,0.982,1.0700272616500792,0.04179779392668503,0.6603399133143779,0,16,4951.8854893381,True,0.5,0.0
2019-01-05 23:00:00+00:00,17.74973389027957,1.0421239510262306,0.982,1.0730005191055285,0.04400600230828187,0.6261891383183464,0,16,4634.342704513749,True,0.5,0.0
2019-01-06 00:00:00+00:00,16.240097171137904,1.0435261626385899,0.982,1.0749368760599225,0.0454082139206411,0.5997002379856227,0,16,4427.868298453725,True,0.5,0.0
2019-01-06 01:00:00+00:00,15.14400022912055,1.0443599848648397,0.982,1.0762781791046734,0.046242036146890965,0.5796034254141065,0,16,4289.987517790749,True,0.5,0.0
2019-01-06 02:00:00+00:00,14.891023888370146,1.0444236962574929,0.982,1.0765182487219236,0.046305747539543876,0.5736405667766086,0,16,4267.860545342515,True,0.5,0.0
2019-01-06 03:00:00+00:00,14.790109572274767,1.0445886603624297,0.982,1.0764857414802307,0.04647071164448081,0.5682729772388004,0,16,4259.944172889126,True,0.5,0.0
2019-01-06 04:00:00+00:00,14.16913623589831,1.0450061115064033,0.982,1.076831117396128,0.0468881627884543,0.5516431709652442,0,17,4193.015563102425,True,0.5,0.0
2019-01-06 05:00:00+00:00,13.850885995317732,1.0451257568794563,0.982,1.0770734480019593,0.04700780816150734,0.5339004066940858,0,17,4150.2452389447135,True,0.5,0.0
2019-01-06 06:00:00+00:00,14.78140843346602,1.0443590234250244,0.982,1.0760126861648898,0.0462410747070758,0.5427255507534751,0,16,4264.122594185676,True,0.5,0.0
2019-01-06 07:00:00+00:00,16.435991766902134,1.0423576338407246,0.982,1.0733116979486184,0.04423968512277557,0.5570994634445324,0,16,4553.914455877494,True,0.5,0.0
2019-01-06 08:00:00+00:00,16.62579388412263,1.0407694257614297,0.982,1.070827019824891,0.042651477043480934,0.5082873036292624,0,16,4941.625688465381,True,0.5,0.0
2019-01-06 09:00:00+00:00,17.452776743879255,1.0394866894004497,0.982,1.0685095711958599,0.04136973455276065,0.7355346343402089,0,15,5253.520550351988,True,0.5,0.0
2019-01-06 10:00:00+00:00,20.893150261450838,1.037643228354668,0.982,1.0657359733643725,0.039589826722780566,1.0597734058461028,1,14,5512.68779234271,True,0.5,0.0
2019-01-06 11:00:00+00:00,22.424557438360566,1.0371684881540526,0.982,1.065188204274001,0.039141757436123706,1.153463732310073,1,12,5576.551456655941,True,0.5,0.0
2019-01-06 12:00:00+00:00,20.102909183556083,1.0383033915797772,0.982,1.0668461702970367,0.0402439988634277,0.9910403316240494,0,15,5440.03255197415,True,0.5,0.0
2019-01-06 13:00:00+00:00,18.376608972149594,1.0382438431315149,0.982,1.0676763043310271,0.04019476915484247,0.5726689298039279,0,15,5392.308044830567,True,0.5,0.0
2019-01-06 14:00:00+00:00,20.84920310881972,1.0375934969367426,0.982,1.0671348314379876,0.03953836714450066,0.5723363714260266,0,13,5292.552759052532,True,0.5,0.0
2019-01-06 15:00:00+00:00,25.062586436796895,1.0354358106897523,0.982,1.0643548390708086,0.037440578848678865,0.648644484495905,0,11,5440.825113318597,True,0.5,0.0
2019-01-06 16:00:00+00:00,28.21854377970757,1.032852326525172,0.982,1.0636,0.03494688045492536,0.6918475182933828,0,9,5789.274364115376,True,0.5,0.0
2019-01-06 17:00:00+00:00,28.990976417857254,1.0322470336548786,0.982,1.0636000000000003,0.034359460258005126,0.710001402348752,0,9,5883.612469479162,True,0.5,0.0
2019-01-06 18:00:00+00:00,27.40153909044954,1.0335032090460863,0.982,1.0636,0.03556819989136484,0.7027311594026276,0,9,5740.125405981826,True,0.5,0.0
2019-01-06 19:00:00+00:00,25.59617301081566,1.035199092251277,0.982,1.0641359381948627,0.03721075297522448,0.6816988332029734,0,11,5515.988353607674,True,0.5,0.0
2019-01-06 20:00:00+00:00,24.104655306041376,1.036752403573472,0.982,1.0662338896816201,0.03871939223597043,0.6660815200338086,0,12,5331.358047631287,True,0.5,0.0
2019-01-06 21:00:00+00:00,24.123337755693377,1.0369217887625155,0.982,1.0665007805235518,0.038864962987742384,0.6715905545186892,0,12,5312.668752669933,True,0.5,0.0
2019-01-06 22:00:00+00:00,21.844639412571915,1.0390064218555084,0.982,1.0694294459868705,0.04088847313755977,0.6497496622927693,0,15,5040.105933818451,True,0.5,0.0
2019-01-06 23:00:00+00:00,18.740082342598157,1.041418625265424,0.982,1.0726104357715422,0.043300676547475055,0.6145837868747556,0,16,4710.031497649999,True,0.5,0.0
2019-01-07 00:00:00+00:00,16.853483864332972,1.0429422055777253,0.982,1.074274984186746,0.044824256859776444,0.5872995064915293,0,16,4508.321939326263,True,0.5,0.0
2019-01-07 01:00:00+00:00,16.365296953461606,1.0434141653166609,0.982,1.0748788966043097,0.04529621659871199,0.5840996462769485,0,16,4447.092132459944,True,0.5,0.0
2019-01-07 02:00:00+00:00,16.886137123703197,1.0429226131294427,0.982,1.0743923895096719,0.04480466441149377,0.5904687553186831,0,16,4509.1978809679795,True,0.5,0.0
2019-01-07 03:00:00+00:00,18.453169010159883,1.0415570863573993,0.982,1.0726421012391736,0.04343913763945067,0.6126557665090038,0,16,4704.9176831407485,True,0.5,0.0
2019-01-07 04:00:00+00:00,22.123289803355878,1.0382499965214558,0.982,1.0683155976221743,0.04017312077722281,0.6586563522094486,0,15,5153.229357829683,True,0.5,0.0
2019-01-07 05:00:00+00:00,31.602787333858977,1.031092963615972,0.982,1.0635999999999999,0.03326600616100135,0.7458038007762124,0,9,6057.211354500923,True,0.5,0.0
2019-01-07 06:00:00+00:00,41.12777681976762,1.0247914324043625,0.982,1.0636000000000003,0.02804764209418617,0.809068353981655,0,3,6738.50116530828,True,0.5,0.0
2019-01-07 07:00:00+00:00,44.64640910498672,1.0223263686789175,0.982,1.0636,0.026692876594123505,0.810727013594039,0,2,7014.255651560723,True,0.5,0.0
2019-01-07 08:00:00+00:00,39.91001505540089,1.024089925670641,0.982,1.0636,0.027576308856539916,0.7442551259229014,0,2,7047.414063347629,True,0.5,0.0
2019-01-07 09:00:00+00:00,36.237760817489274,1.025085140343848,0.982,1.0636,0.028236440745066507,0.7110796779769968,0,4,7176.530479802936,True,0.5,0.0
2019-01-07 10:00:00+00:00,36.7264877313064,1.0250977528593672,0.982,1.0636,0.028207560156756496,0.9192999537989378,0,6,7267.628878112501,True,0.5,0.0
2019-01-07 11:00:00+00:00,37.841093722349804,1.025438330532739,0.982,1.0635999999999997,0.028403315910533078,1.0907927745609314,1,7,7220.175115948582,True,0.5,0.0
2019-01-07 12:00:00+00:00,38.438382456866734,1.0252741496597997,0.982,1.0635999999999997,0.028336433978550863,1.0018459415253234,1,7,7223.332469110946,True,0.5,0.0
2019-01-07 13:00:00+00:00,38.152722825925835,1.0250779102937735,0.982,1.0636,0.028288835500001736,0.87045162319003,0,5,7174.658269112903,True,0.5,0.0
2019-01-07 14:00:00+00:00,40.49878392969206,1.0241173037745217,0.982,1.0635999999999997,0.027706672193475612,0.8350860377282482,0,2,7111.293538454773,True,0.5,0.0
2019-01-07 15:00:00+00:00,44.030442603841635,1.022308720075593,0.982,1.0636,0.026752507090473093,0.9097442693283951,0,2,7186.230662030387,True,0.5,0.0
2019-01-07 16:00:00+00:00,47.99834722277274,1.0196905318596992,0.9808004749119534,1.0635999999999999,0.02581889140161425,0.9599749641009203,0,1,7424.257962984398,True,0.5,0.0
2019-01-07 17:00:00+00:00,48.873489816022214,1.0197562758226515,0.9803326916543924,1.0636000000000003,0.02594808296738723,1.0753964914248952,2,1,7350.489697629093,True,0.5,0.0
2019-01-07 18:00:00+00:00,49.920499961506025,1.020995273638686,0.982,1.0636,0.026382928706645988,1.2206054833141897,2,1,7111.115215269044,True,0.5,0.0
2019-01-07 19:00:00+00:00,50.689027667884616,1.0221519318674235,0.982,1.0636000000000003,0.026875344429063776,1.3502738527744444,2,3,6801.311988555751,True,0.5,0.0
2019-01-07 20:00:00+00:00,51.495606467979194,1.023486928737969,0.982,1.0635999999999997,0.027426541598727885,1.4337669018910837,2,6,6513.694381812941,True,0.5,0.0
2019-01-07 21:00:00+00:00,48.000553779838675,1.0259647728965162,0.982,1.0636000000000003,0.028990123086418098,1.4117743689007969,2,8,6229.036151166146,True,0.5,0.0
2019-01-07 22:00:00+00:00,46.002253093898865,1.028536280456101,0.982,1.0636,0.03090133919872366,1.4384342256172,2,9,5855.019866864801,True,0.5,0.0
2019-01-07 23:00:00+00:00,43.92827159068995,1.031405181825397,0.982,1.0635999999999999,0.033496416621557404,1.45727912172102,2,9,5479.3243717151545,True,0.5,0.0
2019-01-08 00:00:00+00:00,42.65319648406651,1.032699592900017,0.982,1.0636,0.034761224699455896,1.4502109258772231,2,9,5280.864053521718,True,0.5,0.0
2019-01-08 01:00:00+00:00,41.97643481075579,1.0331433064494833,0.982,1.0636,0.03518692553422039,1.4451365333912765,2,9,5221.018816063806,True,0.5,0.0
2019-01-08 02:00:00+00:00,42.39645556184391,1.0326253164713903,0.982,1.0636,0.034686808192687185,1.4492043041593796,2,9,5277.903322185986,True,0.5,0.0
2019-01-08 03:00:00+00:00,42.581982881706296,1.0315518865707556,0.982,1.0636,0.03365219076805377,1.4291937256091,2,9,5450.501651200183,True,0.5,0.0
2019-01-08 04:00:00+00:00,45.12886516469371,1.029175152214804,0.982,1.0636,0.03141832554715028,1.4394974618523597,2,9,5758.6691746758215,True,0.5,0.0
2019-01-08 05:00:00+00:00,53.84012768205596,1.0225008302083047,0.982,1.0636,0.027082352593763723,1.4996882270340455,2,5,6539.3048782180995,True,0.5,0.0
2019-01-08 06:00:00+00:00,61.56188957187268,1.0169140631916558,0.9731574369072595,1.0635999999999997,0.025808671803405334,1.5356291533628477,3,1,7171.945554398094,True,0.5,0.0
2019-01-08 07:00:00+00:00,66.00463079894459,1.0143412201447337,0.9679649016737111,1.0636000000000003,0.025769566707767727,1.5823741827530997,3,1,7432.634722277835,True,0.5,0.0
2019-01-08 08:00:00+00:00,71.36628970546387,1.0134343924559517,0.9679313142372103,1.0635999999999997,0.025246310555915114,1.7714496495544938,3,1,7464.13382185981,True,0.5,0.0
2019-01-08 09:00:00+00:00,85.73628100495378,1.0104771276313578,0.9656407370658733,1.0635999999999997,0.024197579880663695,2.0367682576962785,3,1,7500.158334815438,True,0.5,0.0
2019-01-08 10:00:00+00:00,102.37526574376548,1.0064331443077867,0.9602907214273632,1.0635999999999999,0.024167675071536443,2.252574651606015,3,1,7536.438803747671,True,0.5,0.0
2019-01-08 11:00:00+00:00,113.3209851480782,1.0035538750209214,0.9556311893191717,1.0635999999999999,0.025275789085065916,2.474040293389011,3,1,7545.692222890388,True,0.5,0.0
2019-01-08 12:00:00+00:00,106.36462437689075,1.005576096331121,0.9588056346590068,1.0636,0.024501122267787976,2.3365137021210045,3,1,7506.194315962492,True,0.5,0.0
2019-01-08 13:00:00+00:00,85.15364667341831,1.0110396871794747,0.9667239605117584,1.0636,0.024253147472897314,2.03261979104698,3,1,7402.275937039293,True,0.5,0.0
2019-01-08 14:00:00+00:00,71.7511450729588,1.013531508529707,0.9682876243443844,1.0635999999999999,0.025297871826990486,1.7729062437382996,3,1,7384.1877628907705,True,0.5,0.0
2019-01-08 15:00:00+00:00,69.77310485178089,1.0127696842469915,0.9650997180130447,1.0635999999999999,0.025910712491638222,1.65385011551164,3,1,7468.007098635487,True,0.5,0.0
2019-01-08 16:00:00+00:00,71.66036823163776,1.0111216758397856,0.9620231847333046,1.0636,0.02598976764363723,1.6483935626488335,3,1,7636.363478270472,True,0.5,0.0
2019-01-08 17:00:00+00:00,69.88203438009837,1.0117920734254666,0.9634878239349253,1.0635999999999999,0.02596130722718011,1.6290216445775367,3,1,7581.118327284008,True,0.5,0.0
2019-01-08 18:00:00+00:00,67.41056570480825,1.0134063680564678,0.9664912703423602,1.0635999999999999,0.02593240571626883,1.6145838284041676,3,1,7415.053728423785,True,0.5,0.0
2019-01-08 19:00:00+00:00,62.2986344134659,1.0168067083961523,0.9732240561259392,1.0635999999999997,0.02592780240520291,1.5880823264291648,3,1,7055.3784560466265,True,0.5,0.0
2019-01-08 20:00:00+00:00,58.45894895720055,1.0201033480906716,0.979999912647087,1.0635999999999999,0.026291733608418372,1.571151808863602,2,3,6687.88578033034,True,0.5,0.0
2019-01-08 21:00:00+00:00,52.84847365626882,1.023834118087726,0.982,1.0636000000000003,0.027575382041600278,1.5198741413478876,2,6,6338.989860814276,True,0.5,0.0
2019-01-08 22:00:00+00:00,48.127800536202805,1.0269951813750329,0.982,1.0635999999999999,0.02972284100463682,1.4811907209571684,2,9,5993.564539644932,True,0.5,0.0
2019-01-08 23:00:00+00:00,45.267638188590126,1.0304978125080004,0.982,1.0636000000000003,0.0326270650913865,1.4802149853791455,2,9,5554.707607615229,True,0.5,0.0
2019-01-09 00:00:00+00:00,41.051358970433455,1.0321825248342724,0.982,1.0636000000000005,0.03426457045534393,1.4079414725204251,2,9,5403.878454097059,True,0.5,0.0
2019-01-09 01:00:00+00:00,39.1081826085614,1.0329949393375513,0.982,1.0636,0.035045253889698535,1.3743387281419994,2,9,5330.851916653914,True,0.5,0.0
2019-01-09 02:00:00+00:00,38.62817185554097,1.0327091781145958,0.982,1.0635999999999997,0.03476758638637973,1.3527357725568374,2,9,5396.222353984171,True,0.5,0.0
2019-01-09 03:00:00+00:00,38.93916358774947,1.0317632228915705,0.982,1.0635999999999999,0.03385649712628103,1.3332252657489012,2,9,5549.269165951191,True,0.5,0.0
2019-01-09 04:00:00+00:00,39.865358357827425,1.0300397276445619,0.982,1.0636000000000005,0.03219252580135969,1.3044553209604208,2,9,5840.767481939248,True,0.5,0.0
2019-01-09 05:00:00+00:00,46.286001593704526,1.0245214967422551,0.982,1.0636,0.02813081706534098,1.3102032799373466,2,8,6556.711420643198,True,0.5,0.0
2019-01-09 06:00:00+00:00,53.43650147185568,1.0192863047124805,0.9779271516329864,1.0635999999999999,0.026030974961623193,1.3198629924786054,3,1,7189.357879750605,True,0.5,0.0
2019-01-09 07:00:00+00:00,56.036084198113926,1.0171266874179299,0.9736508645725296,1.0636000000000003,0.025684255508630453,1.323963536606229,3,1,7457.206423766097,True,0.5,0.0
2019-01-09 08:00:00+00:00,56.57114078094705,1.0177526801976857,0.9763584495010117,1.0635999999999999,0.02531318492425848,1.4560804896909125,3,1,7486.486672967343,True,0.5,0.0
2019-01-09 09:00:00+00:00,64.38621001426117,1.0159253377918667,0.97458659241231,1.0636000000000003,0.024549768998336868,1.6874059024289239,3,1,7615.53641520152,True,0.5,0.0
2019-01-09 10:00:00+00:00,77.38662431437935,1.0123431319460847,0.9691500940918386,1.0636,0.02386266879577312,2.0130874175293867,3,1,7730.48194280055,True,0.5,0.0
2019-01-09 11:00:00+00:00,78.98513055613572,1.0126494411025657,0.9702172624836642,1.0635999999999999,0.023710816652027296,2.048945171364377,3,1,7630.715448079171,True,0.5,0.0
2019-01-09 12:00:00+00:00,72.09566527196614,1.0139862273902174,0.9715737406860865,1.0636,0.024197452288085234,1.8214984005779389,3,1,7643.367953673696,True,0.5,0.0
2019-01-09 13:00:00+00:00,60.838252933211564,1.016539633586133,0.974862949524786,1.0636000000000003,0.02495918759242507,1.6092666880143671,3,1,7577.714462888981,True,0.5,0.0
2019-01-09 14:00:00+00:00,54.98960890107032,1.0177977385580206,0.9758116674023537,1.0636,0.025545985693131854,1.386366039433377,2,1,7483.116790433776,True,0.5,0.0
2019-01-09 15:00:00+00:00,54.71607449614422,1.0172670284681515,0.9740672981323231,1.0635999999999997,0.025677043858809288,1.2577006854495774,3,1,7485.401251600226,True,0.5,0.0
2019-01-09 16:00:00+00:00,56.34868443167043,1.0154271008481668,0.9706127378992847,1.0636,0.02557305839925187,1.2091981048888505,3,1,7700.5686744902205,True,0.5,0.0
2019-01-09 17:00:00+00:00,54.494302611013886,1.016357576658384,0.9725937959844042,1.0636,0.02558846548201475,1.1872588884665516,3,1,7609.1569160920935,True,0.5,0.0
2019-01-09 18:00:00+00:00,51.35110008782623,1.0181340770838874,0.9760277510844474,1.0636,0.025784447662865546,1.1459707891366657,3,1,7430.6466790420245,True,0.5,0.0
2019-01-09 19:00:00+00:00,45.11746024553574,1.0225575631639912,0.982,1.0636,0.027186326047244264,1.0874642945208206,2,4,6974.9443008086655,True,0.5,0.0
2019-01-09 20:00:00+00:00,39.96563122575531,1.0260075790922163,0.982,1.0636000000000003,0.029189002348485805,0.9893777194616661,0,8,6626.411047851588,True,0.5,0.0
2019-01-09 21:00:00+00:00,35.29391846151841,1.0287633435280144,0.982,1.0636,0.03116364811158438,0.8782271629935536,0,8,6350.157215724161,True,0.5,0.0
2019-01-09 22:00:00+00:00,29.807822231861593,1.033119236979466,0.982,1.0636,0.03524224611931587,0.7900742096968971,0,9,5857.779192318368,True,0.5,0.0
2019-01-09 23:00:00+00:00,26.55219441170852,1.0352595452936473,0.982,1.0644010104548391,0.037317678481002745,0.7430141505448379,0,11,5590.395533726529,True,0.5,0.0
2019-01-10 00:00:00+00:00,24.215494818503167,1.0368580411892543,0.982,1.0667037568668785,0.03886065180609242,0.7102430832503176,0,12,5368.259929814903,True,0.5,0.0
2019-01-10 01:00:00+00:00,23.099927207242587,1.0374977893688846,0.982,1.0675809110419925,0.03948188844474153,0.6845236084358851,0,12,5266.321057909413,True,0.5,0.0
2019-01-10 02:00:00+00:00,23.260538084259995,1.0373589637217706,0.982,1.067527147971414,0.03935286373718851,0.6740005909633822,0,12,5266.246848457238,True,0.5,0.0
2019-01-10 03:00:00+00:00,24.43660908941981,1.0366121719770542,0.982,1.0665962162008873,0.03862109835502777,0.6817995018509019,0,12,5359.91180221124,True,0.5,0.0
2019-01-10 04:00:00+00:00,27.595184896101095,1.0343510602122485,0.982,1.0636000000000005,0.03643254777605359,0.7022264481670615,0,11,5643.517817902368,True,0.5,0.0
2019-01-10 05:00:00+00:00,36.55358155300276,1.028218313220371,0.982,1.0635999999999999,0.03055070195252492,0.7638596952467787,0,8,6362.785958552075,True,0.5,0.0
2019-01-10 06:00:00+00:00,45.19618251325185,1.0227785652043393,0.982,1.0636000000000005,0.02679114519333845,0.8002321166224763,0,2,6945.626358594279,True,0.5,0.0
2019-01-10 07:00:00+00:00,47.067236803585104,1.019590804969503,0.9815608492856922,1.0635999999999999,0.025908303220148216,0.775639897671557,0,2,7231.332354087564,True,0.5,0.0
2019-01-10 08:00:00+00:00,43.522013200714746,1.0225130126125896,0.982,1.0636,0.02662880670942724,0.7354511908406386,0,2,7221.10485055817,True,0.5,0.0
2019-01-10 09:00:00+00:00,39.923146181961634,1.0236837330098045,0.982,1.0636,0.027286371838977776,0.6922861161806343,0,2,7338.203521396002,True,0.5,0.0
2019-01-10 10:00:00+00:00,38.64019846634715,1.0241126280985444,0.982,1.0636,0.02754252031695226,0.7411787483710235,0,2,7382.64832486456,True,0.5,0.0
2019-01-10 11:00:00+00:00,38.34209107062151,1.0243955897650365,0.982,1.0636,0.027730264850155485,0.831872449137554,0,2,7359.285565289813,True,0.5,0.0
2019-01-10 12:00:00+00:00,38.39922666127006,1.024428312772616,0.982,1.0635999999999999,0.02774974803686841,0.7053107869627712,0,2,7313.846511386624,True,0.5,0.0
2019-01-10 13:00:00+00:00,40.3586379178344,1.0239846455684263,0.982,1.0636,0.027427528666133114,0.7051788750761122,0,2,7196.983039580215,True,0.5,0.0
2019-01-10 14:00:00+00:00,46.31399899125133,1.0213162762827024,0.982,1.0636,0.02624865249384203,0.7655603783271214,0,2,7154.601405790936,True,0.5,0.0
2019-01-10 15:00:00+00:00,47.968159482727216,1.0187536483009556,0.9789150801821026,1.0636,0.026064942539038734,0.7981119616898976,0,2,7153.535113354417,True,0.5,0.0
2019-01-10 16:00:00+00:00,50.13536611861694,1.0149387993485801,0.9684906347736966,1.0635999999999999,0.026815389182526995,0.8055555555555536,0,1,7353.320419484493,True,0.5,0.0
2019-01-10 17:00:00+00:00,48.553675683829,1.0167503683876709,0.9737339849709586,1.0635999999999999,0.02620015902332484,0.8055555555555555,0,1,7278.8188599473,True,0.5,0.0
2019-01-10 18:00:00+00:00,47.6425467773321,1.0190624698033377,0.9798199278045053,1.0636,0.025991458355979973,0.7915942118074187,0,2,7154.66695220855,True,0.5,0.0
2019-01-10 19:00:00+00:00,47.25800519574473,1.0229337133311465,0.982,1.0635999999999999,0.026811781471068243,0.7620587876866424,0,2,6827.984412763405,True,0.5,0.0
2019-01-10 20:00:00+00:00,42.8133758046423,1.0264593703458673,0.982,1.0635999999999999,0.02910338123584969,0.766964324468697,0,7,6483.721240187717,True,0.5,0.0
2019-01-10 21:00:00+00:00,39.19801024656303,1.0284131250618362,0.982,1.0636000000000003,0.030675595535394323,0.7547225531528788,0,8,6296.344191444442,True,0.5,0.0
2019-01-10 22:00:00+00:00,34.15469113479203,1.031814220413812,0.982,1.0635999999999999,0.03395033929135837,0.7323110289096701,0,9,5928.457740411612,True,0.5,0.0
2019-01-10 23:00:00+00:00,30.76025339433744,1.0336745423530218,0.982,1.0636000000000003,0.035756504310805855,0.7113210087628529,0,10,5706.417623714773,True,0.5,0.0
2019-01-11 00:00:00+00:00,27.711405633869045,1.0355904237316271,0.982,1.0652808897940043,0.03760519441253981,0.6947376151171508,0,11,5483.429450719777,True,0.5,0.0
2019-01-11 01:00:00+00:00,26.49542842361986,1.036195166491075,0.982,1.0663868697625645,0.03819225683268572,0.700213692748659,0,12,5414.813116719339,True,0.5,0.0
2019-01-11 02:00:00+00:00,26.124043311308995,1.0361640605282914,0.982,1.0664352617573245,0.03816397968057878,0.7166025175516182,0,12,5441.2667905661865,True,0.5,0.0
2019-01-11 03:00:00+00:00,26.968331569715705,1.035562874196101,0.982,1.0655793449843582,0.03759396895777538,0.7330439493321184,0,11,5540.312949793601,True,0.5,0.0
2019-01-11 04:00:00+00:00,29.38725807180088,1.0336514267452614,0.982,1.0636,0.03574994735997679,0.7657143868242696,0,10,5808.925729232927,True,0.5,0.0
2019-01-11 05:00:00+00:00,38.294085407994864,1.0269649169316681,0.982,1.0636000000000005,0.029743206532728383,0.8544573371668801,0,8,6610.816970557664,True,0.5,0.0
2019-01-11 06:00:00+00:00,45.8362434956732,1.0213484527102559,0.982,1.0636000000000003,0.026535396377748963,0.9174682725544858,0,2,7246.75232742277,True,0.5,0.0
2019-01-11 07:00:00+00:00,48.21402960724252,1.0189026234251928,0.9793423383166148,1.0636,0.025642078648020556,0.9261166500881168,0,1,7519.302531604209,True,0.5,0.0
2019-01-11 08:00:00+00:00,46.68460334990921,1.019423356775891,0.9805094270432447,1.0636000000000003,0.02583247443249867,0.9050273058260007,0,1,7565.638567913284,True,0.5,0.0
2019-01-11 09:00:00+00:00,45.48577111191208,1.019720076995264,0.9813173501798544,1.0636000000000003,0.02592564466876352,0.882077519863035,0,1,7638.280100190295,True,0.5,0.0
2019-01-11 10:00:00+00:00,45.97843507669497,1.0193666747654244,0.9807829795905851,1.0635999999999992,0.025761772389669382,0.9765798333402909,0,1,7714.86531682342,True,0.5,0.0
2019-01-11 11:00:00+00:00,46.67342313842069,1.0196487836488177,0.9811255798640627,1.0635999999999999,0.025871372406224308,1.081746163499238,1,1,7670.170162897946,True,0.5,0.0
2019-01-11 12:00:00+00:00,46.917801863944874,1.0202763556156098,0.982,1.0635999999999999,0.026130666683724862,1.1254372391649827,1,1,7544.2954320637655,True,0.5,0.0
2019-01-11 13:00:00+00:00,46.23722859082926,1.0214985519575985,0.982,1.0636000000000003,0.02661306273257569,1.1126945632301435,1,1,7332.097104620663,True,0.5,0.0
2019-01-11 14:00:00+00:00,46.96453353467882,1.0213815308320144,0.982,1.0636,0.026708504531265546,1.0640813973075052,1,1,7247.196961071067,True,0.5,0.0
2019-01-11 15:00:00+00:00,48.16695250823783,1.0208013471037731,0.981679527891067,1.0636,0.026480919489860585,1.0402514122605806,2,1,7250.108767021469,True,0.5,0.0
2019-01-11 16:00:00+00:00,51.08519672736197,1.0186093321068102,0.9773336867188606,1.0636000000000003,0.02565559637767714,1.0592625505187174,2,1,7480.827900744621,True,0.5,0.0
2019-01-11 17:00:00+00:00,50.16862489112923,1.019296751421781,0.9784895237412613,1.0636000000000005,0.025965852126639988,1.0565405953779943,2,1,7398.871378911197,True,0.5,0.0
2019-01-11 18:00:00+00:00,47.61418035288292,1.0205639466664158,0.9807662478624397,1.0636000000000003,0.026549532560719753,0.9949468495166109,0,1,7258.066569053583,True,0.5,0.0
2019-01-11 19:00:00+00:00,42.25525911745439,1.0246899242114134,0.982,1.0636,0.02832827060758677,0.9791332590963862,0,7,6798.871606336659,True,0.5,0.0
2019-01-11 20:00:00+00:00,38.50840067013209,1.0277242018736226,0.982,1.0636,0.030425711248721246,0.9520576769294473,0,8,6450.836408855265,True,0.5,0.0
2019-01-11 21:00:00+00:00,35.48604745421124,1.0299811030124957,0.982,1.0636000000000003,0.0322050042088171,0.9370534938482905,0,9,6194.771555015471,True,0.5,0.0
2019-01-11 22:00:00+00:00,31.59208756972223,1.0328521591520563,0.982,1.0635999999999999,0.03497251656455893,0.9127584143321735,0,9,5834.473438621165,True,0.5,0.0
2019-01-11 23:00:00+00:00,27.776651422949808,1.035799895200757,0.982,1.0655356329931827,0.03778489739188639,0.8737016480541957,0,11,5476.277822531711,True,0.5,0.0
2019-01-12 00:00:00+00:00,25.63102690931233,1.0376697352059778,0.982,1.068082077716392,0.03958688049632532,0.8424287333508059,0,15,5233.128618750008,True,0.5,0.0
2019-01-12 01:00:00+00:00,23.965395772026845,1.0388206001729496,0.982,1.0698445131367276,0.04070265145500092,0.8004737185209497,0,15,5076.094094751689,True,0.5,0.0
2019-01-12 02:00:00+00:00,22.84168324612817,1.0396878062828827,0.982,1.0709494132523272,0.041569857564933844,0.7800693656745744,0,16,4955.0313114801065,True,0.5,0.0
2019-01-12 03:00:00+00:00,22.839540089894776,1.039969482801335,0.982,1.071175434756207,0.0418515340833862,0.7961953008441842,0,16,4910.161198175486,True,0.5,0.0
2019-01-12 04:00:00+00:00,23.300220524330328,1.0397151606527986,0.982,1.0704031966871672,0.041597211934849665,0.8446184699487335,0,16,4928.249728787181,True,0.5,0.0
2019-01-12 05:00:00+00:00,24.977382186471456,1.0387278614933662,0.982,1.0687766994706531,0.04065119706151815,0.906902702624124,0,16,5037.765541583966,True,0.5,0.0
2019-01-12 06:00:00+00:00,27.678689132666598,1.0365737892809135,0.982,1.0657210332407214,0.0385628114078667,0.9468640645693446,0,12,5335.803729237566,True,0.5,0.0
2019-01-12 07:00:00+00:00,30.64407257010171,1.0335992868872133,0.982,1.0636000000000003,0.03568143956899222,0.9859565847997342,0,9,5724.281286378057,True,0.5,0.0
2019-01-12 08:00:00+00:00,34.39709038579687,1.0315045195072021,0.982,1.0636,0.033675179424112765,1.132927791162799,1,9,6031.448623440688,True,0.5,0.0
2019-01-12 09:00:00+00:00,40.64096507201553,1.0289715383182336,0.982,1.0636000000000005,0.03123809106641339,1.3515482982987808,3,9,6282.179463068505,True,0.5,0.0
2019-01-12 10:00:00+00:00,46.79656140007998,1.0264076718129904,0.982,1.0636,0.02904422492364736,1.5039138765546838,3,7,6455.774515685226,True,0.5,0.0
2019-01-12 11:00:00+00:00,51.91017028908929,1.025129844229204,0.982,1.0635999999999999,0.028052742082113405,1.61375707506841,3,6,6449.769260719586,True,0.5,0.0
2019-01-12 12:00:00+00:00,51.543816775750436,1.0257786045464248,0.982,1.0636,0.028545913761809906,1.6159962311017015,3,6,6300.205659221949,True,0.5,0.0
2019-01-12 13:00:00+00:00,48.422636458825124,1.0266157033182002,0.982,1.0636,0.02927626889308381,1.5437549969815765,3,7,6182.6611896807,True,0.5,0.0
2019-01-12 14:00:00+00:00,46.20558262636368,1.027019799535059,0.982,1.0636,0.029703612286356644,1.4467478795374327,2,8,6130.95772911248,True,0.5,0.0
2019-01-12 15:00:00+00:00,47.028591373624906,1.0258897780349723,0.982,1.0636,0.02891815984346304,1.4111338965206353,2,7,6252.575963188587,True,0.5,0.0
2019-01-12 16:00:00+00:00,49.67865246474662,1.0237433425937388,0.982,1.0635999999999994,0.02752508196951796,1.4177338150543228,2,6,6525.319316841056,True,0.5,0.0
2019-01-12 17:00:00+00:00,49.592637979043594,1.0237750846212896,0.982,1.0636,0.02757023719598525,1.4195778104577252,2,6,6521.515371740771,True,0.5,0.0
2019-01-12 18:00:00+00:00,47.05272078049936,1.0256324377480057,0.982,1.0635999999999999,0.028752997637458685,1.4028378849031777,2,7,6298.882663094406,True,0.5,0.0
2019-01-12 19:00:00+00:00,43.805060342941715,1.0286135694732246,0.982,1.0636000000000005,0.03094512233358248,1.3908471205103852,2,9,5925.2892188487,True,0.5,0.0
2019-01-12 20:00:00+00:00,40.252805820625646,1.031286074419649,0.982,1.0636000000000003,0.03341828275873098,1.3371431630457347,2,9,5642.3298568263945,True,0.5,0.0
2019-01-12 21:00:00+00:00,38.26255706830909,1.0324048226022013,0.982,1.0636000000000003,0.03450306013935498,1.3012496487269267,2,9,5540.426214071639,True,0.5,0.0
2019-01-12 22:00:00+00:00,36.49766714301387,1.0342133867632657,0.982,1.0636,0.03624964748384618,1.2984570573797007,2,10,5286.605974919395,True,0.5,0.0
2019-01-12 23:00:00+00:00,34.638322663378126,1.0366252713326232,0.982,1.0660496161843314,0.03856264050979328,1.3035438747118506,2,11,4943.964675987115,True,0.5,0.0
2019-01-13 00:00:00+00:00,31.876410233908338,1.0385292708053588,0.982,1.0683394149646925,0.040413023402380475,1.2608472307441623,2,15,4704.48813964697,True,0.5,0.0
2019-01-13 01:00:00+00:00,29.154962539861472,1.0397141577317919,0.982,1.0699619833629583,0.041596209013843075,1.202854270870395,2,16,4580.118458549055,True,0.5,0.0
2019-01-13 02:00:00+00:00,27.49336973161844,1.0401581780894595,0.982,1.0709309351940701,0.04204022937151085,1.1580411223312257,2,16,4550.730196133035,True,0.5,0.0
2019-01-13 03:00:00+00:00,26.597415280353633,1.040413687701746,0.982,1.0714418316928713,0.042295738983797015,1.1291245303647788,2,16,4541.797734469472,True,0.5,0.0
2019-01-13 04:00:00+00:00,26.533878691389837,1.0410075608016458,0.982,1.071843925794099,0.04288961208369695,1.134330304079207,2,16,4463.483188704472,True,0.5,0.0
2019-01-13 05:00:00+00:00,27.915430970532,1.0412035195359313,0.982,1.0713904321956156,0.04308557081798245,1.1944301189315893,2,16,4382.18625022762,True,0.5,0.0
2019-01-13 06:00:00+00:00,30.531399008068693,1.0394461744820278,0.982,1.0691252024604982,0.04132822576407899,1.2503956909177896,2,16,4582.274312532268,True,0.5,0.0
2019-01-13 07:00:00+00:00,35.09274329352468,1.03644405648181,0.982,1.0650659878484559,0.03839399103184848,1.341983963434952,2,11,4929.818420574105,True,0.5,0.0
2019-01-13 08:00:00+00:00,41.342752886974324,1.0326034744521142,0.982,1.0636000000000003,0.03469146191500032,1.4723159100032246,3,9,5368.702408576471,True,0.5,0.0
2019-01-13 09:00:00+00:00,49.66012251521993,1.0290840253261666,0.982,1.0636,0.03128967987196392,1.6421076391110456,3,8,5693.504013501798,True,0.5,0.0
2019-01-13 10:00:00+00:00,57.50359723892394,1.0254850802286324,0.982,1.0636000000000003,0.028149255629174894,1.7694977290956018,3,6,6002.720866372542,True,0.5,0.0
2019-01-13 11:00:00+00:00,62.14659763727225,1.0242218988573792,0.982,1.0635999999999999,0.02717574137969999,1.8376032676504173,3,5,6042.228960071336,True,0.5,0.0
2019-01-13 12:00:00+00:00,61.06253400456911,1.0248359284314326,0.982,1.0636,0.027627622275109294,1.8241757345846206,3,5,5931.732519789553,True,0.5,0.0
2019-01-13 13:00:00+00:00,57.16708483203328,1.025917514584179,0.982,1.0636,0.028548056441564943,1.7514759504629316,3,6,5830.721946411347,True,0.5,0.0
2019-01-13 14:00:00+00:00,54.96147382590376,1.0262163123134167,0.982,1.0636000000000003,0.028888569152679285,1.688191664818305,3,7,5799.761124600981,True,0.5,0.0
2019-01-13 15:00:00+00:00,54.689918697781884,1.0255105289621385,0.982,1.0635999999999999,0.02841175166880478,1.6491831669035146,3,7,5884.603314300006,True,0.5,0.0
2019-01-13 16:00:00+00:00,58.395488612079916,1.0228613759738328,0.982,1.0636000000000003,0.02682446276526092,1.683915988921913,3,5,6160.59999168178,True,0.5,0.0
2019-01-13 17:00:00+00:00,61.12356069641078,1.02122052438362,0.982,1.0635999999999999,0.026254873126351257,1.718808295427823,3,5,6285.197854728001,True,0.5,0.0
2019-01-13 18:00:00+00:00,61.52213399642542,1.0219799185085405,0.982,1.0636000000000005,0.026425519617576033,1.743939243912475,3,5,6141.387146277206,True,0.5,0.0
2019-01-13 19:00:00+00:00,58.09380668079528,1.0244096883049498,0.982,1.0636,0.027693978713504503,1.7115595766531007,3,6,5887.071779329846,True,0.5,0.0
2019-01-13 20:00:00+00:00,57.22170716509091,1.0255578955410205,0.982,1.0635999999999999,0.028476948378264425,1.704672651333569,3,7,5749.922545091483,True,0.5,0.0
2019-01-13 21:00:00+00:00,53.39788859207127,1.0268242642412788,0.982,1.0636000000000003,0.029500020593102416,1.6340934077827127,3,8,5746.343858014432,True,0.5,0.0
2019-01-13 22:00:00+00:00,47.931900873947896,1.0296613058881792,0.982,1.0636000000000003,0.03178792498523796,1.5554556563257589,2,9,5509.661236274335,True,0.5,0.0
2019-01-13 23:00:00+00:00,46.92402356638237,1.0315188044581822,0.982,1.0636,0.03358240297508741,1.561711670214852,2,9,5238.330596878675,True,0.5,0.0
2019-01-14 00:00:00+00:00,43.692855328239126,1.0334078700879592,0.982,1.0636000000000003,0.035412009756795516,1.5141548449465023,2,10,5048.999525624173,True,0.5,0.0
2019-01-14 01:00:00+00:00,41.11717995089848,1.0343104986005778,0.982,1.064388293202089,0.03628924096485182,1.4634990505656411,2,10,4992.619704406365,True,0.5,0.0
2019-01-14 02:00:00+00:00,39.32678869406534,1.0345463646626814,0.982,1.064573956482968,0.036522891034112985,1.4169278962657967,2,11,5036.568555544884,True,0.5,0.0
2019-01-14 03:00:00+00:00,38.84293630437626,1.034054734911083,0.982,1.0640368879814746,0.03605062170088954,1.3810364415389185,2,10,5176.9817149557775,True,0.5,0.0
2019-01-14 04:00:00+00:00,42.131759805298216,1.030940146623651,0.982,1.0636000000000003,0.033051021377351227,1.403332476357973,2,9,5585.7442256208615,True,0.5,0.0
2019-01-14 05:00:00+00:00,48.43547980792351,1.0244098052460449,0.982,1.0636000000000003,0.028082592111027437,1.3869265142682887,2,7,6477.031035204946,True,0.5,0.0
2019-01-14 06:00:00+00:00,54.53064267275248,1.0190631299676642,0.9770835276151525,1.0636000000000005,0.026021896793598655,1.354347398912449,3,1,7177.971879827096,True,0.5,0.0
2019-01-14 07:00:00+00:00,56.08369846185033,1.0174609139439665,0.974370180455142,1.0635999999999999,0.02567227479577137,1.3654194071527872,3,1,7441.1913127946045,True,0.5,0.0
2019-01-14 08:00:00+00:00,60.39200795517824,1.0172668010467265,0.9763371027027773,1.0636000000000005,0.02496352387009473,1.6186410705935443,3,1,7502.501785769953,True,0.5,0.0
2019-01-14 09:00:00+00:00,92.85585877432521,1.0107603162380336,0.9683457672222922,1.0635999999999999,0.022886344550681822,2.4164411752940493,3,1,7444.563380281347,True,0.5,0.0
2019-01-14 10:00:00+00:00,146.33411446266814,0.9960977509746669,0.9432420229341114,1.0636,0.029194461266130976,3.204549932996938,5,4,7547.720702709697,True,0.5,0.0
2019-01-14 11:00:00+00:00,168.17896822804568,0.9902093588958161,0.9325149170175573,1.0636,0.03299729199545333,3.425528327708219,7,7,7516.0114052212975,True,0.5,0.0
2019-01-14 12:00:00+00:00,140.2827710548764,0.997671991414067,0.946450092357124,1.0636000000000003,0.02825011284339817,3.0842418286740347,4,4,7516.7064903587225,True,0.5,0.0
2019-01-14 13:00:00+00:00,101.5865286537509,1.0082510275282233,0.9646017758260679,1.0635999999999997,0.02311740278602332,2.511268441790813,3,1,7411.5641637100725,True,0.5,0.0
2019-01-14 14:00:00+00:00,63.832200886531446,1.0170239664074574,0.9766554809953774,1.0636,0.02478884734722562,1.7072300783464684,3,1,7375.012810122189,True,0.5,0.0
2019-01-14 15:00:00+00:00,55.00167659981642,1.017580297046103,0.9744326171443298,1.0636000000000005,0.025809733898947973,1.3475574289682735,3,1,7402.692570157757,True,0.5,0.0
2019-01-14 16:00:00+00:00,56.960108408553246,1.0148074514529777,0.9687079350931583,1.0636,0.02579263281783318,1.2491600347541858,3,1,7725.64906032498,True,0.5,0.0
2019-01-14 17:00:00+00:00,55.06712951335899,1.0159275843771178,0.9712260429607981,1.0636000000000003,0.025726113947639816,1.2233468313181044,3,1,7632.919037246576,True,0.5,0.0
2019-01-14 18:00:00+00:00,51.99319856625845,1.0179986220618455,0.9752606477075527,1.0636,0.025865950879619348,1.1935863416593906,3,1,7426.301020847249,True,0.5,0.0
2019-01-14 19:00:00+00:00,47.38341643700013,1.021464242769967,0.982,1.0636000000000003,0.026985598236339767,1.1756792528094866,2,2,7039.890824464,True,0.5,0.0
2019-01-14 20:00:00+00:00,43.83862203095918,1.0247710870884288,0.982,1.0636,0.02835474107870268,1.1772565886431468,2,8,6653.284173346961,True,0.5,0.0
2019-01-14 21:00:00+00:00,39.861220472423156,1.0274673807102,0.982,1.0636,0.03020074941068725,1.1490517404119718,2,8,6360.095026468103,True,0.5,0.0
2019-01-14 22:00:00+00:00,35.98591406534637,1.0312855065558046,0.982,1.0635999999999997,0.03341427623591893,1.1474302138634753,2,9,5880.195503835698,True,0.5,0.0
2019-01-14 23:00:00+00:00,33.6770487607526,1.033294314495159,0.982,1.0636,0.035347357619331485,1.142627463321795,2,9,5622.494022128741,True,0.5,0.0
2019-01-15 00:00:00+00:00,32.89185695283545,1.0343882091314418,0.982,1.0636,0.03640726652621982,1.168022242708823,2,11,5434.102545959677,True,0.5,0.0
2019-01-15 01:00:00+00:00,31.862052132865955,1.0349411303385558,0.982,1.0644607633774514,0.03694831562019613,1.1440520087199748,2,11,5361.7302044067355,True,0.5,0.0
2019-01-15 02:00:00+00:00,33.058246127196334,1.034525352053201,0.982,1.0639524213207938,0.03654640809396853,1.1840047471932653,2,11,5373.622008161515,True,0.5,0.0
2019-01-15 03:00:00+00:00,35.04353156658675,1.0335740577557158,0.982,1.0635999999999999,0.03561774046025388,1.2194588169034013,2,10,5479.4142507520155,True,0.5,0.0
2019-01-15 04:00:00+00:00,38.281501971617956,1.0309881535897762,0.982,1.0636000000000008,0.033114480006087424,1.2508376654928544,2,9,5812.5413466615955,True,0.5,0.0
2019-01-15 05:00:00+00:00,45.694733079236016,1.0253719882407484,0.982,1.0636000000000003,0.02864897418934367,1.2916713718967021,2,8,6501.191611870161,True,0.5,0.0
2019-01-15 06:00:00+00:00,53.18433220543628,1.019655213961985,0.9791567500636905,1.0636000000000003,0.026034902312071704,1.316701278563352,3,1,7165.362591972822,True,0.5,0.0
2019-01-15 07:00:00+00:00,55.17719995974503,1.0172638347163268,0.9742005075752428,1.0636000000000008,0.02562350560105216,1.3039337608578385,3,1,7485.938516419084,True,0.5,0.0
2019-01-15 08:00:00+00:00,56.12906591095271,1.0182255090731276,0.9778290673964162,1.0636,0.025249182087176292,1.4760662522371073,3,1,7462.334519272162,True,0.5,0.0
2019-01-15 09:00:00+00:00,65.03627690481952,1.0162121134023876,0.975859682894289,1.0636000000000005,0.024378927941168513,1.7054955256393562,3,1,7571.749899111324,True,0.5,0.0
2019-01-15 10:00:00+00:00,75.34138418753078,1.013111711326188,0.9710706944758697,1.0635999999999999,0.023823738457526063,1.9637494707298178,3,1,7680.059801009499,True,0.5,0.0
2019-01-15 11:00:00+00:00,85.88802726082233,1.01113673780481,0.9685965254884887,1.0635999999999999,0.023301372077987468,2.2429839248058125,3,1,7599.498668589666,True,0.5,0.0
2019-01-15 12:00:00+00:00,85.78975310599623,1.0114734251887672,0.9687979126957453,1.0636,0.0233573789318588,2.1959437213226844,3,1,7565.521997858756,True,0.5,0.0
2019-01-15 13:00:00+00:00,73.40647929778856,1.0148350416833536,0.9741387933806099,1.0636000000000005,0.023987795608480144,1.859452157949979,3,1,7451.398275967318,True,0.5,0.0
2019-01-15 14:00:00+00:00,62.66040333203851,1.0164832344918362,0.9742571442371281,1.0636000000000003,0.02511530465263113,1.6239337525568474,3,1,7413.636335917896,True,0.5,0.0
2019-01-15 15:00:00+00:00,60.607876724440686,1.0161844570987786,0.9720271867343996,1.0636,0.025630317263207636,1.4837682754643982,3,1,7389.128885325113,True,0.5,0.0
2019-01-15 16:00:00+00:00,62.93356589249904,1.0141983797276686,0.9680850380898991,1.0636,0.025661150268230442,1.483287161983588,3,1,7578.25294030551,True,0.5,0.0
2019-01-15 17:00:00+00:00,61.91970975790706,1.014775719784906,0.9694094603894761,1.0636,0.025652620557170967,1.4808681071748213,3,1,7503.186984036086,True,0.5,0.0
2019-01-15 18:00:00+00:00,59.70240143499173,1.0162530211406802,0.9721036974246915,1.0636,0.025763359665298014,1.463411793425641,3,1,7342.172812003113,True,0.5,0.0
2019-01-15 19:00:00+00:00,54.95234173974828,1.0195575854350893,0.9788375255596555,1.0636000000000003,0.02610595745200624,1.4333813877243722,3,2,6984.423966654984,True,0.5,0.0
2019-01-15 20:00:00+00:00,50.97405469504365,1.0227194625617426,0.982,1.0636000000000003,0.027175330350911252,1.4035924807292126,2,5,6644.208542986866,True,0.5,0.0
2019-01-15 21:00:00+00:00,45.99625988349551,1.0258881020480741,0.982,1.0636000000000005,0.02896902846636678,1.3514478170909359,2,8,6333.219447454307,True,0.5,0.0
2019-01-15 22:00:00+00:00,41.90073141395453,1.0293690771038624,0.982,1.0635999999999999,0.03159489415933195,1.335316990769845,2,9,5908.733468173577,True,0.5,0.0
2019-01-15 23:00:00+00:00,38.21431396806944,1.032209242548123,0.982,1.0636,0.03429141695105975,1.3050338989866967,2,9,5580.8685094514485,True,0.5,0.0
2019-01-16 00:00:00+00:00,35.27836087794442,1.0341800902991616,0.982,1.0636000000000003,0.03620430204326702,1.2643507608229299,2,11,5351.830101642279,True,0.5,0.0
2019-01-16 01:00:00+00:00,33.00471491570405,1.0352024588372708,0.982,1.0645817825934383,0.037201773981115904,1.2081111840794552,2,11,5254.306904950468,True,0.5,0.0
2019-01-16 02:00:00+00:00,32.13215044006054,1.0353070796800148,0.982,1.0647932669947444,0.03731245081205486,1.1774982771887694,2,11,5261.830759825566,True,0.5,0.0
2019-01-16 03:00:00+00:00,32.38323996770402,1.0340409140396911,0.982,1.0639864482462178,0.03609219670788145,1.1340331177371556,2,10,5456.631531753793,True,0.5,0.0
2019-01-16 04:00:00+00:00,33.31070327124054,1.0320832879257251,0.982,1.0635999999999994,0.034220149165338706,1.0689924354520304,2,9,5778.846922038895,True,0.5,0.0
2019-01-16 05:00:00+00:00,40.51180383129886,1.0264026541706406,0.982,1.0636000000000003,0.029415505379437008,1.0813413581797502,2,8,6522.163182429918,True,0.5,0.0
2019-01-16 06:00:00+00:00,48.02214501422389,1.0206153510660148,0.9814205576821844,1.0636,0.02642025299021938,1.0888548467568597,2,1,7212.630310680491,True,0.5,0.0
2019-01-16 07:00:00+00:00,49.05187841454023,1.019387407059038,0.9797258010722399,1.0636,0.025836235755463115,1.1314378993094143,2,1,7423.8661985057415,True,0.5,0.0
2019-01-16 08:00:00+00:00,52.41330211669322,1.019850334352741,0.982,1.0636,0.02549962803151336,1.4628332174229224,3,1,7426.382825193833,True,0.5,0.0
2019-01-16 09:00:00+00:00,86.27071163767289,1.012006977413539,0.972970878459053,1.0636,0.022760778334687648,2.4784584371671743,3,1,7466.534632089674,True,0.5,0.0
2019-01-16 10:00:00+00:00,151.31612424679088,0.994822444828007,0.9426742366811972,1.0635999999999999,0.0298841385843282,3.4329042890192665,5,5,7511.730131629429,True,0.5,0.0
2019-01-16 11:00:00+00:00,195.29875041184323,0.9825171475006544,0.918323543487973,1.0636,0.03836982900271251,3.8399252629158087,7,10,7497.693891801309,True,0.5,0.0
2019-01-16 12:00:00+00:00,174.17211099868095,0.9885728067845488,0.9307284517722532,1.0635999999999997,0.0340786278013484,3.662567765335547,7,8,7487.8295190133595,True,0.5,0.0
2019-01-16 13:00:00+00:00,103.46524819635856,1.008439863444746,0.9669627756877003,1.0636000000000003,0.022619375180311294,2.8181315887347473,3,1,7355.415481683274,True,0.5,0.0
2019-01-16 14:00:00+00:00,53.567419296213885,1.0203747414293833,0.982,1.0636000000000003,0.02546749441609149,1.5287264741499291,3,1,7284.597136701343,True,0.5,0.0
2019-01-16 15:00:00+00:00,47.097912182271486,1.0200779010081213,0.9811801900309279,1.0636,0.02613598143066463,1.1306170498164114,2,1,7318.920119512826,True,0.5,0.0
2019-01-16 16:00:00+00:00,52.334661920276545,1.0165111585068383,0.9734456567631309,1.0636,0.02551870740515679,1.1205723504061338,3,1,7633.258766354068,True,0.5,0.0
2019-01-16 17:00:00+00:00,52.20950917003513,1.0170540385878322,0.9745748622175147,1.0636,0.02553981809472793,1.159625400076545,2,1,7550.334291937889,True,0.5,0.0
2019-01-16 18:00:00+00:00,51.155983910163464,1.018340922104081,0.9768595327716433,1.0635999999999999,0.025758495199899353,1.1943364953293998,2,1,7369.803093705854,True,0.5,0.0
2019-01-16 19:00:00+00:00,47.937270684604655,1.0220594521303399,0.982,1.0636000000000003,0.026932633465902533,1.2329422781133845,2,3,6910.943609341761,True,0.5,0.0
2019-01-16 20:00:00+00:00,45.97228273477019,1.0244781349674683,0.982,1.0636,0.028135515084792607,1.262277661098114,2,7,6581.951251923139,True,0.5,0.0
2019-01-16 21:00:00+00:00,42.632360065968,1.0271062539342002,0.982,1.0636,0.02986930871312355,1.2542553191414532,2,8,6287.893354316913,True,0.5,0.0
2019-01-16 22:00:00+00:00,40.35023206692469,1.0298033225657057,0.982,1.0636,0.03199621473835788,1.2890807283425323,2,9,5899.809017733547,True,0.5,0.0
2019-01-16 23:00:00+00:00,38.66357065831813,1.031786836329756,0.982,1.0635999999999999,0.03391729485922731,1.3025858182373773,2,9,5602.569525488667,True,0.5,0.0
2019-01-17 00:00:00+00:00,37.434587457139955,1.0329676083172592,0.982,1.0636000000000003,0.035054055645731205,1.3024910024196032,2,9,5433.745812601321,True,0.5,0.0
2019-01-17 01:00:00+00:00,37.13785484758432,1.033667070512585,0.982,1.0636,0.035722785079296195,1.3208159363806344,2,10,5308.5571952142445,True,0.5,0.0
2019-01-17 02:00:00+00:00,37.650124106719105,1.0334898194907707,0.982,1.0636000000000003,0.035543897712943834,1.3340671848754926,2,10,5318.2562125966915,True,0.5,0.0
2019-01-17 03:00:00+00:00,38.78574091442845,1.0322673652091474,0.982,1.0636,0.034357681901670156,1.329449172673232,2,9,5498.806825359838,True,0.5,0.0
2019-01-17 04:00:00+00:00,39.93797384698938,1.0303633466949753,0.982,1.0635999999999999,0.032535396242214513,1.3035345399071354,2,9,5791.694102500005,True,0.5,0.0
2019-01-17 05:00:00+00:00,45.237159718608325,1.0249593794426488,0.982,1.0635999999999999,0.028392109703883766,1.2769513111745665,2,8,6536.2942239817085,True,0.5,0.0
2019-01-17 06:00:00+00:00,51.53532759874693,1.0195235373509672,0.9791731190407864,1.0636,0.025980031725835823,1.2408785131360742,2,1,7227.187708614197,True,0.5,0.0
2019-01-17 07:00:00+00:00,52.47646909522334,1.018099469651865,0.9767110843286393,1.0635999999999999,0.025557792914678273,1.260571314970693,2,1,7481.079277693876,True,0.5,0.0
2019-01-17 08:00:00+00:00,54.10689493345442,1.0193613284564542,0.9812915559280802,1.0636000000000003,0.02544760069957186,1.475282148072239,3,1,7453.873044711008,True,0.5,0.0
2019-01-17 09:00:00+00:00,69.12477110394038,1.0162040549257054,0.9769983851311068,1.0636,0.023974308673589673,1.928138262074909,3,1,7510.46477973329,True,0.5,0.0
2019-01-17 10:00:00+00:00,88.14769596188225,1.0109974748361041,0.9685723825915649,1.0635999999999999,0.023080396727943788,2.405736019794504,3,1,7605.852242618367,True,0.5,0.0
2019-01-17 11:00:00+00:00,90.20709969129395,1.0105931300558726,0.96841719604984,1.0635999999999999,0.022975922507118243,2.4677920306949765,3,1,7578.961702009867,True,0.5,0.0
2019-01-17 12:00:00+00:00,82.708700029062,1.0125850448696236,0.9715401936230937,1.0635999999999999,0.023265353374022604,2.3092750197277843,3,1,7565.643068753805,True,0.5,0.0
2019-01-17 13:00:00+00:00,64.81744323263348,1.0172264267701077,0.9792907312506947,1.0636000000000003,0.024270929162034067,1.8544014646992775,3,1,7468.156512531257,True,0.5,0.0
2019-01-17 14:00:00+00:00,49.88400097862409,1.0208666164680598,0.982,1.0635999999999997,0.02601203976109419,1.3692463826782364,3,1,7341.675258372832,True,0.5,0.0
2019-01-17 15:00:00+00:00,49.09549209481718,1.0200931847134929,0.9810607888440194,1.0636000000000005,0.02606675220309091,1.1440525327091557,2,1,7306.317340816658,True,0.5,0.0
2019-01-17 16:00:00+00:00,54.37646111739334,1.0167124575057656,0.9739885384151226,1.0636000000000003,0.025383852294338476,1.1949485895799992,3,1,7589.186419107798,True,0.5,0.0
2019-01-17 17:00:00+00:00,54.38250343017692,1.0164240451682638,0.9733124869934375,1.0636,0.025469137567404765,1.206553678233802,3,1,7594.284023575961,True,0.5,0.0
2019-01-17 18:00:00+00:00,51.95350971373244,1.0178944089984108,0.9759354104240928,1.0636,0.025714131455784547,1.1928273798919875,2,1,7420.285476184871,True,0.5,0.0
2019-01-17 19:00:00+00:00,47.884192323001606,1.021073029371651,0.982,1.0635999999999994,0.02663096899370798,1.1800676560908452,2,2,7063.668765964747,True,0.5,0.0
2019-01-17 20:00:00+00:00,43.75789706614229,1.0243265425521155,0.982,1.0635999999999999,0.02807183816150272,1.147418633454165,2,7,6708.774501855905,True,0.5,0.0
2019-01-17 21:00:00+00:00,38.879787559004185,1.027537898024906,0.982,1.0636,0.030228637315212994,1.0778241920932226,2,8,6385.323652982028,True,0.5,0.0
2019-01-17 22:00:00+00:00,32.763988114114795,1.0316041074492626,0.982,1.0636000000000003,0.033777306695085635,0.9916865329771637,0,9,5925.2509782494,True,0.5,0.0
2019-01-17 23:00:00+00:00,29.41103861208086,1.0337221497559153,0.982,1.0635999999999999,0.035818945128352896,0.9064143229395489,0,10,5702.502409816257,True,0.5,0.0
2019-01-18 00:00:00+00:00,26.461661724435462,1.0357619944539045,0.982,1.065152726288366,0.037785237348839894,0.8408264776445457,0,11,5466.109349793699,True,0.5,0.0
2019-01-18 01:00:00+00:00,24.21169850784456,1.036825005852931,0.982,1.066992106033213,0.038817420880526615,0.7356977541970142,0,12,5333.321307402519,True,0.5,0.0
2019-01-18 02:00:00+00:00,23.668340131212158,1.0369174362239755,0.982,1.0673420409085492,0.03891013896271031,0.7138434661060896,0,12,5322.75022317556,True,0.5,0.0
2019-01-18 03:00:00+00:00,24.77498283544988,1.036118147285102,0.982,1.0662039287162033,0.03813702708851898,0.7148221514768476,0,12,5438.300029390215,True,0.5,0.0
2019-01-18 04:00:00+00:00,27.15776447797205,1.0342938995365087,0.982,1.0635999999999994,0.036366679436048883,0.726339304187785,0,11,5695.85485299621,True,0.5,0.0
2019-01-18 05:00:00+00:00,35.674528562725264,1.0280833952672421,0.982,1.0635999999999999,0.030500098130742226,0.7932373940013268,0,8,6429.498644795429,True,0.5,0.0
2019-01-18 06:00:00+00:00,44.58452154431586,1.0222484804889158,0.982,1.0635999999999999,0.02670914732340031,0.8592572277206327,0,2,7090.038798879109,True,0.5,0.0
2019-01-18 07:00:00+00:00,44.59964871540319,1.0212760246539578,0.982,1.0636,0.026302241226201353,0.820060085033846,0,2,7311.767466985993,True,0.5,0.0
2019-01-18 08:00:00+00:00,37.706937872225055,1.0240915452021424,0.982,1.0636,0.027721339139547625,0.9204583062431203,0,4,7365.949256628041,True,0.5,0.0
2019-01-18 09:00:00+00:00,64.05630744100975,1.0187145440053185,0.982,1.0635999999999999,0.02495675217591162,2.299018113492706,2,1,7327.313207538165,True,0.5,0.0
2019-01-18 10:00:00+00:00,176.99028128078515,0.9876869385712465,0.9222564829072545,1.0636000000000005,0.035914922085645166,3.9132940811702612,9,9,7331.114331446355,True,0.5,0.0
2019-01-18 11:00:00+00:00,208.44946834763388,0.9793081393390759,0.9057521406079606,1.0636000000000003,0.041934654737253094,4.2710842960199935,9,14,7235.236071994963,True,0.5,0.0
2019-01-18 12:00:00+00:00,192.16605112872057,0.9849831348663579,0.9174728846811613,1.0636000000000005,0.03775350090078606,4.167397757005245,9,10,7091.498242230117,True,0.5,0.0
2019-01-18 13:00:00+00:00,138.25977071538577,1.000722092703245,0.9482516192147169,1.0635999999999999,0.027461393639844723,3.5749005594648513,6,2,6981.999026221858,True,0.5,0.0
2019-01-18 14:00:00+00:00,37.893703923073815,1.0267251427529265,0.982,1.0636,0.029286344204785583,1.4589472589057464,1,8,6941.199760234904,True,0.5,0.0
2019-01-18 15:00:00+00:00,41.868480793478064,1.024088454787942,0.982,1.0636000000000003,0.027516097717565476,0.7378471723509674,0,2,6907.984878747318,True,0.5,0.0
2019-01-18 16:00:00+00:00,46.505686196424165,1.0196295623473377,0.981665734533755,1.0636,0.02591725310455667,0.7767097083321092,0,2,7195.424951590903,True,0.5,0.0
2019-01-18 17:00:00+00:00,46.45286385769684,1.0198482209093787,0.982,1.0636,0.025952203371986744,0.7717796516258283,0,2,7187.118694366678,True,0.5,0.0
2019-01-18 18:00:00+00:00,46.147630839394736,1.0216687979911545,0.982,1.0636000000000003,0.026424257431707104,0.7938966609948718,0,2,7010.831613805839,True,0.5,0.0
2019-01-18 19:00:00+00:00,41.7322314102731,1.0252918389009709,0.982,1.0636,0.028335109816286053,0.7833261399690201,0,3,6619.905970994712,True,0.5,0.0
2019-01-18 20:00:00+00:00,38.19165391932178,1.0277908271609641,0.982,1.0636000000000003,0.030173788719719357,0.75564512970567,0,8,6339.933649840336,True,0.5,0.0
2019-01-18 21:00:00+00:00,35.08493556365562,1.0300658334780424,0.982,1.0636000000000003,0.03225938191038873,0.7264139103198336,0,8,6086.2981203735435,True,0.5,0.0
2019-01-18 22:00:00+00:00,30.776448573047062,1.0330453185395312,0.982,1.0635999999999999,0.03514669593285798,0.6822187373651089,0,9,5750.844840666182,True,0.5,0.0
2019-01-18 23:00:00+00:00,27.24377397277417,1.0357380316904699,0.982,1.064454732178815,0.037755330997559046,0.6467294859786945,0,11,5433.6828580915335,True,0.5,0.0
2019-01-19 00:00:00+00:00,25.94763490581772,1.0368976789182942,0.982,1.0664061615664469,0.03886723654145964,0.6341429911146004,0,12,5258.344193603594,True,0.5,0.0
2019-01-19 01:00:00+00:00,25.761633950557155,1.0372041703003099,0.982,1.0673919205649456,0.03915302221867521,0.6239711624097867,0,12,5155.407242514979,True,0.5,0.0
2019-01-19 02:00:00+00:00,24.288372216975354,1.038323484342596,0.982,1.0684937331899305,0.04024542644172328,0.6025847723687742,0,14,5031.355160540432,True,0.5,0.0
2019-01-19 03:00:00+00:00,23.907465470892163,1.0386161278019848,0.982,1.068901812232227,0.04052808293866536,0.6004792203454292,0,15,4996.324201339622,True,0.5,0.0
2019-01-19 04:00:00+00:00,23.028136320224178,1.0389199222722125,0.982,1.0689758877427813,0.04082731728478563,0.5884938962910939,0,15,4965.114918395023,True,0.5,0.0
2019-01-19 05:00:00+00:00,23.361127132332236,1.038524540056009,0.982,1.0682625314913714,0.04044970322239431,0.5919722966516348,0,14,5028.458173595422,True,0.5,0.0
2019-01-19 06:00:00+00:00,26.186380628747735,1.0362563137341676,0.982,1.065458934823738,0.03825631367113747,0.6274640513150423,0,11,5316.941456257013,True,0.5,0.0
2019-01-19 07:00:00+00:00,25.24649337944353,1.0345757676618053,0.982,1.0636,0.03664274648990346,0.5903688844201015,0,11,5723.2473742536595,True,0.5,0.0
2019-01-19 08:00:00+00:00,37.4400890074579,1.0315449866660396,0.982,1.0635999999999999,0.03371113484117095,1.7819340124564333,2,9,6088.960616874571,True,0.5,0.0
2019-01-19 09:00:00+00:00,120.19723313842105,1.0092497274732735,0.966606341993918,1.0636,0.02358409420833377,3.5557177488479463,4,1,6233.818154173466,True,0.5,0.0
2019-01-19 10:00:00+00:00,126.27032245694721,1.0069387415535158,0.9615575883563757,1.0636000000000003,0.024549139763518506,3.619593238562577,5,1,6290.729320060966,True,0.5,0.0
2019-01-19 11:00:00+00:00,120.04658939147264,1.0093144403662797,0.9660705239381762,1.0635999999999997,0.023967760110233504,3.5525167502521997,4,1,6164.680223069452,True,0.5,0.0
2019-01-19 12:00:00+00:00,106.32565098131506,1.0143793682385525,0.9762325007368002,1.0636000000000003,0.023564266855824377,3.3934320278528274,4,1,5917.684951949825,True,0.5,0.0
2019-01-19 13:00:00+00:00,94.70393854518892,1.0183923638225958,0.982,1.0636,0.024326975152007525,3.2550893259204727,3,3,5718.843350251285,True,0.5,0.0
2019-01-19 14:00:00+00:00,32.0323564063866,1.034287711000807,0.982,1.0635999999999999,0.036395708967458806,1.6781714494091988,1,10,5738.213983159259,True,0.5,0.0
2019-01-19 15:00:00+00:00,28.33414442791488,1.0324337762049043,0.982,1.0635999999999997,0.03457416325919049,0.6059723499229901,0,9,5883.053594357546,True,0.5,0.0
2019-01-19 16:00:00+00:00,37.70725282581262,1.0272974334505571,0.982,1.0635999999999999,0.02974268257992981,0.7143614887095873,0,8,6306.445744629334,True,0.5,0.0
2019-01-19 17:00:00+00:00,37.43681713274771,1.0271459189006218,0.982,1.0636000000000003,0.029654561340752783,0.734629005826328,0,8,6382.684969956499,True,0.5,0.0
2019-01-19 18:00:00+00:00,34.82220997646553,1.0288671939051417,0.982,1.0636,0.031114362828972064,0.7280201641687262,0,8,6201.159490815427,True,0.5,0.0
2019-01-19 19:00:00+00:00,29.98131619713454,1.0324134416175177,0.982,1.0636,0.03454927472194084,0.6912129218516863,0,9,5802.037880361405,True,0.5,0.0
2019-01-19 20:00:00+00:00,27.129121695501347,1.0348079474819931,0.982,1.063802849664975,0.03687386793687277,0.6642836358143812,0,11,5534.29855189467,True,0.5,0.0
2019-01-19 21:00:00+00:00,26.52752297559143,1.035409391424793,0.982,1.064450375478578,0.03745220918693821,0.6544638262833502,0,11,5462.688444624545,True,0.5,0.0
2019-01-19 22:00:00+00:00,24.77005299221716,1.036666933787459,0.982,1.066401607338642,0.03866851170111328,0.6297817642987555,0,12,5264.7253301261935,True,0.5,0.0
2019-01-19 23:00:00+00:00,22.688706516143288,1.0385458420103901,0.982,1.0686978125907078,0.04047267246125375,0.5996341712835498,0,15,5016.375563942471,True,0.5,0.0
2019-01-20 00:00:00+00:00,21.545877709601225,1.0398518933299268,0.982,1.0705175745553546,0.04173394461197798,0.5742545460390213,0,16,4816.772814390505,True,0.5,0.0
2019-01-20 01:00:00+00:00,21.053128298785545,1.0404999391180438,0.982,1.071421611112989,0.04238199040009481,0.5569193860614926,0,16,4703.42143277413,True,0.5,0.0
2019-01-20 02:00:00+00:00,21.075860904993455,1.040656803906513,0.982,1.0719075742634365,0.04253885518856421,0.5450306860765082,0,16,4636.350595067686,True,0.5,0.0
2019-01-20 03:00:00+00:00,21.139611159775356,1.0408321897768162,0.982,1.0721372563365397,0.042714241058867564,0.5368646262369707,0,16,4595.963003632316,True,0.5,0.0
2019-01-20 04:00:00+00:00,20.617846171685073,1.041268772293878,0.982,1.0724055569769277,0.043150823575929316,0.5219112644597973,0,16,4536.884217794281,True,0.5,0.0
2019-01-20 05:00:00+00:00,19.755009891751946,1.0418472030264052,0.982,1.0729285327834963,0.0437292543084566,0.5053773442652955,0,16,4458.746358541805,True,0.5,0.0
2019-01-20 06:00:00+00:00,21.345184427255084,1.0405158805541994,0.982,1.0711881028420225,0.04239793183625052,0.5208293950342446,0,16,4623.318483362766,True,0.5,0.0
2019-01-20 07:00:00+00:00,19.69926392714293,1.0394803411824767,0.982,1.0694473142216114,0.041367889846318326,0.5144478271799133,0,16,4958.252097055672,True,0.5,0.0
2019-01-20 08:00:00+00:00,26.918701189275456,1.0373845397513997,0.982,1.0655502266352264,0.03935233149091777,1.5317685655076858,1,12,5349.257135466393,True,0.5,0.0
2019-01-20 09:00:00+00:00,86.78989555387784,1.0209750531020347,0.982,1.0636,0.025433747592674458,3.1336658261470696,3,5,5534.6078779227955,True,0.5,0.0
2019-01-20 10:00:00+00:00,95.68970287906701,1.0177790995058684,0.982,1.0636000000000003,0.024280912311835764,3.2594035826642416,4,2,5696.803418958121,True,0.5,0.0
2019-01-20 11:00:00+00:00,95.97076816264033,1.0178079610937196,0.982,1.0636000000000008,0.02431616932455471,3.2623277715183576,4,2,5698.174034751533,True,0.5,0.0
2019-01-20 12:00:00+00:00,88.10079574495498,1.0206020645351106,0.982,1.0636000000000003,0.025371772547759307,3.1517996337879186,4,5,5542.953298209874,True,0.5,0.0
2019-01-20 13:00:00+00:00,77.87125270138174,1.024736617606082,0.982,1.0636,0.027373174403662395,2.9899728219532196,3,5,5347.600564340328,True,0.5,0.0
2019-01-20 14:00:00+00:00,22.168648449834723,1.038782741763767,0.982,1.067667968146564,0.040740672219435774,1.2555222198943339,1,15,5292.00847963441,True,0.5,0.0
2019-01-20 15:00:00+00:00,26.645921326719375,1.0349351611679969,0.982,1.0638058476448993,0.03698354433315935,0.5892903076890018,0,11,5448.891017164375,True,0.5,0.0
2019-01-20 16:00:00+00:00,36.89783731767234,1.0291345128457368,0.982,1.0636,0.031352409284479736,0.7070069328602312,0,8,5950.045118080185,True,0.5,0.0
2019-01-20 17:00:00+00:00,38.699620772044504,1.027661267405379,0.982,1.0635999999999999,0.029945371447748545,0.713923860647076,0,8,6138.775920656733,True,0.5,0.0
2019-01-20 18:00:00+00:00,36.9042302489587,1.0287793475164189,0.982,1.0635999999999999,0.031019812504404144,0.6852958436449562,0,8,6019.922912188861,True,0.5,0.0
2019-01-20 19:00:00+00:00,33.577879327559415,1.0311917494843288,0.982,1.0636,0.03335136876117539,0.6485760188565015,0,9,5764.736317057158,True,0.5,0.0
2019-01-20 20:00:00+00:00,31.065333029727064,1.0331498375150927,0.982,1.0635999999999997,0.035255038889819894,0.628840090927519,0,9,5580.038881502248,True,0.5,0.0
2019-01-20 21:00:00+00:00,32.07246820888227,1.0325224757714169,0.982,1.0635999999999999,0.034641058115267236,0.6451083669786437,0,9,5665.518398540552,True,0.5,0.0
2019-01-20 22:00:00+00:00,28.83455795156368,1.034954518093587,0.982,1.0637884987862896,0.03699404846223005,0.6218887858437654,0,11,5414.862384679602,True,0.5,0.0
2019-01-20 23:00:00+00:00,27.33501431862332,1.035988302243481,0.982,1.065238026822345,0.037980091704711554,0.615335198635022,0,11,5288.077142159132,True,0.5,0.0
2019-01-21 00:00:00+00:00,24.711535164893416,1.0378464386833322,0.982,1.0676358719774925,0.039780886618471886,0.5970336537070895,0,13,5077.064114596941,True,0.5,0.0
2019-01-21 01:00:00+00:00,23.34436201643743,1.0387427533975204,0.982,1.0687526016338158,0.04064891819213356,0.5937392256397497,0,15,4988.9559284740435,True,0.5,0.0
2019-01-21 02:00:00+00:00,23.184802039149602,1.0386269753923925,0.982,1.0687552560346827,0.0405443015078645,0.5984527838393441,0,15,5005.66669316662,True,0.5,0.0
2019-01-21 03:00:00+00:00,24.47693844814026,1.0377145078221077,0.982,1.0674095835260866,0.039659505881713714,0.616652255779506,0,13,5145.485268411344,True,0.5,0.0
2019-01-21 04:00:00+00:00,28.435082702482152,1.034614860156731,0.982,1.0635999999999999,0.036669153307717195,0.6578591230805141,0,11,5550.708592591655,True,0.5,0.0
2019-01-21 05:00:00+00:00,39.31668179956779,1.027086615766449,0.982,1.0636000000000003,0.02958115449560075,0.7485816611345969,0,8,6439.415947406624,True,0.5,0.0
2019-01-21 06:00:00+00:00,46.52379048842703,1.0200129386604468,0.982,1.0636,0.02604040910990153,0.777364991510293,0,2,7142.312739728761,True,0.5,0.0
2019-01-21 07:00:00+00:00,45.11455564392108,1.0202642043402714,0.982,1.0636000000000003,0.025924945316434276,0.7692998512788447,0,2,7302.542275062479,True,0.5,0.0
2019-01-21 08:00:00+00:00,38.864030869852186,1.0242653542245965,0.982,1.0636,0.027666453671362817,1.1156256332107488,1,2,7376.88101088669,True,0.5,0.0
2019-01-21 09:00:00+00:00,95.6342484544244,1.0099673810520324,0.9658116436568579,1.0635999999999999,0.02395995423899544,2.9205865806767606,4,1,7433.689519655406,True,0.5,0.0
2019-01-21 10:00:00+00:00,239.98451952815952,0.9680131450184666,0.8821085659313399,1.0635999999999999,0.05041800790081845,4.387296724886068,9,19,7466.440516228694,True,0.5,0.0
2019-01-21 11:00:00+00:00,230.9732490742958,0.9717551059200565,0.8903226610572051,1.063600000000001,0.047498627032495896,4.395671251479409,9,18,7359.776384854377,True,0.5,0.0
2019-01-21 12:00:00+00:00,225.8375269666827,0.973454646429777,0.8934322448097778,1.0635999999999999,0.046267562813228656,4.3654706734214574,9,17,7340.179785115904,True,0.5,0.0
2019-01-21 13:00:00+00:00,136.20822734091405,1.0003199580888766,0.9468890909299933,1.0636,0.02762762414822056,3.5065101700239127,6,4,7210.241039934663,True,0.5,0.0
2019-01-21 14:00:00+00:00,40.95583069779824,1.0257791877263036,0.982,1.0636,0.02854594627820923,1.4989491533716528,1,7,7101.104212477464,True,0.5,0.0
2019-01-21 15:00:00+00:00,43.63984630706625,1.0227852137217606,0.982,1.0636,0.026721073129706712,0.7404137030926341,0,2,7108.684326280947,True,0.5,0.0
2019-01-21 16:00:00+00:00,48.8723038592248,1.0150677085853639,0.9696666767309002,1.0635999999999997,0.026525985212708242,0.8055555555555549,0,1,7401.242118011671,True,0.5,0.0
2019-01-21 17:00:00+00:00,49.781523352945214,1.0135420838332192,0.965521309449094,1.0636000000000008,0.027068224400525764,0.8055555555555536,0,1,7464.312329159064,True,0.5,0.0
2019-01-21 18:00:00+00:00,49.11978218865971,1.0155748877466197,0.9705556256890906,1.0635999999999999,0.026503535061868408,0.8055555555555556,0,1,7369.1269598858735,True,0.5,0.0
2019-01-21 19:00:00+00:00,47.203633861777305,1.0201559042425346,0.982,1.0636,0.026147184779625066,0.7726076812234333,0,2,7047.429260357462,True,0.5,0.0
2019-01-21 20:00:00+00:00,45.429923743371006,1.0234549266662112,0.982,1.0636000000000005,0.027173333408064677,0.7698756405622074,0,2,6726.375971208915,True,0.5,0.0
2019-01-21 21:00:00+00:00,42.53681257407901,1.0255385684134752,0.982,1.0636,0.028478181247644754,0.7538069263557952,0,6,6496.6844251423545,True,0.5,0.0
2019-01-21 22:00:00+00:00,38.04665769831466,1.0287183747762596,0.982,1.0636000000000003,0.03096468671830272,0.724737328396389,0,8,6140.612975551436,True,0.5,0.0
2019-01-21 23:00:00+00:00,33.00879903506754,1.0318947343394755,0.982,1.0636000000000003,0.0340328210018953,0.6928985578227851,0,9,5828.974897655673,True,0.5,0.0
2019-01-22 00:00:00+00:00,30.603789019959308,1.0333420749838684,0.982,1.0636000000000005,0.03542408080842582,0.6856529542645391,0,9,5687.16963657986,True,0.5,0.0
2019-01-22 01:00:00+00:00,28.366108154999523,1.0347370307989705,0.982,1.0637780827937198,0.036771220999344635,0.6798502917642678,0,11,5550.209091737893,True,0.5,0.0
2019-01-22 02:00:00+00:00,26.760179431970727,1.0356321046730073,0.982,1.0645855785263696,0.0376430378320735,0.6743847501827797,0,11,5481.443553148803,True,0.5,0.0
2019-01-22 03:00:00+00:00,27.26239651440735,1.0352217381566287,0.982,1.0639215765283039,0.037254196796980076,0.6861009565119923,0,11,5559.759244833419,True,0.5,0.0
2019-01-22 04:00:00+00:00,30.234571911265387,1.0327099699439377,0.982,1.0636,0.034840654046059426,0.7154260707095517,0,9,5875.003545256683,True,0.5,0.0
2019-01-22 05:00:00+00:00,39.83509271577409,1.0259259777434249,0.982,1.0636,0.028816882877802225,0.7955795856644768,0,7,6650.713301717577,True,0.5,0.0
2019-01-22 06:00:00+00:00,46.79119615172391,1.0201752256577101,0.982,1.0635999999999999,0.02587175502022574,0.8131206704815348,0,2,7277.871301460675,True,0.5,0.0
2019-01-22 07:00:00+00:00,45.55933120268644,1.019552919914117,0.982,1.0636,0.025555608975370125,0.8032664629329032,0,1,7495.584586638168,True,0.5,0.0
2019-01-22 08:00:00+00:00,41.73488793484934,1.0223815309535353,0.982,1.0636,0.026607040708431225,1.1640093620235283,1,1,7593.091555176519,True,0.5,0.0
2019-01-22 09:00:00+00:00,73.27203878399627,1.0151900906708005,0.9774027086586597,1.0636,0.023435975402594802,2.4528288182908393,2,1,7619.47737472115,True,0.5,0.0
2019-01-22 10:00:00+00:00,136.44921087547834,0.9981011112202873,0.9455658350568907,1.0636000000000008,0.0283375849677327,3.4680758021920055,5,4,7663.4968747718885,True,0.5,0.0
2019-01-22 11:00:00+00:00,179.5305010150052,0.9857459656298736,0.9213377243658125,1.0635999999999997,0.036756673646546424,3.9021341548995596,8,9,7649.543540627146,True,0.5,0.0
2019-01-22 12:00:00+00:00,146.12495241252878,0.9955851956032953,0.9403206520782488,1.0636000000000003,0.030120178941389637,3.5835169055342075,6,4,7608.5556777902875,True,0.5,0.0
2019-01-22 13:00:00+00:00,72.59770915583394,1.0153913965377233,0.9777257008963357,1.0636,0.02356753233676355,2.467454783101227,2,1,7555.7539123029455,True,0.5,0.0
2019-01-22 14:00:00+00:00,39.649969017689,1.0230250505558438,0.982,1.0636,0.027012726919617907,1.049713275280453,1,1,7481.5742677371545,True,0.5,0.0
2019-01-22 15:00:00+00:00,45.11522757222055,1.0207152207276728,0.982,1.0635999999999999,0.02606193209979227,0.8552338303919638,0,2,7412.658587843579,True,0.5,0.0
2019-01-22 16:00:00+00:00,50.09770713331859,1.0162221944560916,0.9738921200801194,1.0636000000000003,0.025336240693119315,0.8363910804672744,0,1,7691.131364561004,True,0.5,0.0
2019-01-22 17:00:00+00:00,50.44941368450604,1.0160609663882354,0.9734639884790498,1.0636000000000005,0.025348592428725773,0.8695996987781197,0,1,7716.534513724202,True,0.5,0.0
2019-01-22 18:00:00+00:00,49.4466413951632,1.0175349439299606,0.9766888787246967,1.0636000000000003,0.025338214362830864,0.9101451964787355,0,1,7590.368423816501,True,0.5,0.0
2019-01-22 19:00:00+00:00,45.264537129669314,1.0213854455071334,0.982,1.0636000000000005,0.026582634453254494,0.9005326558839529,0,2,7199.161447525852,True,0.5,0.0
2019-01-22 20:00:00+00:00,41.467796601317815,1.0245739324004017,0.982,1.0635999999999999,0.02808806899982448,0.8655029865734576,0,5,6842.78277237709,True,0.5,0.0
2019-01-22 21:00:00+00:00,38.273684999529934,1.0268944728455536,0.982,1.0636000000000005,0.029634701965731043,0.8313993790151014,0,8,6572.488168364484,True,0.5,0.0
2019-01-22 22:00:00+00:00,34.91795008003031,1.029882116557748,0.982,1.0636000000000003,0.032080810274721254,0.7981068656195643,0,8,6222.153498133037,True,0.5,0.0
2019-01-22 23:00:00+00:00,32.283543327957474,1.031918530032478,0.982,1.0636000000000003,0.03404143813907804,0.7671969970150727,0,9,5976.785550766183,True,0.5,0.0
2019-01-23 00:00:00+00:00,30.05432008121455,1.0335540853563434,0.982,1.0636000000000008,0.035616009303196125,0.7421201870352938,0,10,5770.415429622304,True,0.5,0.0
2019-01-23 01:00:00+00:00,29.14092856678214,1.0341497126185364,0.982,1.0635999999999999,0.03619188858015478,0.725178453269914,0,11,5681.520078802274,True,0.5,0.0
2019-01-23 02:00:00+00:00,28.87668101943268,1.0343924176190078,0.982,1.0636000000000008,0.03643998332150996,0.710880209033221,0,11,5641.610333641717,True,0.5,0.0
2019-01-23 03:00:00+00:00,29.80029620149457,1.0341234712541603,0.982,1.0636000000000003,0.036188048987880195,0.7086328019159911,0,10,5677.404867063447,True,0.5,0.0
2019-01-23 04:00:00+00:00,34.22136806723853,1.0310707739282674,0.982,1.0636,0.033231059906385904,0.7413048636921236,0,9,6011.256775237067,True,0.5,0.0
2019-01-23 05:00:00+00:00,44.83770364931122,1.0241476608043985,0.982,1.0636000000000003,0.027580226826006478,0.8116760643051784,0,3,6756.999553548173,True,0.5,0.0
2019-01-23 06:00:00+00:00,49.34124592542358,1.0162641903587872,0.9721660965819455,1.0636000000000003,0.026242052895340533,0.8016623142204021,0,1,7406.6810902794205,True,0.5,0.0
2019-01-23 07:00:00+00:00,48.582025327898315,1.0157055459509126,0.9716834277350291,1.0636000000000003,0.026134435338029186,0.8014378961228769,0,1,7586.392754350372,True,0.5,0.0
2019-01-23 08:00:00+00:00,42.30720592782748,1.0209244028932853,0.982,1.0635999999999999,0.026179289500831784,0.7891956553706447,0,1,7666.259762751241,True,0.5,0.0
2019-01-23 09:00:00+00:00,47.8136499999561,1.0200994554203444,0.982,1.0635999999999999,0.025872558062018144,1.5404243870223935,1,1,7737.20013591492,True,0.5,0.0
2019-01-23 10:00:00+00:00,66.24622631407848,1.0156594820730298,0.976485681713849,1.0635999999999999,0.024464250771903902,2.24584862912514,4,1,7747.66114679863,True,0.5,0.0
2019-01-23 11:00:00+00:00,72.02740324100334,1.014355384214199,0.9738845532726672,1.0636,0.024263050902278937,2.410831710472291,4,1,7708.653878123411,True,0.5,0.0
2019-01-23 12:00:00+00:00,57.83220680287702,1.0186287123431934,0.982,1.0636,0.025171001657697825,2.0163544181005864,3,1,7625.533176301563,True,0.5,0.0
2019-01-23 13:00:00+00:00,42.56920851374932,1.0225582841407193,0.982,1.0635999999999999,0.026860557103460223,1.3056224473061127,1,1,7535.780620681803,True,0.5,0.0
2019-01-23 14:00:00+00:00,41.52974439178361,1.0222325013532914,0.982,1.0636000000000008,0.02664763618251884,0.728635011133707,0,2,7442.130362162086,True,0.5,0.0
2019-01-23 15:00:00+00:00,47.65321622131249,1.0175618258830517,0.9763548215647582,1.0636000000000003,0.025944486656140946,0.7924246628414503,0,1,7398.695030009219,True,0.5,0.0
2019-01-23 16:00:00+00:00,52.99551827969245,1.010731197164278,0.9572697084910751,1.0636,0.028005153872544566,0.8055555555555144,0,1,7665.980705375904,True,0.5,0.0
2019-01-23 17:00:00+00:00,51.541395821007434,1.0123411284726747,0.9621144569883542,1.0636,0.027309934497290682,0.8055555555555486,0,1,7628.775903802674,True,0.5,0.0
2019-01-23 18:00:00+00:00,49.6092509887099,1.0149326707471102,0.9689849716653428,1.0636,0.02654905118142123,0.8055555555555554,0,1,7485.565341577478,True,0.5,0.0
2019-01-23 19:00:00+00:00,47.670838343048366,1.0197767485567697,0.9816705059680014,1.0635999999999997,0.026061987555507402,0.7720607324953698,0,2,7134.548701462069,True,0.5,0.0
2019-01-23 20:00:00+00:00,46.9804494459888,1.0230184311211312,0.982,1.0636,0.026984932239662626,0.7959500031162261,0,2,6816.774985284873,True,0.5,0.0
2019-01-23 21:00:00+00:00,44.703003749316764,1.0249383306078943,0.982,1.0636,0.028061212510526578,0.7857023004120421,0,3,6604.119137664564,True,0.5,0.0
2019-01-23 22:00:00+00:00,39.88711073455724,1.028430095241726,0.982,1.0635999999999997,0.030671658306541068,0.7465854777547577,0,8,6211.829508690351,True,0.5,0.0
2019-01-23 23:00:00+00:00,36.31707592744837,1.0308617583976492,0.982,1.0636000000000003,0.03301480586415277,0.7150274933198165,0,9,5955.073301644367,True,0.5,0.0
2019-01-24 00:00:00+00:00,34.172685108233345,1.032417993879642,0.982,1.0636000000000005,0.03451397315728665,0.6889609601716049,0,9,5748.945985239581,True,0.5,0.0
2019-01-24 01:00:00+00:00,32.82280127398592,1.0334067842580648,0.982,1.0636,0.03546428978694751,0.673581994284682,0,10,5607.997250830151,True,0.5,0.0
2019-01-24 02:00:00+00:00,33.074079538077086,1.0332395716654554,0.982,1.0635999999999999,0.03530436240233822,0.669159131531485,0,9,5604.463224013984,True,0.5,0.0
2019-01-24 03:00:00+00:00,34.37410813471246,1.0326270517508818,0.982,1.0636,0.03471276582380218,0.6794186608034036,0,9,5666.593615680873,True,0.5,0.0
2019-01-24 04:00:00+00:00,37.136227978533014,1.0305703666122543,0.982,1.0636,0.03273974610716586,0.7100805120600482,0,8,5927.956805038182,True,0.5,0.0
2019-01-24 05:00:00+00:00,47.30889399836039,1.0237634266544207,0.982,1.0636000000000005,0.027197703682424336,0.7640819619126815,0,2,6640.260595556658,True,0.5,0.0
2019-01-24 06:00:00+00:00,49.89753120538546,1.0153767678935781,0.9692798314434364,1.0635999999999999,0.02691667293250058,0.8055555555555554,0,1,7258.242552266171,True,0.5,0.0
2019-01-24 07:00:00+00:00,51.169327470313696,1.0127346841442426,0.9623718405619099,1.0636000000000003,0.027704060238380776,0.8473585235659931,0,1,7465.497283767687,True,0.5,0.0
2019-01-24 08:00:00+00:00,46.31866139255564,1.0181149903161837,0.9792694443574745,1.0636,0.02575453196632858,0.7851046408256463,0,1,7530.653545016727,True,0.5,0.0
2019-01-24 09:00:00+00:00,42.97937265788881,1.0211258146445232,0.982,1.0635999999999999,0.026077618568366958,0.7556415662014434,0,2,7614.99649443445,True,0.5,0.0
2019-01-24 10:00:00+00:00,41.640836055699275,1.0218700600332231,0.982,1.0636000000000003,0.02645293574478642,0.9530408547603109,0,1,7632.920983729444,True,0.5,0.0
2019-01-24 11:00:00+00:00,41.775032286676215,1.0223541748115228,0.982,1.0636,0.02670659525050966,1.113626125863971,1,1,7573.474796533004,True,0.5,0.0
2019-01-24 12:00:00+00:00,40.99434149244209,1.0225738340155583,0.982,1.0636000000000003,0.026775454138749134,0.8731036650699212,0,2,7544.8223021736,True,0.5,0.0
2019-01-24 13:00:00+00:00,42.86459670632508,1.0219153506776866,0.982,1.0635999999999999,0.026422829068848575,0.7331357710255318,0,2,7463.562042924683,True,0.5,0.0
2019-01-24 14:00:00+00:00,47.21540206072564,1.018282112056868,0.9790966151087057,1.0636,0.025921988171327452,0.7897410808646063,0,2,7422.702200346786,True,0.5,0.0
2019-01-24 15:00:00+00:00,51.55160237695907,1.0132884071663353,0.9634420029096711,1.0635999999999999,0.02768964122653012,0.8513451372578934,0,1,7378.740417625524,True,0.5,0.0
2019-01-24 16:00:00+00:00,56.36552533466781,1.0074154952679337,0.9464208857228713,1.0636,0.02988339205250056,0.9665367923313962,0,3,7545.555377708624,True,0.5,0.0
2019-01-24 17:00:00+00:00,56.27242071708296,1.0072062036264542,0.9456774181901554,1.0636,0.029998071218919335,0.9621117357141171,0,3,7547.8365808458,True,0.5,0.0
2019-01-24 18:00:00+00:00,53.18207003190264,1.0110448668768897,0.956669100366359,1.0636000000000008,0.02861822549307644,0.8899042204689906,0,1,7397.701758648395,True,0.5,0.0
2019-01-24 19:00:00+00:00,48.51963142297239,1.0184712954102877,0.9780187715964237,1.0635999999999997,0.02630824722812749,0.8005653794178854,0,2,7017.615899429731,True,0.5,0.0
2019-01-24 20:00:00+00:00,48.45989941586912,1.0220325058532023,0.982,1.0635999999999999,0.026604961174226782,0.766677608808911,0,2,6708.510851357521,True,0.5,0.0
2019-01-24 21:00:00+00:00,47.07682617934148,1.0244740300215216,0.982,1.0635999999999999,0.027588224145795672,0.7829848406645207,0,3,6448.119560126866,True,0.5,0.0
2019-01-24 22:00:00+00:00,42.273322151309586,1.02788513169155,0.982,1.0636,0.03013098946212547,0.7685582464901356,0,7,6082.019539359615,True,0.5,0.0
2019-01-24 23:00:00+00:00,38.26978730563894,1.0302221922896706,0.982,1.0636,0.032388166840174315,0.7381736232342525,0,8,5834.858682319107,True,0.5,0.0
2019-01-25 00:00:00+00:00,35.74617104580808,1.031737845235188,0.982,1.0636000000000005,0.03384889866401516,0.7188344625126919,0,9,5663.658592836529,True,0.5,0.0
2019-01-25 01:00:00+00:00,34.444927705364805,1.032570841235335,0.982,1.0636,0.03465991921929965,0.6916352700774375,0,9,5556.003584777588,True,0.5,0.0
2019-01-25 02:00:00+00:00,33.05788688677073,1.033428706047329,0.982,1.0636000000000003,0.035498823588606086,0.6748695146081959,0,9,5479.918394254345,True,0.5,0.0
2019-01-25 03:00:00+00:00,34.039067186211426,1.0328002585361789,0.982,1.0636,0.034902802184234714,0.6749688101728453,0,9,5561.4876508346715,True,0.5,0.0
2019-01-25 04:00:00+00:00,37.50579164064891,1.0303057111939098,0.982,1.0636,0.0324975549240194,0.7128174026468588,0,8,5864.777751953223,True,0.5,0.0
2019-01-25 05:00:00+00:00,47.23914522147029,1.0234717354586325,0.982,1.0636,0.027014010992924282,0.7540909853782025,0,2,6597.693371682572,True,0.5,0.0
2019-01-25 06:00:00+00:00,49.34222157326765,1.0162671818213191,0.9719000723210045,1.0636,0.02662064759277202,0.8055555555555554,0,1,7184.971089573701,True,0.5,0.0
2019-01-25 07:00:00+00:00,50.70846399382092,1.0137973297129728,0.9653714452462545,1.0636,0.02729592179000518,0.8388146118515468,0,1,7425.17763190171,True,0.5,0.0
2019-01-25 08:00:00+00:00,46.48975468891669,1.0181949137735837,0.9793333960730389,1.0636,0.0257208511710238,0.7846283321168396,0,1,7532.115049242038,True,0.5,0.0
2019-01-25 09:00:00+00:00,42.71014316115728,1.020967822621703,0.982,1.0636,0.026105802207151863,0.763692727350975,0,2,7630.221854465925,True,0.5,0.0
2019-01-25 10:00:00+00:00,40.87116666003868,1.0223023878015705,0.982,1.0636,0.02665830195982904,1.0833934183341294,1,1,7606.1297729176495,True,0.5,0.0
2019-01-25 11:00:00+00:00,42.57701442517863,1.0222746638081996,0.982,1.0636,0.026683997509174048,1.3606853116647646,1,1,7560.625018859136,True,0.5,0.0
2019-01-25 12:00:00+00:00,40.62860906113188,1.023654658464111,0.982,1.0636,0.027375151555730965,1.2934269950371362,1,3,7417.860476151482,True,0.5,0.0
2019-01-25 13:00:00+00:00,37.12881150524173,1.0247867724621529,0.982,1.0636,0.02806411612590707,0.9193065012982566,0,6,7299.246121719077,True,0.5,0.0
2019-01-25 14:00:00+00:00,37.933869575782694,1.024490235409425,0.982,1.0635999999999997,0.027872290618537007,0.6933247236853355,0,2,7184.692277942828,True,0.5,0.0
2019-01-25 15:00:00+00:00,43.09125766513707,1.022707462905181,0.982,1.0636000000000003,0.02680950498546605,0.8088158731297952,0,2,7138.860751113263,True,0.5,0.0
2019-01-25 16:00:00+00:00,47.55464197234021,1.0188080409595082,0.9799645799784271,1.0636000000000003,0.025500934008354154,0.8239921163107299,0,1,7430.356514338961,True,0.5,0.0
2019-01-25 17:00:00+00:00,47.93599356478114,1.0188392911864792,0.9799895498934271,1.0635999999999999,0.02548401256559232,0.8813748569333077,0,1,7463.582897888561,True,0.5,0.0
2019-01-25 18:00:00+00:00,45.89837549383106,1.0203441062491179,0.982,1.0636,0.026149370471338765,0.904555463064534,0,2,7313.8619506264085,True,0.5,0.0
2019-01-25 19:00:00+00:00,40.127342671066515,1.0243691592886706,0.982,1.0635999999999999,0.02800473840935064,0.8670239259125254,0,5,6876.423107564767,True,0.5,0.0
2019-01-25 20:00:00+00:00,36.721105390743226,1.026913282904463,0.982,1.0636,0.02972109537879664,0.8317168073662593,0,8,6567.454241546486,True,0.5,0.0
2019-01-25 21:00:00+00:00,34.644167759438226,1.0282555134305669,0.982,1.0635999999999999,0.030724539041099758,0.8130041808484852,0,8,6406.506802269459,True,0.5,0.0
2019-01-25 22:00:00+00:00,30.766390750630915,1.0309638563126873,0.982,1.0636,0.03319343293753223,0.780007868576772,0,9,6078.21583275346,True,0.5,0.0
2019-01-25 23:00:00+00:00,27.918944933718244,1.033357975540876,0.982,1.0636000000000003,0.035505708277157974,0.750721265087325,0,9,5781.030997716617,True,0.5,0.0
2019-01-26 00:00:00+00:00,25.793802756853562,1.0352930678449344,0.982,1.0645517373012083,0.03735174212097958,0.7467374981030224,0,11,5546.636582822956,True,0.5,0.0
2019-01-26 01:00:00+00:00,24.490456417079407,1.0364377206598687,0.982,1.066165109686723,0.03845806622719295,0.7499346635269566,0,12,5384.779840487137,True,0.5,0.0
2019-01-26 02:00:00+00:00,23.80041836917801,1.0369011276362328,0.982,1.0669062311333068,0.03890003570077049,0.7374077878092553,0,12,5316.693210224027,True,0.5,0.0
2019-01-26 03:00:00+00:00,23.566166278873823,1.0371375455316796,0.982,1.06728088912337,0.03912664340095993,0.7134807272347984,0,12,5294.636610330312,True,0.5,0.0
2019-01-26 04:00:00+00:00,22.727348653090726,1.0374928587345267,0.982,1.0672436537595855,0.03946938012016325,0.693586549509649,0,12,5259.760229446494,True,0.5,0.0
2019-01-26 05:00:00+00:00,23.210071664288563,1.037044498059795,0.982,1.0664626881993529,0.039042135168196566,0.7050023749331236,0,12,5316.996202815463,True,0.5,0.0
2019-01-26 06:00:00+00:00,25.917643402054136,1.0345515558460305,0.982,1.0636,0.03663229870713525,0.7339853414800752,0,11,5632.712372836828,True,0.5,0.0
2019-01-26 07:00:00+00:00,28.559687060978472,1.0318181768368146,0.982,1.0635999999999999,0.034016484617520514,0.746190990640157,0,9,5989.677339712496,True,0.5,0.0
2019-01-26 08:00:00+00:00,30.11229913017197,1.0299284289668786,0.982,1.0636,0.03219812057517562,0.7694282115457395,0,9,6336.501999428276,True,0.5,0.0
2019-01-26 09:00:00+00:00,30.279983176989145,1.029388469362892,0.982,1.0635999999999999,0.03168151305963435,0.8841624679100534,0,8,6511.486532160898,True,0.5,0.0
2019-01-26 10:00:00+00:00,31.549222685946575,1.0292535949907091,0.982,1.0635999999999999,0.03155124251580482,1.0491185595639634,2,9,6549.743121509126,True,0.5,0.0
2019-01-26 11:00:00+00:00,34.18146500352948,1.029381769057641,0.982,1.0635999999999997,0.03169538193945027,1.3202015665098337,2,9,6481.036605510942,True,0.5,0.0
2019-01-26 12:00:00+00:00,35.01853785461119,1.0306471832223754,0.982,1.0635999999999999,0.03292458174137485,1.4501132981748859,2,9,6257.293059731652,True,0.5,0.0
2019-01-26 13:00:00+00:00,31.357201835375925,1.0319428689770274,0.982,1.0636,0.0341742327445217,1.2577100613311962,2,9,6141.010271467161,True,0.5,0.0
2019-01-26 14:00:00+00:00,27.566843143466564,1.032477654228762,0.982,1.0635999999999999,0.034677210720483284,0.9373180790012615,0,9,6075.061995971532,True,0.5,0.0
2019-01-26 15:00:00+00:00,29.22353241951978,1.0312967521088001,0.982,1.0636000000000003,0.03350483055560449,0.8138480489800578,0,9,6083.126537253896,True,0.5,0.0
2019-01-26 16:00:00+00:00,33.707323045026385,1.02826535065963,0.982,1.0635999999999999,0.030699152851628424,0.8582393699843001,0,8,6399.25555818988,True,0.5,0.0
2019-01-26 17:00:00+00:00,35.13851199045195,1.027555967703073,0.982,1.0636000000000003,0.03017619846617258,0.907604521310629,0,8,6470.152097899268,True,0.5,0.0
2019-01-26 18:00:00+00:00,33.525427193154435,1.0291942688831976,0.982,1.0636,0.03146729216658368,0.942348136337871,0,8,6249.663422033936,True,0.5,0.0
2019-01-26 19:00:00+00:00,31.13413153495187,1.0318308902446234,0.982,1.0636000000000003,0.033996531130592866,0.9837986174690172,0,9,5884.952950442166,True,0.5,0.0
2019-01-26 20:00:00+00:00,30.84522036612679,1.032867819935177,0.982,1.0636,0.035016119337620194,1.0307263480105433,1,9,5705.88585326524,True,0.5,0.0
2019-01-26 21:00:00+00:00,29.87341131146365,1.033709811670447,0.982,1.0636,0.035812867715227396,1.0260194848908128,2,10,5597.733857002875,True,0.5,0.0
2019-01-26 22:00:00+00:00,28.29328313530384,1.0359168375682337,0.982,1.0649721591848529,0.03793957887752048,1.0462191934375662,2,11,5277.092564941018,True,0.5,0.0
2019-01-26 23:00:00+00:00,27.64050602919268,1.0375246559880156,0.982,1.0666294183476097,0.03948110094819474,1.0779868891110367,2,12,5037.638633165816,True,0.5,0.0
2019-01-27 00:00:00+00:00,26.351568875939627,1.0388632112208736,0.982,1.0683802017281705,0.04077414816293244,1.0735469333462833,2,16,4835.790405093861,True,0.5,0.0
2019-01-27 01:00:00+00:00,25.917032161234008,1.0398403380780599,0.982,1.0696617393209369,0.04172238936011102,1.088862601421845,2,16,4675.379761716793,True,0.5,0.0
2019-01-27 02:00:00+00:00,26.32135023195177,1.0398746358536453,0.982,1.0699445287542346,0.04175668713569651,1.111595298454855,2,16,4636.976426228604,True,0.5,0.0
2019-01-27 03:00:00+00:00,26.84379257466606,1.0396064688833486,0.982,1.0697588299091936,0.041488520165399605,1.1274657649757374,2,16,4660.772718736344,True,0.5,0.0
2019-01-27 04:00:00+00:00,26.186698809400703,1.0400087592905425,0.982,1.069889184739048,0.04189081057259368,1.118334151702914,2,16,4604.701755856026,True,0.5,0.0
2019-01-27 05:00:00+00:00,25.680275191947562,1.0406506778543683,0.982,1.0703300419255508,0.04253272913641939,1.1141276565308857,2,16,4525.356760773611,True,0.5,0.0
2019-01-27 06:00:00+00:00,25.840547843513697,1.039450735996067,0.982,1.0688037701760305,0.04133278727811803,1.0868591267283465,2,16,4741.499926754066,True,0.5,0.0
2019-01-27 07:00:00+00:00,26.348805292366603,1.0382887988542886,0.982,1.0668291664073442,0.040207089804325705,1.1069479031043306,2,15,4983.68198818801,True,0.5,0.0
2019-01-27 08:00:00+00:00,31.900273672762562,1.0358105156840725,0.982,1.0635999999999999,0.03783544122660349,1.3018161572489302,2,11,5342.657162058032,True,0.5,0.0
2019-01-27 09:00:00+00:00,44.41244886693469,1.0324379785960662,0.982,1.0635999999999997,0.034591760370574993,1.794608539353598,2,8,5544.86642463737,True,0.5,0.0
2019-01-27 10:00:00+00:00,64.35543397260318,1.0266314744563958,0.982,1.0636000000000003,0.02897411965169887,2.355912771291809,2,5,5795.259393811975,True,0.5,0.0
2019-01-27 11:00:00+00:00,82.8992163644374,1.0222495387586348,0.982,1.0636000000000003,0.025140195341739557,2.7574899170118785,2,4,5801.537850908197,True,0.5,0.0
2019-01-27 12:00:00+00:00,76.55441093684416,1.0254671690423804,0.982,1.0635999999999999,0.027859360214564057,2.763545440631102,2,5,5573.918758295293,True,0.5,0.0
2019-01-27 13:00:00+00:00,61.072328812822654,1.029429351154787,0.982,1.0636,0.031700725835808866,2.403320333845891,2,8,5453.624250200723,True,0.5,0.0
2019-01-27 14:00:00+00:00,29.01881291730765,1.0366293035800653,0.982,1.0637485699002547,0.038684333909653014,1.3832067112954296,2,11,5391.1202246675,True,0.5,0.0
2019-01-27 15:00:00+00:00,22.866849196637588,1.0365761414871848,0.982,1.0652029991994927,0.03860778290742211,0.8261570943692587,0,11,5448.527209740117,True,0.5,0.0
2019-01-27 16:00:00+00:00,27.320912874976536,1.0330931628607738,0.982,1.0636,0.03522159550084871,0.7828290735189156,0,9,5818.1707869959,True,0.5,0.0
2019-01-27 17:00:00+00:00,29.394984932634074,1.0317758299518198,0.982,1.0636,0.03394523296562079,0.8209116422330408,0,9,5989.86198742487,True,0.5,0.0
2019-01-27 18:00:00+00:00,28.994887768995916,1.032257627657304,0.982,1.0635999999999999,0.034415903313274335,0.8324446169824232,0,9,5910.881278815572,True,0.5,0.0
2019-01-27 19:00:00+00:00,27.30875555471514,1.0337939087273444,0.982,1.0636000000000003,0.0359012913631579,0.820595945368573,0,10,5703.062267279053,True,0.5,0.0
2019-01-27 20:00:00+00:00,26.41734402096662,1.0350764241591208,0.982,1.0643820961127435,0.03714238965811169,0.8110592019597668,0,11,5551.250948446178,True,0.5,0.0
2019-01-27 21:00:00+00:00,26.565240972465865,1.0349583818204446,0.982,1.064118528359406,0.03701827431571936,0.7928241684840442,0,11,5583.859079042717,True,0.5,0.0
2019-01-27 22:00:00+00:00,24.37026746393581,1.0372788640842496,0.982,1.066997939448817,0.039249951239825144,0.7667860709818937,0,12,5297.860231950144,True,0.5,0.0
2019-01-27 23:00:00+00:00,22.36658974722132,1.0391127769856778,0.982,1.0689955118763512,0.04102288172611249,0.7523634513102132,0,16,5060.606587293268,True,0.5,0.0
2019-01-28 00:00:00+00:00,20.97818942903985,1.0401759847327945,0.982,1.0703154906466623,0.04205803601484575,0.7613086000787456,0,16,4891.777927769066,True,0.5,0.0
2019-01-28 01:00:00+00:00,20.610714439246635,1.0404245639480711,0.982,1.0707766051997882,0.04230661523012214,0.7626037022781713,0,16,4844.536372156419,True,0.5,0.0
2019-01-28 02:00:00+00:00,20.886759065917165,1.0399494726668423,0.982,1.0704210622091779,0.041833482576543436,0.7463346394112014,0,16,4909.258525355261,True,0.5,0.0
2019-01-28 03:00:00+00:00,21.987990795030775,1.03873516279695,0.982,1.0690986597027232,0.0406666284201765,0.7095122420022082,0,16,5088.689719674907,True,0.5,0.0
2019-01-28 04:00:00+00:00,24.69850917711529,1.0363617980754916,0.982,1.0656006312854178,0.03837098317717088,0.7221490973044415,0,12,5441.352542365178,True,0.5,0.0
2019-01-28 05:00:00+00:00,33.878721501110306,1.0293201519433883,0.982,1.0635999999999999,0.0315874278397484,0.8192651207034994,0,8,6322.84726719303,True,0.5,0.0
2019-01-28 06:00:00+00:00,42.813401602334494,1.0229186017849417,0.982,1.0636000000000003,0.02716338126092768,0.8976023334112462,0,2,7070.292555683354,True,0.5,0.0
2019-01-28 07:00:00+00:00,43.34022173191772,1.0219474139082516,0.982,1.0636,0.026666075240925187,0.8688030881367529,0,2,7315.202315422909,True,0.5,0.0
2019-01-28 08:00:00+00:00,42.685261971285854,1.0227387428893648,0.982,1.0636000000000003,0.0268589990302567,1.1183979289359713,2,1,7411.082079186035,True,0.5,0.0
2019-01-28 09:00:00+00:00,57.05473675416096,1.0196774850180135,0.982,1.0635999999999999,0.025044887413895062,1.890111176416006,2,1,7490.047797357064,True,0.5,0.0
2019-01-28 10:00:00+00:00,83.7185896209978,1.0131623591217642,0.9743071714147644,1.0636000000000005,0.022808255174929536,2.582590944823641,2,1,7539.235108342226,True,0.5,0.0
2019-01-28 11:00:00+00:00,97.1466158435928,1.0094508113912173,0.9676284474928742,1.0636,0.02258091048345262,2.818916879541282,2,1,7574.551373764265,True,0.5,0.0
2019-01-28 12:00:00+00:00,75.9348242334115,1.0147014836483699,0.9760167456311485,1.0636,0.023289255479748458,2.3585037119563603,2,1,7584.409820514235,True,0.5,0.0
2019-01-28 13:00:00+00:00,55.65325899067699,1.0198702683439773,0.982,1.0636000000000003,0.0252844967717347,1.7242797053407222,2,1,7498.713146443426,True,0.5,0.0
2019-01-28 14:00:00+00:00,45.2712071036292,1.0219739155837482,0.982,1.0636,0.026574802802737486,1.1690475297749308,1,1,7414.439629850627,True,0.5,0.0
2019-01-28 15:00:00+00:00,45.76847783285867,1.0211724573349912,0.982,1.0636000000000003,0.026422800066554366,0.9793097463430103,0,1,7337.7872166166635,True,0.5,0.0
2019-01-28 16:00:00+00:00,49.3940675128322,1.0186631511848634,0.9785305385174217,1.0636,0.025504313837948173,0.960694299978144,0,1,7527.815623028888,True,0.5,0.0
2019-01-28 17:00:00+00:00,48.82758664151072,1.018800208984784,0.9790300379416657,1.0635999999999999,0.02552954794471174,0.9493263074257476,0,1,7505.602922192318,True,0.5,0.0
2019-01-28 18:00:00+00:00,46.440041251456854,1.0204138033659909,0.9818224383809534,1.0635999999999997,0.026252758240795905,0.940007126264481,0,2,7326.391452040586,True,0.5,0.0
2019-01-28 19:00:00+00:00,41.33617097552883,1.0240232535248184,0.982,1.0635999999999999,0.027818114807114658,0.8971098705009929,0,5,6924.99825680349,True,0.5,0.0
2019-01-28 20:00:00+00:00,37.51271167139197,1.0270867889993491,0.982,1.0636,0.02986482053406253,0.8584087605108949,0,8,6576.246438288479,True,0.5,0.0
2019-01-28 21:00:00+00:00,34.353745333258644,1.0291817624571895,0.982,1.0635999999999999,0.03148027590122442,0.8254395819689834,0,8,6334.022221349211,True,0.5,0.0
2019-01-28 22:00:00+00:00,30.149228297150913,1.0326470858122252,0.982,1.0636,0.034796060152566026,0.7878486874146282,0,9,5920.652640601613,True,0.5,0.0
2019-01-28 23:00:00+00:00,27.338568844356438,1.0350081562517144,0.982,1.0644238856528196,0.03705974547953538,0.7653878864186728,0,11,5617.464293288672,True,0.5,0.0
2019-01-29 00:00:00+00:00,25.59347362390043,1.0362791666256383,0.982,1.066213416008356,0.03828610098421435,0.7474293691308799,0,12,5430.066234439737,True,0.5,0.0
2019-01-29 01:00:00+00:00,24.59657079386896,1.0369581442712716,0.982,1.0672805521732633,0.03893782746113598,0.7380911529414591,0,12,5332.653351382165,True,0.5,0.0
2019-01-29 02:00:00+00:00,24.68745773203407,1.0368616209997428,0.982,1.0671518791974315,0.03884256405232024,0.7398294364271085,0,12,5348.174063586656,True,0.5,0.0
2019-01-29 03:00:00+00:00,25.671259693318156,1.035957434425953,0.982,1.0661824319386064,0.03796365052251679,0.7540655399113386,0,12,5472.028402513012,True,0.5,0.0
2019-01-29 04:00:00+00:00,28.521668764554605,1.033526452772956,0.982,1.0636,0.035629753872018416,0.7736199264452942,0,10,5799.574610272942,True,0.5,0.0
2019-01-29 05:00:00+00:00,37.08541684471753,1.0269857406616973,0.982,1.0635999999999997,0.029744356295965994,0.8391215657386257,0,8,6585.873041364986,True,0.5,0.0
2019-01-29 06:00:00+00:00,45.41924050769585,1.021588365314948,0.982,1.0636,0.0265686760128067,0.8950785344064344,0,2,7197.170489611385,True,0.5,0.0
2019-01-29 07:00:00+00:00,45.06499794493427,1.0210546688052267,0.982,1.0636,0.026292148861067472,0.8594862414111831,0,2,7388.210290593011,True,0.5,0.0
2019-01-29 08:00:00+00:00,39.8592092610582,1.0228393247666172,0.982,1.0636,0.02706623071933701,0.7782959901342994,0,2,7472.876573029691,True,0.5,0.0
2019-01-29 09:00:00+00:00,49.04677625725759,1.0218844917832923,0.982,1.0635999999999999,0.026302786602634614,1.7189241585310007,2,1,7457.78100163645,True,0.5,0.0
2019-01-29 10:00:00+00:00,94.1027366188848,1.010278194648414,0.9679111206282324,1.0636000000000005,0.023204717688553436,2.88872176460409,4,1,7492.363981406641,True,0.5,0.0
2019-01-29 11:00:00+00:00,138.38873385766982,0.9989376947525588,0.9466125747672991,1.0635999999999999,0.027908694060174585,3.5142017345378362,6,4,7395.642414560515,True,0.5,0.0
2019-01-29 12:00:00+00:00,140.33858830648097,0.9988178926130038,0.9459645994866036,1.0635999999999999,0.02803760737615164,3.53429872301186,6,4,7342.8212896729965,True,0.5,0.0
2019-01-29 13:00:00+00:00,85.0502256528941,1.0141994822066904,0.9748705748346367,1.0636,0.02333893384061908,2.755948415725345,3,1,7248.9826189943815,True,0.5,0.0
2019-01-29 14:00:00+00:00,41.267443866257985,1.025076581709456,0.982,1.0636000000000005,0.028126585189809525,1.5005375411326551,2,5,7176.561347669742,True,0.5,0.0
2019-01-29 15:00:00+00:00,37.456150430865726,1.0253963423151393,0.982,1.0635999999999999,0.028439477174007625,0.7013083683387891,0,4,7040.78825911521,True,0.5,0.0
2019-01-29 16:00:00+00:00,46.618527156726216,1.0201932148078279,0.982,1.0635999999999997,0.025867010751264574,0.7946695749212311,0,2,7284.8269237178765,True,0.5,0.0
2019-01-29 17:00:00+00:00,47.6119845447685,1.019046350397774,0.9805261156452427,1.0636,0.025552432739676372,0.8007587902009473,0,1,7400.772099566505,True,0.5,0.0
2019-01-29 18:00:00+00:00,46.57826798740243,1.0206911048664717,0.982,1.0636000000000003,0.0261256353251704,0.8791636741927067,0,2,7286.614237324406,True,0.5,0.0
2019-01-29 19:00:00+00:00,41.82454873020586,1.0239017438498224,0.982,1.0636,0.027583874027232752,0.8656321944317408,0,2,6949.031447257639,True,0.5,0.0
2019-01-29 20:00:00+00:00,37.050657640045245,1.0276881976023495,0.982,1.0635999999999997,0.0302253307577465,0.8260623902309024,0,8,6538.37748226461,True,0.5,0.0
2019-01-29 21:00:00+00:00,33.79314926711978,1.0300183769729796,0.982,1.0636000000000005,0.03224953414154659,0.7930083454366965,0,8,6273.885538971682,True,0.5,0.0
2019-01-29 22:00:00+00:00,29.630763270191384,1.033208456397936,0.982,1.0636,0.035324539019832076,0.7588284349424366,0,9,5882.828284167834,True,0.5,0.0
2019-01-29 23:00:00+00:00,26.82821953178022,1.0350974150615782,0.982,1.0638897053711203,0.03714650457588475,0.7308476123283391,0,11,5638.438793851141,True,0.5,0.0
2019-01-30 00:00:00+00:00,25.002535949439306,1.036370631675034,0.982,1.0652754111525138,0.03837762122350102,0.7100249109253812,0,12,5476.417177942051,True,0.5,0.0
2019-01-30 01:00:00+00:00,24.152000321588663,1.0369245704718424,0.982,1.066210574557695,0.038908044758444005,0.7065287989196402,0,12,5390.475398249795,True,0.5,0.0
2019-01-30 02:00:00+00:00,24.07542953113589,1.0368211589556138,0.982,1.0661538484005646,0.038811304831259864,0.7076490220630235,0,12,5392.620929943666,True,0.5,0.0
2019-01-30 03:00:00+00:00,25.199453987729516,1.036015428401116,0.982,1.065268045220227,0.03803761599065114,0.7235589144218545,0,11,5495.977154489933,True,0.5,0.0
2019-01-30 04:00:00+00:00,28.397714214223196,1.0333802636360654,0.982,1.0635999999999994,0.03550155687829527,0.7563558857368389,0,9,5839.473203073154,True,0.5,0.0
2019-01-30 05:00:00+00:00,36.85995002911336,1.0272765792315481,0.982,1.0635999999999999,0.029937514132623775,0.8379578694253426,0,8,6587.129967707739,True,0.5,0.0
2019-01-30 06:00:00+00:00,43.92141864832191,1.0227880267789646,0.982,1.0636,0.026977077864086905,0.9048001542064078,0,2,7136.838238445747,True,0.5,0.0
2019-01-30 07:00:00+00:00,42.413690639449456,1.0230243690064553,0.982,1.0636000000000003,0.027038056898115493,0.8558152446936299,0,2,7306.85071702521,True,0.5,0.0
2019-01-30 08:00:00+00:00,45.59293929303182,1.023801314050623,0.982,1.0636000000000005,0.027218009934637966,1.381907667854687,2,3,7301.431643724114,True,0.5,0.0
2019-01-30 09:00:00+00:00,73.39362195924201,1.0167451205239035,0.9809546274112373,1.0636,0.0233708110090166,2.3746741246296375,2,1,7422.05472411251,True,0.5,0.0
2019-01-30 10:00:00+00:00,139.57232246156406,0.9989648129058722,0.9490891259171389,1.0635999999999999,0.02737939469167325,3.4331066060135753,4,2,7506.974190869305,True,0.5,0.0
2019-01-30 11:00:00+00:00,207.72006723379116,0.9796006978684073,0.9117955602115764,1.0635999999999999,0.04081696570370114,4.040148649984321,8,13,7502.3331711115825,True,0.5,0.0
2019-01-30 12:00:00+00:00,134.65502202108905,0.999774046572462,0.9492799458470881,1.0636,0.027049063530352645,3.3562191028582125,3,2,7543.44987191696,True,0.5,0.0
2019-01-30 13:00:00+00:00,67.55281659458711,1.017715622290692,0.98158749767148,1.0636,0.024056118053616668,2.2204436023860685,2,1,7410.37299849605,True,0.5,0.0
2019-01-30 14:00:00+00:00,43.46946042294886,1.0237039101448426,0.982,1.0636000000000003,0.027337235368746358,1.1910347394074399,2,3,7273.129254299392,True,0.5,0.0
2019-01-30 15:00:00+00:00,42.42957158738864,1.0231620676860889,0.982,1.0636000000000003,0.027176461821080508,0.8728473742112165,0,2,7177.540949760606,True,0.5,0.0
2019-01-30 16:00:00+00:00,47.120651432186904,1.0202806135534839,0.982,1.0636,0.026027910239442297,0.9413464560011439,0,1,7393.502460920533,True,0.5,0.0
2019-01-30 17:00:00+00:00,47.92140386735476,1.0197286825661878,0.9807507882300885,1.0636000000000003,0.02588487496312106,0.9524430160139274,0,1,7447.474778722834,True,0.5,0.0
2019-01-30 18:00:00+00:00,46.12159230608656,1.0208825225947342,0.982,1.0636000000000003,0.026437433016946017,0.9456807912062501,0,2,7310.1099177085825,True,0.5,0.0
2019-01-30 19:00:00+00:00,41.19500034900732,1.024534513534894,0.982,1.0635999999999999,0.02810705440498606,0.8951222213005559,0,6,6903.627794261117,True,0.5,0.0
2019-01-30 20:00:00+00:00,37.52805197826983,1.027225302776372,0.982,1.0636,0.02994400806398768,0.8512983297793488,0,8,6583.787767356418,True,0.5,0.0
2019-01-30 21:00:00+00:00,34.23639929657561,1.0293708560209376,0.982,1.0636000000000003,0.031633167704498574,0.8070654060393039,0,8,6331.906293466975,True,0.5,0.0
2019-01-30 22:00:00+00:00,29.909788798682232,1.0326736255519477,0.982,1.0635999999999999,0.03482042550980678,0.7591636808753927,0,9,5927.219131272459,True,0.5,0.0
2019-01-30 23:00:00+00:00,27.099138514591715,1.0348548809732896,0.982,1.0636000000000003,0.036906862000024875,0.7265039608886876,0,11,5659.962004793791,True,0.5,0.0
2019-01-31 00:00:00+00:00,25.34981483460851,1.03623595729255,0.982,1.0652994669481082,0.03823959175024908,0.6969360332243327,0,12,5471.084201168168,True,0.5,0.0
